P [s], Pdot, binary, age [yr], B [gauss], Edot [erg/s], crab, vela, F0 [1/s], F1 [1/s²], F2 [1/s³]
0.69374767047, 2.097e-15, 0, 5240000.0, 1.22e+12, 2.5e+32, 0, 0, 1.441446281600, -4.360000000e-15, 0
0.3158731909, 3.6039e-13, 0, 13900.0, 1.08e+13, 4.5e+35, 0, 0, 3.165827392000, -3.612000000e-12, 4.1000000e-23
1.240699038946, 5.6446e-16, 0, 34800000.0, 8.47e+11, 1.2e+31, 0, 0, 0.805997239145, -3.666900000e-16, 7.3000000e-28
0.00353632915276, 9.8509e-20, 1, 569000000.0, 5.97e+08, 8.8e+34, 0, 0, 282.779107035170, -7.877200000e-15, 0
0.00262357935251, 6.45e-20, 0, 644000000.0, 4.16e+08, 1.4e+35, 0, 0, 381.158663656550, -9.370700000e-15, 0
0.00264334329724, 3.0353e-20, 1, 1380000000.0, 2.87e+08, 6.5e+34, 0, 0, 378.308788360370, -4.344000000e-15, 0
0.00403318118457, 3.4013e-20, 1, 1880000000.0, 3.75e+08, 2.0e+34, 0, 0, 247.943237419080, -2.091000000e-15, 0
0.00758847980736, 2.9374e-19, 1, 409000000.0, 1.51e+09, 2.7e+34, 0, 0, 131.778699474120, -5.101000000e-15, 0
0.00434282669639, 9.5229e-20, 1, 723000000.0, 6.51e+08, 4.6e+34, 0, 0, 230.264772211920, -5.049200000e-15, 0
0.318357731235, 1.5006e-16, 0, 33600000.0, 2.21e+11, 1.8e+32, 0, 0, 3.141120512829, -1.480600000e-15, 0
0.00486545320737, 1.01736e-20, 0, 7580000000.0, 2.25e+08, 3.5e+33, 0, 0, 205.530699274922, -4.297600000e-16, 0
0.00187718188458, 4.966e-21, 1, 5990000000.0, 9.77e+07, 3.0e+34, 0, 0, 532.713429749020, -1.409300000e-15, -3.5000000e-26
0.9429509945598, 4.0821e-16, 0, 36600000.0, 6.28e+11, 1.9e+31, 0, 0, 1.060500498721, -4.590980000e-16, 2.1000000e-28
1.1182253452412, 2.878973e-15, 0, 6150000.0, 1.82e+12, 8.1e+31, 0, 0, 0.894274132004, -2.302390000e-15, -1.2000000e-28
0.63233580002, 2.49e-15, 0, 4020000.0, 1.27e+12, 3.9e+32, 0, 0, 1.581438216800, -6.230000000e-15, 0
0.92627590497, 4.4632e-15, 1, 3290000.0, 2.06e+12, 2.2e+32, 0, 0, 1.079591938680, -5.201900000e-15, 8.2000000e-25
1.217094296058, 2.35454e-15, 0, 8190000.0, 1.71e+12, 5.2e+31, 0, 0, 0.821629025162, -1.589490000e-15, -1.0000000e-27
0.3547317989, 7e-18, 0, 803000000.0, 5.04e+10, 6.2e+30, 0, 0, 2.819031175390, -5.600000000e-17, 0
2.115171148865, 9.53764e-15, 0, 3510000.0, 4.55e+12, 4.0e+31, 0, 0, 0.472774981134, -2.131817000e-15, 7.8000000e-28
0.472036662076, 3.32849e-15, 0, 2250000.0, 1.27e+12, 1.2e+33, 0, 0, 2.118479517250, -1.493810000e-14, -2.7000000e-26
0.7380624426, 1e-16, 0, 117000000.0, 2.75e+11, 9.8e+30, 0, 0, 1.354898911400, -1.800000000e-16, 0
8.020392, 1.88e-11, 0, 6760.0, 3.93e+14, 1.4e+33, 0, 0, 0.124682190000, -2.920000000e-13, 0
0.00257315197217, 5.16e-21, 1, 7900000000.0, 1.17e+08, 1.2e+34, 0, 0, 388.628425688100, -7.790000000e-16, 0
1.679164229064, 5.95492e-15, 0, 4470000.0, 3.20e+12, 5.0e+31, 0, 0, 0.595534363281, -2.111980000e-15, -2.8700000e-26
0.083157305005, 4.2792e-16, 0, 3080000.0, 1.91e+11, 2.9e+34, 0, 0, 12.025401736380, -6.188100000e-14, 0
0.807564614019, 7.704e-17, 0, 166000000.0, 2.52e+11, 5.8e+30, 0, 0, 1.238291008100, -1.181300000e-16, -8.9000000e-27
1.2836598429, 1.3051e-14, 0, 1560000.0, 4.14e+12, 2.4e+32, 0, 0, 0.779022577900, -7.920300000e-15, 3.1000000e-25
1.071118109859, 4.809e-17, 0, 353000000.0, 2.30e+11, 1.5e+30, 0, 0, 0.933603858245, -4.192000000e-17, -7.8000000e-28
0.68854151164, 7.092e-15, 0, 1540000.0, 2.24e+12, 8.6e+32, 0, 0, 1.452345258920, -1.495900000e-14, 0
0.32588301613, 4.859e-15, 0, 1060000.0, 1.27e+12, 5.5e+33, 0, 0, 3.068585813020, -4.575300000e-14, 0
0.1014390664824, 5.849955e-15, 0, 275000.0, 7.80e+11, 2.2e+35, 0, 0, 9.858134885080, -5.685151000e-13, -3.3800000e-24
0.348124045581, 1.7614e-15, 0, 3130000.0, 7.92e+11, 1.6e+33, 0, 0, 2.872539293660, -1.453400000e-14, 0
0.463473741703, 1.2e-16, 0, 61200000.0, 2.39e+11, 4.8e+31, 0, 0, 2.157619537033, -5.586000000e-16, 0
0.1369615841351, 7.83718e-17, 0, 27700000.0, 1.05e+11, 1.2e+33, 0, 0, 7.301317419150, -4.177940000e-15, -4.7000000e-28
0.4147630265082, 1.223e-17, 0, 537000000.0, 7.21e+10, 6.8e+30, 0, 0, 2.411015293284, -7.109000000e-17, 0
1.77534382596, 7.9096e-14, 0, 356000.0, 1.20e+13, 5.6e+32, 0, 0, 0.563271173380, -2.509510000e-14, 0
0.27245063095, 1.071167e-14, 0, 403000.0, 1.73e+12, 2.1e+34, 0, 0, 3.670389738180, -1.443051000e-13, 1.6000000e-26
1.2229485205457, 3.9107e-16, 0, 49500000.0, 7.00e+11, 8.4e+30, 0, 0, 0.817695907227, -2.614800000e-16, 2.7000000e-28
8.6889941, 1.99e-12, 0, 69100.0, 1.33e+14, 1.2e+32, 0, 0, 0.115088121000, -2.640000000e-14, 0
0.19632137543003, 2.56763e-16, 0, 12100000.0, 2.27e+11, 1.3e+33, 0, 0, 5.093688844679, -6.661900000e-15, 3.3900000e-26
1.464664549334, 4.4259e-16, 0, 52400000.0, 8.15e+11, 5.6e+30, 0, 0, 0.682750190448, -2.063130000e-16, 5.4000000e-27
2.74664729014, 1.7e-15, 0, 25600000.0, 2.19e+12, 3.2e+30, 0, 0, 0.364080238329, -2.253000000e-16, 0
0.8327416126878, 1.299202e-15, 0, 10200000.0, 1.05e+12, 8.9e+31, 0, 0, 1.200852683190, -1.873510000e-15, -4.9800000e-27
1.81156061131, 1.516e-16, 0, 189000000.0, 5.30e+11, 1.0e+30, 0, 0, 0.552010235680, -4.620000000e-17, 1.3000000e-27
2.35174493646, 1.889254e-13, 0, 197000.0, 2.13e+13, 5.7e+32, 0, 0, 0.425216180759, -3.415937000e-14, -2.1900000e-26
1.349184471846, 5.5144e-15, 0, 3880000.0, 2.76e+12, 8.9e+31, 0, 0, 0.741188488948, -3.029400000e-15, 0
0.06571592849324, 1.93754256e-13, 0, 5370.0, 3.61e+12, 2.7e+37, 0, 0, 15.217010897180, -4.486523580e-11, 5.8515300e-21
0.630550140847, 1.1994e-15, 0, 8330000.0, 8.80e+11, 1.9e+32, 0, 0, 1.585916702289, -3.016600000e-15, 0
1.0773327013, 2.9e-16, 0, 58900000.0, 5.66e+11, 9.2e+30, 0, 0, 0.928218366300, -2.500000000e-16, 0
0.376386292, 6.6e-15, 0, 904000.0, 1.59e+12, 4.9e+33, 0, 0, 2.656844899000, -4.700000000e-14, 0
0.02457529479071, 2.99e-19, 1, 1300000000.0, 2.74e+09, 8.0e+32, 0, 0, 40.691271804300, -4.950000000e-16, 0
0.548879819155, 6.6212e-16, 0, 13100000.0, 6.10e+11, 1.6e+32, 0, 0, 1.821892452777, -2.197760000e-15, 3.2000000e-26
0.00232309046783, 7.7389e-20, 1, 476000000.0, 4.29e+08, 2.4e+35, 0, 0, 430.461066345700, -1.434000000e-14, 2.8000000e-26
1.466820306152, 3.10998e-15, 0, 7470000.0, 2.16e+12, 3.9e+31, 0, 0, 0.681746765985, -1.445450000e-15, 1.9000000e-28
0.217094, 5.509e-14, 0, 62400.0, 3.50e+12, 2.1e+35, 0, 0, 4.606300000000, -1.169000000e-12, 0
0.447708444058, 3.06e-17, 0, 232000000.0, 1.18e+11, 1.3e+31, 0, 0, 2.233596469470, -1.527000000e-16, 0
1.387584446262, 1.295235e-15, 0, 17000000.0, 1.36e+12, 1.9e+31, 0, 0, 0.720676858762, -6.727130000e-16, -2.4500000e-27
3.032071956385, 6.3562e-16, 0, 75600000.0, 1.40e+12, 9.0e+29, 0, 0, 0.329807476335, -6.913800000e-17, 6.7000000e-29
0.336620230291, 3.81e-16, 0, 14000000.0, 3.62e+11, 3.9e+32, 0, 0, 2.970706778780, -3.360000000e-15, 0
0.893319660649, 2.1525e-16, 0, 65800000.0, 4.44e+11, 1.2e+31, 0, 0, 1.119420118072, -2.697300000e-16, 0
0.714519699726, 2.048265e-15, 0, 5530000.0, 1.22e+12, 2.2e+32, 0, 0, 1.399541538720, -4.011970000e-15, 5.3000000e-28
0.26920054092953, 7.3505e-18, 0, 580000000.0, 4.50e+10, 1.5e+31, 0, 0, 3.714702788290, -1.014290000e-16, -3.7000000e-28
0.00273258863244, 1.7666e-20, 1, 2450000000.0, 2.22e+08, 3.4e+34, 0, 0, 365.953363096000, -2.365800000e-15, 0
2.59702715738, 5.7e-17, 0, 722000000.0, 3.89e+11, 1.3e+29, 0, 0, 0.385055657642, -8.500000000e-18, 0
1.934478067294, 1.342243e-14, 0, 2280000.0, 5.16e+12, 7.3e+31, 0, 0, 0.516935299969, -3.586770000e-15, -1.8000000e-27
0.03912265690178, 2.4075e-19, 1, 2570000000.0, 3.11e+09, 1.6e+32, 0, 0, 25.560636193768, -1.572900000e-16, 0
0.4441044988, 1.3037e-14, 0, 540000.0, 2.43e+12, 5.9e+33, 0, 0, 2.251722292000, -6.610000000e-14, 0
0.1970300980314, 4.76594e-16, 0, 6550000.0, 3.10e+11, 2.5e+33, 0, 0, 5.075366707885, -1.227674000e-14, 1.0300000e-26
0.1563824177774, 4.396862e-15, 0, 564000.0, 8.39e+11, 4.5e+34, 0, 0, 6.394580760500, -1.797906000e-13, 4.1000000e-25
0.545252742352, 1.5382e-15, 0, 5620000.0, 9.27e+11, 3.7e+32, 0, 0, 1.834011867020, -5.174000000e-15, 0
0.5945761650437, 5.57316e-15, 0, 1690000.0, 1.84e+12, 1.0e+33, 0, 0, 1.681870311647, -1.576474000e-14, 5.8000000e-26
0.02570173919463, 7.9e-20, 1, 5150000000.0, 1.44e+09, 1.8e+32, 0, 0, 38.907872826320, -1.200000000e-16, 0
0.3907150899386, 7.6601e-17, 0, 80800000.0, 1.75e+11, 5.1e+31, 0, 0, 2.559409722714, -5.017820000e-16, 1.8000000e-27
0.75711887132, 9.7e-16, 0, 12300000.0, 8.69e+11, 8.9e+31, 0, 0, 1.320796559000, -1.700000000e-15, 0
9.07838822, 4.1e-15, 0, 35100000.0, 6.17e+12, 2.2e+29, 0, 0, 0.110151711500, -4.970000000e-17, 0
3.453004027, 2.759e-14, 0, 1980000.0, 9.88e+12, 2.6e+31, 0, 0, 0.289602905800, -2.314000000e-15, 0
2.161308494552, 1.16338e-15, 0, 29400000.0, 1.60e+12, 4.5e+30, 0, 0, 0.462682676962, -2.490500000e-16, 1.9000000e-27
0.922474730055, 3.93444e-14, 0, 371000.0, 6.10e+12, 2.0e+33, 0, 0, 1.084040535116, -4.623530000e-14, 0
0.00575745193671, 5.729215e-20, 1, 1590000000.0, 5.81e+08, 1.2e+34, 0, 0, 173.687945812184, -1.728361000e-15, 0
0.4504483308563, 1.48347e-16, 0, 48100000.0, 2.62e+11, 6.4e+31, 0, 0, 2.220010446257, -7.311200000e-16, -1.8000000e-28
0.479163971291, 3.371e-15, 0, 2250000.0, 1.29e+12, 1.2e+33, 0, 0, 2.086968261210, -1.468200000e-14, 0
0.4380141493906, 1.02649e-16, 0, 67600000.0, 2.15e+11, 4.8e+31, 0, 0, 2.283031270545, -5.350300000e-16, -9.3000000e-28
0.548939223294, 5.753107e-15, 0, 1510000.0, 1.80e+12, 1.4e+33, 0, 0, 1.821695294426, -1.909211000e-14, 3.4000000e-27
0.04578181687295, 1.8612e-18, 1, 390000000.0, 9.34e+09, 7.7e+32, 0, 0, 21.842732951711, -8.880000000e-16, 0
0.340729436235, 2.37227e-15, 0, 2280000.0, 9.10e+11, 2.4e+33, 0, 0, 2.934879977060, -2.043360000e-14, -1.7900000e-25
0.320422711526, 1.02119e-14, 0, 497000.0, 1.83e+12, 1.2e+34, 0, 0, 3.120877403590, -9.946300000e-14, 0
0.80013207321, 3.67e-14, 0, 345000.0, 5.48e+12, 2.8e+33, 0, 0, 1.249793669670, -5.732000000e-14, 0
2.49701169613, 2.1e-16, 0, 188000000.0, 7.33e+11, 5.3e+29, 0, 0, 0.400478700820, -3.400000000e-17, 0
1.88347965849, 5.3e-16, 0, 56300000.0, 1.01e+12, 3.1e+30, 0, 0, 0.530932200670, -1.500000000e-16, 0
1.133076123659, 1.39825e-15, 0, 12800000.0, 1.27e+12, 3.8e+31, 0, 0, 0.882553236380, -1.089100000e-15, -1.9000000e-27
5.76209653, 5.82e-12, 0, 15700.0, 1.85e+14, 1.2e+33, 0, 0, 0.173547943000, -1.752000000e-13, 6.9000000e-21
0.638565481517, 5.582339e-15, 0, 1810000.0, 1.91e+12, 8.5e+32, 0, 0, 1.566010110074, -1.369006000e-14, 1.1300000e-26
0.69125141818, 2.309e-14, 0, 474000.0, 4.04e+12, 2.8e+33, 0, 0, 1.446651643240, -4.832300000e-14, 0
0.322061827468, 2.06e-16, 0, 24800000.0, 2.61e+11, 2.4e+32, 0, 0, 3.104993869850, -1.990000000e-15, 0
0.00499057511411, 1.17e-21, 1, 67500000000.0, 7.73e+07, 3.7e+32, 0, 0, 200.377707405290, -4.700000000e-17, 0
0.263211634568, 6.968e-16, 0, 5980000.0, 4.33e+11, 1.5e+33, 0, 0, 3.799224155270, -1.005800000e-14, 0
0.2416421756731, 3.0092e-17, 0, 127000000.0, 8.63e+10, 8.4e+31, 0, 0, 4.138350423366, -5.153600000e-16, 4.9000000e-28
0.67453190906, 1.7727e-14, 0, 603000.0, 3.50e+12, 2.3e+33, 0, 0, 1.482509554510, -3.896000000e-14, 0
0.3544375945137, 7.36052e-17, 0, 76300000.0, 1.63e+11, 6.5e+31, 0, 0, 2.821371139741, -5.859070000e-16, -3.3000000e-28
8.047, 6.5e-11, 0, 1960.0, 7.32e+14, 4.9e+33, 0, 0, 0.124270000000, -1.000000000e-12, 0
3.7455392503, 4.0053e-14, 0, 1480000.0, 1.24e+13, 3.0e+31, 0, 0, 0.266984253314, -2.855000000e-15, 2.6000000e-28
0.97572496638, 1.5509e-14, 0, 997000.0, 3.94e+12, 6.6e+32, 0, 0, 1.024878971490, -1.629000000e-14, 0
0.64274275093, 5.354e-15, 0, 1900000.0, 1.88e+12, 8.0e+32, 0, 0, 1.555832405040, -1.296000000e-14, 0
0.96301770198, 1.6e-16, 0, 95400000.0, 3.97e+11, 7.1e+30, 0, 0, 1.038402511130, -1.725000000e-16, 0
0.0333924123, 4.20972e-13, 0, 1260.0, 3.79e+12, 4.5e+38, 1, 0, 29.946923000000, -3.775350000e-10, 1.1147000e-20
1.81756503106, 4.2505e-13, 0, 67800.0, 2.81e+13, 2.8e+33, 0, 0, 0.550186641420, -1.286650000e-13, 0
0.20051133, 1.15e-14, 0, 276000.0, 1.54e+12, 5.6e+34, 0, 0, 4.987249300000, -2.860000000e-13, 0
1.24585559629, 5.65e-16, 0, 34900000.0, 8.49e+11, 1.2e+31, 0, 0, 0.802661241780, -3.640000000e-16, 0
0.0161222220245, 5.1784338e-14, 0, 4930.0, 9.25e+11, 4.9e+38, 0, 0, 62.026189595800, -1.992272000e-10, 6.1000000e-21
0.14315825891177, 3.6694515e-15, 0, 618000.0, 7.33e+11, 4.9e+34, 0, 0, 6.985276348019, -1.790475300e-13, -6.3700000e-25
0.5242708632083, 4.4811e-16, 0, 18500000.0, 4.90e+11, 1.2e+32, 0, 0, 1.907410978135, -1.630320000e-15, 0
0.05049881764574, 4.78924621e-13, 0, 1670.0, 4.98e+12, 1.5e+38, 0, 0, 19.802443831760, -1.878039597e-10, 3.7520270e-21
1.286014595, 8.2e-16, 0, 24800000.0, 1.04e+12, 1.5e+31, 0, 0, 0.777596151600, -5.000000000e-16, 0
0.2459747688901, 1.5422691e-14, 0, 253000.0, 1.97e+12, 4.1e+34, 0, 0, 4.065457626050, -2.549054000e-13, 2.4200000e-25
0.70895418575, 3.94e-15, 0, 2850000.0, 1.69e+12, 4.4e+32, 0, 0, 1.410528381240, -7.840000000e-15, 0
2.84385038524, 7.65e-15, 0, 5890000.0, 4.72e+12, 1.3e+31, 0, 0, 0.351635938793, -9.460000000e-16, 0
0.464960965736, 1.426028e-13, 0, 51700.0, 8.24e+12, 5.6e+34, 0, 0, 2.150718175700, -6.596220000e-13, 1.8000000e-24
0.82783808575, 5.96e-15, 0, 2200000.0, 2.25e+12, 4.1e+32, 0, 0, 1.207965684610, -8.700000000e-15, 0
0.00255636707678, 7.352e-21, 1, 5510000000.0, 1.39e+08, 1.7e+34, 0, 0, 391.180127878370, -1.125000000e-15, 0
2.261364513, 2.78e-15, 0, 12900000.0, 2.54e+12, 9.5e+30, 0, 0, 0.442210883800, -5.440000000e-16, 0
0.3959691695432, 1.302098e-15, 0, 4820000.0, 7.27e+11, 8.3e+32, 0, 0, 2.525449143310, -8.304640000e-15, 2.4200000e-26
0.05569801392951, 2.35e-19, 0, 3760000000.0, 3.66e+09, 5.4e+31, 0, 0, 17.953961540991, -7.580000000e-17, 0
0.0038613247043, 1.235e-20, 1, 4950000000.0, 2.21e+08, 8.5e+33, 0, 0, 258.978479299280, -8.280000000e-16, 0
0.29798232657184, 5.94681e-17, 0, 79400000.0, 1.35e+11, 8.9e+31, 0, 0, 3.355903725917, -6.697350000e-16, -1.6500000e-26
0.00306184408768, 9.5899e-21, 1, 5060000000.0, 1.73e+08, 1.3e+34, 0, 0, 326.600562067686, -1.022930000e-15, 0
0.6191981811, 3.2448e-15, 0, 3020000.0, 1.43e+12, 5.4e+32, 0, 0, 1.614991824150, -8.463000000e-15, 0
0.33495996611, 5.94494e-14, 0, 89300.0, 4.52e+12, 6.2e+34, 0, 0, 2.985431398300, -5.298610000e-13, 6.6800000e-24
0.00314866957944, 1.75e-20, 1, 2840000000.0, 2.38e+08, 2.2e+34, 0, 0, 317.594455299500, -1.770000000e-15, 0
0.2699540683678, 7.24e-18, 0, 591000000.0, 4.47e+10, 1.5e+31, 0, 0, 3.704333874448, -9.930000000e-17, 0
0.02885386073005, 4.732e-20, 1, 9660000000.0, 1.18e+09, 7.8e+31, 0, 0, 34.657407178741, -5.684000000e-17, 0
0.333208231801, 2.54237e-14, 0, 208000.0, 2.95e+12, 2.7e+34, 0, 0, 3.001126336510, -2.289850000e-13, 0
0.613759600022, 8.837e-17, 0, 110000000.0, 2.36e+11, 1.5e+31, 0, 0, 1.629302417370, -2.345900000e-16, 0
1.039076475851, 8.30442e-16, 0, 19800000.0, 9.40e+11, 2.9e+31, 0, 0, 0.962393070424, -7.691560000e-16, -7.3000000e-29
0.346522567131, 1.698e-15, 0, 3230000.0, 7.76e+11, 1.6e+33, 0, 0, 2.885814936320, -1.414000000e-14, 0
0.47587700897, 2.98087e-14, 0, 253000.0, 3.81e+12, 1.1e+34, 0, 0, 2.101383301000, -1.316300000e-13, 0
1.241421391299, 5.479e-16, 0, 35900000.0, 8.35e+11, 1.1e+31, 0, 0, 0.805528249319, -3.555200000e-16, 0
0.476622836038, 1.99573e-15, 0, 3780000.0, 9.87e+11, 7.3e+32, 0, 0, 2.098095022707, -8.785190000e-15, -7.8000000e-27
0.680574832268, 3.7481e-15, 0, 2880000.0, 1.62e+12, 4.7e+32, 0, 0, 1.469346135924, -8.092000000e-15, 0
1.24441859615, 7.1229e-15, 0, 2770000.0, 3.01e+12, 1.5e+32, 0, 0, 0.803588119860, -4.599620000e-15, -1.1800000e-26
0.287800021959, 1.046741e-13, 0, 43600.0, 5.55e+12, 1.7e+35, 0, 0, 3.474634898200, -1.263740000e-12, 1.6600000e-22
0.29739519058, 7.9592e-14, 0, 59200.0, 4.92e+12, 1.2e+35, 0, 0, 3.362529158800, -8.999100000e-13, -2.0000000e-23
0.2370994416923, 1.097087e-14, 0, 342000.0, 1.63e+12, 3.2e+34, 0, 0, 4.217639623538, -1.951552200e-13, 0
3.2532108384, 3.82e-15, 0, 13500000.0, 3.57e+12, 4.4e+30, 0, 0, 0.307388623020, -3.610000000e-16, 0
1.98459736713, 3.1722e-15, 0, 9910000.0, 2.54e+12, 1.6e+31, 0, 0, 0.503880543511, -8.054000000e-16, 0
0.00286895284631, 3.38e-21, 1, 13400000000.0, 9.96e+07, 5.7e+33, 0, 0, 348.559232000000, -4.106000000e-16, 0
0.00885349668613, 4.923e-21, 0, 28500000000.0, 2.11e+08, 2.8e+32, 0, 0, 112.949723194277, -6.281000000e-17, 0
0.9039132, 7.357e-16, 0, 19500000.0, 8.25e+11, 3.9e+31, 0, 0, 1.106300900000, -9.004000000e-16, 0
1.23485362778, 6.421e-15, 0, 3050000.0, 2.85e+12, 1.3e+32, 0, 0, 0.809812578190, -4.211000000e-15, 0
0.924053918109, 1.525e-16, 0, 96000000.0, 3.80e+11, 7.6e+30, 0, 0, 1.082187933412, -1.786000000e-16, 0
1.214440511516, 3.798787e-15, 0, 5070000.0, 2.17e+12, 8.4e+31, 0, 0, 0.823424441558, -2.575683000e-15, 8.2000000e-28
1.22475441462, 2.67e-17, 0, 727000000.0, 1.83e+11, 5.7e+29, 0, 0, 0.816490218825, -1.780000000e-17, 0
0.183156898795, 3.191e-17, 0, 90900000.0, 7.74e+10, 2.1e+32, 0, 0, 5.459799803220, -9.510000000e-16, 0
0.563294925255, 9.15201e-15, 0, 975000.0, 2.30e+12, 2.0e+33, 0, 0, 1.775268966869, -2.884330000e-14, 0
0.384891195054, 5.500309e-14, 0, 111000.0, 4.66e+12, 3.8e+34, 0, 0, 2.598136857510, -3.712882000e-13, 7.6400000e-25
0.19567094516627, 6.853e-19, 1, 4520000000.0, 1.17e+10, 3.6e+30, 0, 0, 5.110620788131, -1.790000000e-17, -5.6000000e-29
0.485268383925, 1.26e-16, 0, 61000000.0, 2.50e+11, 4.4e+31, 0, 0, 2.060715334290, -5.351000000e-16, 0
1.21409049248, 4e-16, 0, 48100000.0, 7.05e+11, 8.8e+30, 0, 0, 0.823661832618, -2.700000000e-16, 0
0.00549096850619, 1.49067e-20, 0, 5840000000.0, 2.90e+08, 3.6e+33, 0, 0, 182.117234668579, -4.944050000e-16, 0
0.974724730631, 7.2819e-15, 0, 2120000.0, 2.70e+12, 3.1e+32, 0, 0, 1.025930674143, -7.664400000e-15, 0
8.391115532, 6.983e-14, 0, 1900000.0, 2.45e+13, 4.7e+30, 0, 0, 0.119173666000, -9.920000000e-16, 0
0.015542394974, 4.4e-20, 1, 5600000000.0, 8.37e+08, 4.6e+32, 0, 0, 64.340148456700, -1.820000000e-16, 0
0.4243114031834, 9.264e-17, 0, 72600000.0, 2.01e+11, 4.8e+31, 0, 0, 2.356759664005, -5.145500000e-16, 1.5000000e-27
3.4423084877, 2.9311e-13, 0, 186000.0, 3.21e+13, 2.8e+32, 0, 0, 0.290502726170, -2.473600000e-14, 0
0.251658714181, 1.132879e-13, 0, 35200.0, 5.40e+12, 2.8e+35, 0, 0, 3.973635497800, -1.788791000e-12, 2.0000000e-23
0.51016034483, 1.895713e-14, 0, 426000.0, 3.15e+12, 5.6e+33, 0, 0, 1.960168033720, -7.283820000e-14, 3.7600000e-25
1.79624970117, 5.704e-15, 0, 4990000.0, 3.24e+12, 3.9e+31, 0, 0, 0.556715471880, -1.768000000e-15, 0
0.15625, 1.22e-14, 0, 203000.0, 1.40e+12, 1.3e+35, 0, 0, 6.400000000000, -5.000000000e-13, 0
0.320366370454, 5.46883e-15, 0, 928000.0, 1.34e+12, 6.6e+33, 0, 0, 3.121426255140, -5.328450000e-14, 6.8000000e-26
0.02269937859962, 1.75993e-18, 1, 204000000.0, 6.40e+09, 5.9e+33, 0, 0, 44.054069392744, -3.415600000e-15, 0
2.77346077007, 8.92e-16, 1, 49200000.0, 1.59e+12, 1.7e+30, 0, 0, 0.360560355060, -1.160000000e-16, 0
0.374919985032, 1.6161e-15, 0, 3680000.0, 7.88e+11, 1.2e+33, 0, 0, 2.667235783430, -1.149700000e-14, 0
0.166762291572, 1.682112e-14, 0, 157000.0, 1.69e+12, 1.4e+35, 0, 0, 5.996559477400, -6.048660000e-13, -1.3200000e-24
0.2148363514, 2.73e-15, 0, 1250000.0, 7.75e+11, 1.1e+34, 0, 0, 4.654705749000, -5.910000000e-14, 0
2.79102517845, 1.666e-14, 0, 2650000.0, 6.90e+12, 3.0e+31, 0, 0, 0.358291285840, -2.138700000e-15, 0
1.09545215761, 9.77e-16, 0, 17800000.0, 1.05e+12, 2.9e+31, 0, 0, 0.912865060380, -8.142000000e-16, 0
0.00347877078319, 7.786e-21, 1, 7080000000.0, 1.67e+08, 7.3e+33, 0, 0, 287.457858630106, -6.433700000e-16, 0
1.442349479143, 1.079865e-15, 0, 21200000.0, 1.26e+12, 1.4e+31, 0, 0, 0.693313246519, -5.190730000e-16, -2.3000000e-28
0.682265175806, 1.61889e-15, 0, 6680000.0, 1.06e+12, 2.0e+32, 0, 0, 1.465705762893, -3.477850000e-15, -2.3700000e-26
2.19198689593, 4.21e-15, 0, 8250000.0, 3.07e+12, 1.6e+31, 0, 0, 0.456207106830, -8.760000000e-16, 0
11.37038593, 5.6e-14, 0, 3240000.0, 2.54e+13, 1.5e+30, 0, 0, 0.087947762400, -4.300000000e-16, 0
0.52664353143, 3.78e-16, 0, 22100000.0, 4.51e+11, 1.0e+32, 0, 0, 1.898817587840, -1.363000000e-15, 0
0.86634928471, 4.01e-16, 0, 34200000.0, 5.96e+11, 2.4e+31, 0, 0, 1.154268858590, -5.340000000e-16, 0
0.547199235502, 3.0825e-15, 0, 2810000.0, 1.31e+12, 7.4e+32, 0, 0, 1.827487933317, -1.029470000e-14, 0
0.482595929159, 4.49e-17, 0, 170000000.0, 1.49e+11, 1.6e+31, 0, 0, 2.072126886239, -1.930000000e-16, 0
1.292241446862, 1.68114e-16, 0, 122000000.0, 4.72e+11, 3.1e+30, 0, 0, 0.773849192369, -1.006740000e-16, 1.6000000e-28
0.64516119106, 1.39e-16, 0, 73500000.0, 3.03e+11, 2.0e+31, 0, 0, 1.550000238480, -3.340000000e-16, 0
0.7637418483, 5.8e-16, 0, 20900000.0, 6.73e+11, 5.1e+31, 0, 0, 1.309342943900, -9.900000000e-16, 0
2.161258926939, 7.534e-16, 0, 45500000.0, 1.29e+12, 2.9e+30, 0, 0, 0.462693288405, -1.612900000e-16, 0
1.2381295438682, 2.105178e-15, 0, 9320000.0, 1.63e+12, 4.4e+31, 0, 0, 0.807669928363, -1.373272000e-15, 1.8000000e-28
0.1248363804193, 2.44174e-15, 0, 810000.0, 5.59e+11, 5.0e+34, 0, 0, 8.010485378070, -1.566810000e-13, 0
1.07356658405, 1.2169e-14, 0, 1400000.0, 3.66e+12, 3.9e+32, 0, 0, 0.931474595850, -1.055800000e-14, 0
0.54544553611, 1.89e-17, 0, 457000000.0, 1.03e+11, 4.6e+30, 0, 0, 1.833363615240, -6.400000000e-17, 0
0.3967282353771, 3.47811e-15, 0, 1810000.0, 1.19e+12, 2.2e+33, 0, 0, 2.520617165172, -2.209820000e-14, 0
0.112799455072, 9.3e-18, 0, 193000000.0, 3.27e+10, 2.6e+32, 0, 0, 8.865291054480, -7.290000000e-16, 0
0.8648728046988, 1.0455e-16, 1, 131000000.0, 3.04e+11, 6.4e+30, 0, 0, 1.156239385222, -1.397720000e-16, -7.9000000e-28
0.53066051169, 1.70932e-15, 0, 4920000.0, 9.64e+11, 4.5e+32, 0, 0, 1.884443967430, -6.070000000e-15, 1.5000000e-26
1.84891880365, 9.963e-16, 0, 29400000.0, 1.37e+12, 6.2e+30, 0, 0, 0.540856633630, -2.914400000e-16, -1.0000000e-27
0.311673518473, 1.279e-15, 0, 3860000.0, 6.39e+11, 1.7e+33, 0, 0, 3.208485613080, -1.317000000e-14, 0
0.121116349354, 4.437e-15, 0, 432000.0, 7.42e+11, 9.9e+34, 0, 0, 8.256523626500, -3.025000000e-13, 0
0.541404373627, 9.778e-15, 0, 877000.0, 2.33e+12, 2.4e+33, 0, 0, 1.847048248430, -3.336000000e-14, 0
0.089328385024, 1.25008e-13, 0, 11300.0, 3.38e+12, 6.9e+36, 0, 1, 11.194649939500, -1.566600000e-11, 1.0280000e-21
1.2737682915785, 6.799219e-15, 0, 2970000.0, 2.98e+12, 1.3e+32, 0, 0, 0.785072141151, -4.190619000e-15, 9.6000000e-29
0.751623617646, 3.5393e-15, 0, 3360000.0, 1.65e+12, 3.3e+32, 0, 0, 1.330453137079, -6.265000000e-15, 0
0.3085806621443, 3.9e-17, 0, 125000000.0, 1.11e+11, 5.2e+31, 0, 0, 3.240643768960, -4.100000000e-16, 0
1.7039457055, 8.1e-16, 0, 33200000.0, 1.19e+12, 6.5e+30, 0, 0, 0.586873159600, -2.800000000e-16, 0
0.72061236106, 1.644e-15, 0, 6940000.0, 1.10e+12, 1.7e+32, 0, 0, 1.387708640650, -3.165900000e-15, 0
0.6443540558, 9.497e-15, 0, 1070000.0, 2.50e+12, 1.4e+33, 0, 0, 1.551941810600, -2.287400000e-14, 0
0.2089556931527, 1.7238e-16, 0, 19200000.0, 1.92e+11, 7.5e+32, 0, 0, 4.785703537970, -3.948000000e-15, 0
1.116097163402, 1.60135e-15, 0, 11000000.0, 1.35e+12, 4.5e+31, 0, 0, 0.895979340143, -1.285527000e-15, 9.3000000e-28
5.977492737, 1.1994e-13, 0, 790000.0, 2.71e+13, 2.2e+31, 0, 0, 0.167294222511, -3.356800000e-15, 0
0.367953256307, 7.908e-16, 0, 7370000.0, 5.46e+11, 6.3e+32, 0, 0, 2.717736513700, -5.841000000e-15, 0
1.60222797387, 4.463e-16, 0, 56900000.0, 8.56e+11, 4.3e+30, 0, 0, 0.624130907903, -1.738600000e-16, 1.1000000e-27
1.267535702756, 6.32095e-15, 0, 3180000.0, 2.86e+12, 1.2e+32, 0, 0, 0.788932412575, -3.934249000e-15, 4.9000000e-28
0.0646861308252, 7.26269e-15, 0, 141000.0, 6.94e+11, 1.1e+36, 0, 0, 15.459264408660, -1.735702000e-12, 0
0.57507238258, 1.362e-14, 0, 669000.0, 2.83e+12, 2.8e+33, 0, 0, 1.738911535820, -4.118000000e-14, 0
0.9625085573, 1.677e-15, 0, 9090000.0, 1.29e+12, 7.4e+31, 0, 0, 1.038951802000, -1.810000000e-15, 0
0.326774210079, 2.334387e-14, 0, 222000.0, 2.79e+12, 2.6e+34, 0, 0, 3.060217021895, -2.186137000e-13, 0
0.01110964915739, 4.912e-20, 1, 3580000000.0, 7.48e+08, 1.4e+33, 0, 0, 90.011843383453, -3.980000000e-16, 0
0.441995130786, 8.7494e-14, 0, 80000.0, 6.29e+12, 4.0e+34, 0, 0, 2.262468362990, -4.478600000e-13, 0
0.6603133715, 1.07e-16, 0, 97800000.0, 2.69e+11, 1.5e+31, 0, 0, 1.514432454600, -2.500000000e-16, 0
0.9651709987, 1.887e-15, 0, 8100000.0, 1.37e+12, 8.3e+31, 0, 0, 1.036085834900, -2.026000000e-15, 0
0.54955311909, 4.63e-16, 0, 18800000.0, 5.10e+11, 1.1e+32, 0, 0, 1.819660311700, -1.533000000e-15, 0
0.9882805974, 1.49e-16, 0, 105000000.0, 3.88e+11, 6.1e+30, 0, 0, 1.011858375700, -1.530000000e-16, 0
0.346287436779, 2.489796e-14, 0, 220000.0, 2.97e+12, 2.4e+34, 0, 0, 2.887774414520, -2.076301000e-13, 0
0.340854176542, 5.22e-16, 0, 10300000.0, 4.27e+11, 5.2e+32, 0, 0, 2.933805917080, -4.493000000e-15, 0
0.253556015011, 1.8303e-15, 0, 2190000.0, 6.89e+11, 4.4e+33, 0, 0, 3.943901705340, -2.846900000e-14, 0
0.40162562344216, 6.695e-16, 0, 9500000.0, 5.25e+11, 4.1e+32, 0, 0, 2.489880977786, -4.150570000e-15, 1.1000000e-27
0.1067545925, 1.5151e-14, 0, 112000.0, 1.29e+12, 4.9e+35, 0, 0, 9.367278508000, -1.329440000e-12, 0
1.3628899542, 3.33e-16, 0, 64800000.0, 6.82e+11, 5.2e+30, 0, 0, 0.733734955600, -1.790000000e-16, 0
1.526085076, 3.59e-15, 0, 6740000.0, 2.37e+12, 4.0e+31, 0, 0, 0.655271462700, -1.540000000e-15, 0
1.216975723, 1e-17, 0, 1930000000.0, 1.12e+11, 2.2e+29, 0, 0, 0.821709078600, -6.800000000e-18, 0
1.56799401848, 3.60812e-15, 0, 6890000.0, 2.41e+12, 3.7e+31, 0, 0, 0.637757534923, -1.467547000e-15, 1.7000000e-28
0.430627098928, 1.37294e-14, 0, 497000.0, 2.46e+12, 6.8e+33, 0, 0, 2.322194777080, -7.403700000e-14, 1.8000000e-24
0.950288537028, 9.7569e-14, 0, 154000.0, 9.74e+12, 4.5e+33, 0, 0, 1.052311967403, -1.080440000e-13, 0
0.74629520954, 3.5477e-14, 0, 333000.0, 5.21e+12, 3.4e+33, 0, 0, 1.339952323450, -6.369800000e-14, 0
0.73950132654, 4.878e-15, 0, 2400000.0, 1.92e+12, 4.8e+32, 0, 0, 1.352262618210, -8.920000000e-15, 0
0.00463802939121, 4.1e-21, 0, 18000000000.0, 1.39e+08, 1.6e+33, 0, 0, 215.608810478000, -1.900000000e-16, 0
1.93162674308, 2.5e-16, 0, 122000000.0, 7.03e+11, 1.4e+30, 0, 0, 0.517698361540, -6.700000000e-17, 0
4.3921587127, 8.37e-15, 0, 8310000.0, 6.14e+12, 3.9e+30, 0, 0, 0.227678475530, -4.340000000e-16, 0
0.57040923643, 2.69e-16, 0, 33600000.0, 3.96e+11, 5.7e+31, 0, 0, 1.753127292010, -8.270000000e-16, 0
1.44477320982, 4.654e-15, 0, 4920000.0, 2.62e+12, 6.1e+31, 0, 0, 0.692150154227, -2.229600000e-15, 0
0.087545204308, 3.28683e-14, 0, 42200.0, 1.72e+12, 1.9e+36, 0, 0, 11.422670241100, -4.288570000e-12, 0
0.65855761432, 1.1379e-15, 0, 9170000.0, 8.76e+11, 1.6e+32, 0, 0, 1.518470029430, -2.623700000e-15, 0
0.66436748807, 2.2854e-14, 0, 461000.0, 3.94e+12, 3.1e+33, 0, 0, 1.505191054580, -5.177800000e-14, 0
0.808127417142, 3.96284e-14, 0, 323000.0, 5.73e+12, 3.0e+33, 0, 0, 1.237428626709, -6.068020000e-14, 0
1.087417728071, 9.109e-17, 0, 189000000.0, 3.18e+11, 2.8e+30, 0, 0, 0.919609800526, -7.703000000e-17, 4.0000000e-28
0.5702641245619, 4.5256e-17, 0, 200000000.0, 1.63e+11, 9.6e+30, 0, 0, 1.753573400340, -1.391630000e-16, -2.3000000e-28
0.3315855987755, 4.8291e-15, 0, 1090000.0, 1.28e+12, 5.2e+33, 0, 0, 3.015812519280, -4.392100000e-14, 0
1.09770570486, 3.49339e-15, 0, 4980000.0, 1.98e+12, 1.0e+32, 0, 0, 0.910990983810, -2.899180000e-15, -4.3000000e-26
0.64001572416, 6.37e-16, 0, 15900000.0, 6.46e+11, 9.6e+31, 0, 0, 1.562461611880, -1.555100000e-15, 0
1.3738151214, 5.8e-16, 0, 37500000.0, 9.03e+11, 8.8e+30, 0, 0, 0.727899980400, -3.070000000e-16, 0
0.2530651649482, 2.29758e-16, 0, 17500000.0, 2.44e+11, 5.6e+32, 0, 0, 3.951551372963, -3.587620000e-15, -7.6000000e-27
0.472834279266, 4.3912e-14, 0, 171000.0, 4.61e+12, 1.6e+34, 0, 0, 2.114905885320, -1.964100000e-13, 0
0.86211773933, 3.517e-15, 0, 3880000.0, 1.76e+12, 2.2e+32, 0, 0, 1.159934373670, -4.732000000e-15, 0
0.203556697536, 1.947e-15, 0, 1660000.0, 6.37e+11, 9.1e+33, 0, 0, 4.912636194750, -4.699000000e-14, 0
0.6700857604, 8.2e-17, 0, 129000000.0, 2.37e+11, 1.1e+31, 0, 0, 1.492346292200, -1.800000000e-16, 0
0.2556770984252, 9.595e-16, 0, 4220000.0, 5.01e+11, 2.3e+33, 0, 0, 3.911183309570, -1.467800000e-14, 0
1.4365826292, 5.1396e-14, 0, 443000.0, 8.70e+12, 6.8e+32, 0, 0, 0.696096402440, -2.490400000e-14, 0
1.66117674023, 8.6e-16, 0, 30600000.0, 1.21e+12, 7.4e+30, 0, 0, 0.601982905120, -3.118000000e-16, 0
7.7336402649, 5.99e-14, 0, 2050000.0, 2.18e+13, 5.1e+30, 0, 0, 0.129305212778, -1.001000000e-15, 0
0.7775009067, 1.57e-15, 0, 7840000.0, 1.12e+12, 1.3e+32, 0, 0, 1.286172133600, -2.600000000e-15, 0
0.7134892535, 1.04e-16, 0, 109000000.0, 2.76e+11, 1.1e+31, 0, 0, 1.401562805700, -2.043000000e-16, 0
0.30707169975, 2.20737e-14, 0, 220000.0, 2.63e+12, 3.0e+34, 0, 0, 3.256568419700, -2.340970000e-13, 0
0.835797468, 5.73e-16, 0, 23100000.0, 7.00e+11, 3.9e+31, 0, 0, 1.196462107500, -8.200000000e-16, 0
2.5179450205, 8.809e-16, 0, 45300000.0, 1.51e+12, 2.2e+30, 0, 0, 0.397149259359, -1.389500000e-16, 6.0000000e-28
0.00525574901412, 1.712794e-20, 1, 4860000000.0, 3.04e+08, 4.7e+33, 0, 0, 190.267837622058, -6.200630000e-16, 0
2.1335912144, 3.765e-14, 0, 898000.0, 9.07e+12, 1.5e+32, 0, 0, 0.468693343530, -8.271000000e-15, 0
0.8199114962, 1.769e-14, 0, 734000.0, 3.85e+12, 1.3e+33, 0, 0, 1.219643833100, -2.631400000e-14, 0
0.442900630729, 5.58e-16, 0, 12600000.0, 5.03e+11, 2.5e+32, 0, 0, 2.257842799530, -2.845000000e-15, 0
0.139881677595, 5.7368e-14, 0, 38600.0, 2.87e+12, 8.3e+35, 0, 0, 7.148899106700, -2.931890000e-12, 0
0.7695835272, 1.926e-15, 0, 6330000.0, 1.23e+12, 1.7e+32, 0, 0, 1.299404112300, -3.252000000e-15, 0
0.0878341561432, 6.98e-16, 0, 1990000.0, 2.51e+11, 4.1e+34, 0, 0, 11.385092587100, -9.047000000e-14, 0
0.1073864584588, 8.08342e-14, 0, 21000.0, 2.98e+12, 2.6e+36, 0, 0, 9.312161089510, -7.009650000e-12, 0
0.50345881546, 3.13e-15, 0, 2550000.0, 1.27e+12, 9.7e+32, 0, 0, 1.986259787900, -1.234900000e-14, 0
0.00233851444012, 2.2194e-21, 1, 16700000000.0, 7.29e+07, 6.9e+33, 0, 0, 427.621905105409, -4.058400000e-16, 0
1.804694945768, 1.74219e-15, 0, 16400000.0, 1.79e+12, 1.2e+31, 0, 0, 0.554110267968, -5.349200000e-16, -3.3000000e-28
0.162498709997, 2.0077e-14, 0, 128000.0, 1.83e+12, 1.8e+35, 0, 0, 6.153895006400, -7.603200000e-13, 0
1.23830534423, 4.047e-14, 0, 485000.0, 7.16e+12, 8.4e+32, 0, 0, 0.807555264670, -2.639000000e-14, 0
0.140479910179, 6.7386e-15, 0, 330000.0, 9.85e+11, 9.6e+34, 0, 0, 7.118455576500, -3.414600000e-13, 0
0.67002629761, 5.3e-17, 0, 199000000.0, 1.91e+11, 7.0e+30, 0, 0, 1.492478733400, -1.190000000e-16, 0
0.0164529299542, 4.33375e-20, 1, 6020000000.0, 8.54e+08, 3.8e+32, 0, 0, 60.779447963614, -1.600950000e-16, 0
1.643726002, 1.454e-13, 0, 179000.0, 1.56e+13, 1.3e+33, 0, 0, 0.608373900990, -5.382000000e-14, 0
0.00168798744401, 1.2e-20, 1, 2230000000.0, 1.44e+08, 9.8e+34, 0, 0, 592.421468270410, -4.200000000e-15, 0
0.11147243434, 3.837491e-13, 0, 4600.0, 6.62e+12, 1.1e+37, 0, 0, 8.970827684000, -3.088250000e-11, 7.1000000e-21
0.00516220463952, 1.8527e-20, 0, 4410000000.0, 3.13e+08, 5.3e+33, 0, 0, 193.715683478590, -6.952300000e-16, 0
0.0914032309, 1.61e-14, 0, 90000.0, 1.23e+12, 8.3e+35, 0, 0, 10.940532300000, -1.930000000e-12, 0
0.306410837119, 1.784e-15, 0, 2720000.0, 7.48e+11, 2.4e+33, 0, 0, 3.263592141200, -1.900000000e-14, 0
2.40762231135, 1.7891e-14, 0, 2130000.0, 6.64e+12, 5.1e+31, 0, 0, 0.415347538228, -3.086500000e-15, 0
0.46420801, 3e-15, 0, 2450000.0, 1.19e+12, 1.2e+33, 0, 0, 2.154206690000, -1.400000000e-14, 0
1.150590428417, 2.3046e-16, 0, 79100000.0, 5.21e+11, 6.0e+30, 0, 0, 0.869118997779, -1.740800000e-16, 3.5000000e-28
0.579576736318, 3.504e-16, 0, 26200000.0, 4.56e+11, 7.1e+31, 0, 0, 1.725397065370, -1.043000000e-15, 0
0.510368133101, 1.64838e-15, 0, 4910000.0, 9.28e+11, 4.9e+32, 0, 0, 1.959369982460, -6.328300000e-15, 0
0.53350188629, 1.362e-15, 0, 6210000.0, 8.63e+11, 3.5e+32, 0, 0, 1.874407618200, -4.785000000e-15, 0
0.02885155795131, 6.7e-20, 0, 6820000000.0, 1.41e+09, 1.1e+32, 0, 0, 34.660173349650, -8.000000000e-17, 0
0.661992094032, 1.2512e-15, 0, 8380000.0, 9.21e+11, 1.7e+32, 0, 0, 1.510592058450, -2.855100000e-15, 0
1.386368074588, 9.4485e-16, 0, 23200000.0, 1.16e+12, 1.4e+31, 0, 0, 0.721309166253, -4.915930000e-16, 6.6000000e-29
1.170859077, 6.733e-15, 0, 2760000.0, 2.84e+12, 1.7e+32, 0, 0, 0.854073747800, -4.911000000e-15, 0
0.288601695277, 1.0404e-14, 0, 440000.0, 1.75e+12, 1.7e+34, 0, 0, 3.464983111210, -1.249100000e-13, 0
0.1390288911, 5.4628e-14, 0, 40300.0, 2.79e+12, 8.0e+35, 0, 0, 7.192749594000, -2.826200000e-12, 0
0.00747422422843, 1.7662e-20, 1, 6700000000.0, 3.68e+08, 1.7e+33, 0, 0, 133.793149554823, -3.161600000e-16, 0
0.326271446035, 1.242e-16, 0, 41600000.0, 2.04e+11, 1.4e+32, 0, 0, 3.064932626350, -1.167000000e-15, 0
0.3694266962, 1.144e-15, 0, 5120000.0, 6.58e+11, 9.0e+32, 0, 0, 2.706896957600, -8.380000000e-15, 0
0.3303280523313, 6.1006e-17, 0, 85800000.0, 1.44e+11, 6.7e+31, 0, 0, 3.027293603866, -5.590900000e-16, 1.4000000e-26
0.1984514505627, 1.68714e-15, 0, 1860000.0, 5.86e+11, 8.5e+33, 0, 0, 5.039015825610, -4.283930000e-14, 0
0.123670657887, 9.6319e-14, 0, 20300.0, 3.49e+12, 2.0e+36, 0, 0, 8.085992401810, -6.297650000e-12, -3.9000000e-22
2.202325077, 4.41e-15, 0, 7910000.0, 3.15e+12, 1.6e+31, 0, 0, 0.454065573890, -9.100000000e-16, 0
6.4520766, 3.809e-11, 0, 2680.0, 5.02e+14, 5.6e+33, 0, 0, 0.154988861000, -9.150000000e-13, 0
0.180591500693, 1.99831e-14, 0, 143000.0, 1.92e+12, 1.3e+35, 0, 0, 5.537359156800, -6.127300000e-13, 0
0.383830423532, 3.87e-16, 0, 15700000.0, 3.90e+11, 2.7e+32, 0, 0, 2.605317188770, -2.630000000e-15, 0
0.346908957903, 4.074e-15, 0, 1350000.0, 1.20e+12, 3.9e+33, 0, 0, 2.882600685910, -3.385000000e-14, 0
0.228324249982, 2.09e-16, 0, 17300000.0, 2.21e+11, 6.9e+32, 0, 0, 4.379736274530, -4.009000000e-15, 0
1.8400035414, 3.14e-15, 0, 9290000.0, 2.43e+12, 2.0e+31, 0, 0, 0.543477214860, -9.270000000e-16, 0
0.9475584093, 9.239e-14, 0, 162000.0, 9.47e+12, 4.3e+33, 0, 0, 1.055343913600, -1.029000000e-13, 0
0.09966083348, 2.95322e-14, 0, 53500.0, 1.74e+12, 1.2e+36, 0, 0, 10.034032077400, -2.973360000e-12, 0
0.44863544246, 7.08e-16, 0, 10000000.0, 5.70e+11, 3.1e+32, 0, 0, 2.228981273790, -3.520000000e-15, 0
2.9193969868, 2.0336e-14, 0, 2270000.0, 7.80e+12, 3.2e+31, 0, 0, 0.342536491100, -2.386000000e-15, 0
0.67608189374, 5.76e-16, 0, 18600000.0, 6.31e+11, 7.4e+31, 0, 0, 1.479110754570, -1.260000000e-15, 0
0.422447188684, 3.5757e-15, 0, 1870000.0, 1.24e+12, 1.9e+33, 0, 0, 2.367159793670, -2.003600000e-14, 0
0.0263096769824, 6.3e-20, 1, 6620000000.0, 1.30e+09, 1.4e+32, 0, 0, 38.008828488000, -9.100000000e-17, 0
0.628305878552, 2.248e-16, 0, 44300000.0, 3.80e+11, 3.6e+31, 0, 0, 1.591581479875, -5.694000000e-16, 0
0.197107608187, 5.8335e-15, 0, 535000.0, 1.09e+12, 3.0e+34, 0, 0, 5.073370882000, -1.501490000e-13, 0
1.3474021612, 1.327e-15, 0, 16100000.0, 1.35e+12, 2.1e+31, 0, 0, 0.742168915000, -7.310000000e-16, 0
0.616270272343, 6.57e-16, 0, 14900000.0, 6.44e+11, 1.1e+32, 0, 0, 1.622664673080, -1.730000000e-15, 0
1.18499893354, 4.3e-15, 0, 4370000.0, 2.28e+12, 1.0e+32, 0, 0, 0.843882616010, -3.062200000e-15, 0
0.062800077, 8.6e-15, 0, 116000.0, 7.42e+11, 1.4e+36, 0, 0, 15.923547400000, -2.170000000e-12, 0
0.00510927290428, 1.8e-21, 1, 45000000000.0, 9.70e+07, 5.3e+32, 0, 0, 195.722565369820, -6.900000000e-17, 0
0.00339270965933, 3.7e-21, 0, 14600000000.0, 1.13e+08, 3.7e+33, 0, 0, 294.749654528000, -3.200000000e-16, 0
0.396586748928, 9.904e-16, 0, 6340000.0, 6.34e+11, 6.3e+32, 0, 0, 2.521516421570, -6.297000000e-15, 0
0.2809053015394, 1.96673e-15, 0, 2260000.0, 7.52e+11, 3.5e+33, 0, 0, 3.559918572270, -2.492400000e-14, 0
0.063192941526, 1.58266e-14, 0, 63300.0, 1.01e+12, 2.5e+36, 0, 0, 15.824552170800, -3.963250000e-12, -5.4000000e-23
2.717934136, 2.33e-15, 0, 18500000.0, 2.54e+12, 4.6e+30, 0, 0, 0.367926502250, -3.150000000e-16, 0
0.252773323418, 9e-18, 0, 445000000.0, 4.83e+10, 2.2e+31, 0, 0, 3.956113669270, -1.410000000e-16, 0
1.5165309654, 3.4e-16, 0, 70700000.0, 7.27e+11, 3.8e+30, 0, 0, 0.659399658000, -1.500000000e-16, 0
1.7993956675, 1.558e-13, 0, 183000.0, 1.69e+13, 1.1e+33, 0, 0, 0.555742140580, -4.812000000e-14, 0
0.558252726401, 2.064e-15, 0, 4290000.0, 1.09e+12, 4.7e+32, 0, 0, 1.791303387710, -6.622900000e-15, 0
0.064961851894, 3.14596e-14, 0, 32700.0, 1.45e+12, 4.5e+36, 0, 0, 15.393649824500, -7.454800000e-12, 0
0.33421283978, 8.24e-16, 0, 6430000.0, 5.31e+11, 8.7e+32, 0, 0, 2.992105272400, -7.380000000e-15, 0
0.82048420411, 2.841e-15, 0, 4580000.0, 1.54e+12, 2.0e+32, 0, 0, 1.218792506900, -4.220000000e-15, 0
0.88081962549, 4.60876e-14, 0, 303000.0, 6.45e+12, 2.7e+33, 0, 0, 1.135306220550, -5.940320000e-14, 0
1.656439759937, 2.492785e-15, 0, 10500000.0, 2.06e+12, 2.2e+31, 0, 0, 0.603704417261, -9.085180000e-16, -1.4000000e-28
0.259776659501, 7.235e-15, 0, 569000.0, 1.39e+12, 1.6e+34, 0, 0, 3.849460540150, -1.072100000e-13, 0
0.943157882843, 7.9536e-15, 0, 1880000.0, 2.77e+12, 3.7e+32, 0, 0, 1.060267870514, -8.941200000e-15, 0
0.50509714918, 1.251e-14, 0, 640000.0, 2.54e+12, 3.8e+33, 0, 0, 1.979817153240, -4.904000000e-14, 0
1.1552719604, 2.4e-16, 0, 76300000.0, 5.33e+11, 6.1e+30, 0, 0, 0.865597049200, -1.800000000e-16, 0
0.40796298356, 4.02022e-12, 0, 1610.0, 4.10e+13, 2.3e+36, 0, 0, 2.451202781400, -2.415507000e-11, 6.3890000e-22
2.2805971963, 3.67e-15, 0, 9850000.0, 2.93e+12, 1.2e+31, 0, 0, 0.438481640520, -7.060000000e-16, 0
0.53578313115, 2.7669e-15, 0, 3070000.0, 1.23e+12, 7.1e+32, 0, 0, 1.866426809400, -9.639000000e-15, 0
0.244838478401, 6.54e-17, 0, 59300000.0, 1.28e+11, 1.8e+32, 0, 0, 4.084325333710, -1.091000000e-15, 0
0.64023374765, 6.46e-15, 0, 1570000.0, 2.06e+12, 9.7e+32, 0, 0, 1.561929535380, -1.576000000e-14, 0
0.271434052199, 5.25308e-15, 0, 819000.0, 1.21e+12, 1.0e+34, 0, 0, 3.684136135090, -7.129930000e-14, 0
0.232976432603, 2.75002e-15, 0, 1340000.0, 8.10e+11, 8.6e+33, 0, 0, 4.292279647460, -5.066540000e-14, 0
0.185559973402, 9e-18, 0, 327000000.0, 4.14e+10, 5.6e+31, 0, 0, 5.389093249300, -2.600000000e-16, 0
0.13547685441, 7.52566e-13, 0, 2850.0, 1.02e+13, 1.2e+37, 0, 0, 7.381334652000, -4.100290000e-11, -8.6000000e-22
0.47909858452, 6.2e-16, 0, 12200000.0, 5.52e+11, 2.2e+32, 0, 0, 2.087253088000, -2.700000000e-15, 0
0.00310221391893, 6.0899e-20, 1, 807000000.0, 4.40e+08, 8.1e+34, 0, 0, 322.350432991279, -6.328000000e-15, 0
0.00263038073978, 4.01e-21, 1, 10400000000.0, 1.04e+08, 8.7e+33, 0, 0, 380.173099990770, -5.790000000e-16, 0
0.202736911853, 2.8128e-16, 0, 11400000.0, 2.42e+11, 1.3e+33, 0, 0, 4.932500899120, -6.843400000e-15, 0
0.579416438, 3.302e-15, 0, 2780000.0, 1.40e+12, 6.7e+32, 0, 0, 1.725874404700, -9.835000000e-15, 0
0.5159835105, 1.1e-17, 0, 743000000.0, 7.62e+10, 3.2e+30, 0, 0, 1.938046429100, -4.100000000e-17, 0
0.162323475501, 1.589e-17, 0, 162000000.0, 5.14e+10, 1.5e+32, 0, 0, 6.160538375080, -6.030000000e-16, 0
0.68098383242, 9.52e-16, 0, 11300000.0, 8.15e+11, 1.2e+32, 0, 0, 1.468463643910, -2.052000000e-15, 0
0.2563527993088, 4.5968e-16, 0, 8840000.0, 3.47e+11, 1.1e+33, 0, 0, 3.900874118388, -6.994900000e-15, 0
0.175166247082, 6.8e-17, 0, 40800000.0, 1.10e+11, 5.0e+32, 0, 0, 5.708862390200, -2.220000000e-15, 0
1.02287514082, 4.52e-16, 0, 35900000.0, 6.88e+11, 1.7e+31, 0, 0, 0.977636429020, -4.320000000e-16, 0
0.114943, 7.93e-14, 0, 23000.0, 3.05e+12, 2.1e+36, 0, 0, 8.700000000000, -6.000000000e-12, 0
1.187913065936, 3.733837e-15, 0, 5040000.0, 2.13e+12, 8.8e+31, 0, 0, 0.841812442909, -2.645977000e-15, 8.7000000e-28
0.36470557624, 8.2151e-15, 0, 703000.0, 1.75e+12, 6.7e+33, 0, 0, 2.741937785290, -6.176300000e-14, 0
0.5562160557, 7.17e-17, 0, 123000000.0, 2.02e+11, 1.6e+31, 0, 0, 1.797862520780, -2.318000000e-16, 0
0.117563794023, 1.24784e-14, 0, 149000.0, 1.23e+12, 3.0e+35, 0, 0, 8.506020142610, -9.028400000e-13, 0
0.538431789013, 1.9602e-15, 0, 4350000.0, 1.04e+12, 5.0e+32, 0, 0, 1.857245468053, -6.761400000e-15, 0
0.291467536511, 4.6346e-16, 0, 9960000.0, 3.72e+11, 7.4e+32, 0, 0, 3.430913823100, -5.455500000e-15, -3.0900000e-25
0.3938988148378, 4.30737e-15, 1, 1450000.0, 1.32e+12, 2.8e+33, 0, 0, 2.538723048486, -2.776150000e-14, 0
0.55838338569, 7.8e-17, 0, 113000000.0, 2.11e+11, 1.8e+31, 0, 0, 1.790884230500, -2.500000000e-16, 0
0.675646047064, 6.953e-16, 0, 15400000.0, 6.94e+11, 8.9e+31, 0, 0, 1.480064901357, -1.523100000e-15, 0
0.68535848563, 4.85e-16, 0, 22400000.0, 5.83e+11, 5.9e+31, 0, 0, 1.459090419050, -1.033000000e-15, 0
0.85066494337, 3.0835e-14, 0, 437000.0, 5.18e+12, 2.0e+33, 0, 0, 1.175550970790, -4.261100000e-14, 0
0.27337242988, 1.7941e-15, 0, 2410000.0, 7.09e+11, 3.5e+33, 0, 0, 3.658013357200, -2.400700000e-14, 0
3.559937232, 1.11e-14, 0, 5080000.0, 6.36e+12, 9.7e+30, 0, 0, 0.280903829150, -8.760000000e-16, 0
3.2410285031, 2.7e-15, 0, 19000000.0, 2.99e+12, 3.1e+30, 0, 0, 0.308544031330, -2.600000000e-16, 0
0.101633196293, 1.02784e-14, 0, 157000.0, 1.03e+12, 3.9e+35, 0, 0, 9.839304838130, -9.950700000e-13, 0
1.7898294664, 1.3e-15, 0, 22100000.0, 1.53e+12, 8.8e+30, 0, 0, 0.558712446490, -4.000000000e-16, 0
0.37656956576, 6.685e-15, 0, 893000.0, 1.61e+12, 4.9e+33, 0, 0, 2.655551831400, -4.714000000e-14, 0
0.28201171065, 5.59e-16, 0, 7990000.0, 4.02e+11, 9.8e+32, 0, 0, 3.545952037600, -7.030000000e-15, 0
0.288409420325, 2.6451e-14, 0, 173000.0, 2.79e+12, 4.4e+34, 0, 0, 3.467293124040, -3.180000000e-13, 0
1.0379310509, 1.02e-15, 0, 16100000.0, 1.04e+12, 3.6e+31, 0, 0, 0.963455134300, -9.470000000e-16, 0
0.04358922706284, 1.43e-19, 1, 4830000000.0, 2.53e+09, 6.8e+31, 0, 0, 22.941448320670, -7.500000000e-17, 0
0.40052204834, 3.9313e-15, 0, 1610000.0, 1.27e+12, 2.4e+33, 0, 0, 2.496741450680, -2.450660000e-14, 0
0.66748553354, 2.4e-17, 0, 441000000.0, 1.28e+11, 3.2e+30, 0, 0, 1.498159809840, -5.400000000e-17, 0
0.5250742392, 2.817e-15, 0, 2950000.0, 1.23e+12, 7.7e+32, 0, 0, 1.904492594300, -1.022000000e-14, 0
0.59213602908, 3.555e-15, 0, 2640000.0, 1.47e+12, 6.8e+32, 0, 0, 1.688801138400, -1.014000000e-14, 0
0.452800508195, 2.1265e-15, 0, 3370000.0, 9.93e+11, 9.0e+32, 0, 0, 2.208478086710, -1.037200000e-14, 0
0.3088608620097, 2.1708e-16, 0, 22500000.0, 2.62e+11, 2.9e+32, 0, 0, 3.237703843385, -2.275600000e-15, 0
0.424130748816, 2.224e-17, 0, 302000000.0, 9.83e+10, 1.2e+31, 0, 0, 2.357763502865, -1.236300000e-16, 0
0.2797673308446, 7.2585e-16, 0, 6110000.0, 4.56e+11, 1.3e+33, 0, 0, 3.574398758358, -9.273700000e-15, 0
4.2370102164, 4.3e-16, 0, 156000000.0, 1.37e+12, 2.2e+29, 0, 0, 0.236015480000, -2.400000000e-17, 0
0.433083926199, 2.57e-16, 0, 26700000.0, 3.38e+11, 1.2e+32, 0, 0, 2.309021276260, -1.370000000e-15, 0
0.90982270118, 5.34e-17, 0, 270000000.0, 2.23e+11, 2.8e+30, 0, 0, 1.099115243780, -6.450000000e-17, 0
0.6364141368, 1.15e-16, 0, 87700000.0, 2.74e+11, 1.8e+31, 0, 0, 1.571303876160, -2.840000000e-16, 0
0.37404678583, 1.6819e-14, 0, 352000.0, 2.54e+12, 1.3e+34, 0, 0, 2.673462352500, -1.202100000e-13, 0
0.00353937565842, 1.62e-21, 1, 34700000000.0, 7.65e+07, 1.4e+33, 0, 0, 282.535705872390, -1.290000000e-16, 0
0.78921201205, 8e-17, 0, 156000000.0, 2.55e+11, 6.5e+30, 0, 0, 1.267086644310, -1.290000000e-16, 0
1.0811635266, 1.5e-16, 0, 114000000.0, 4.08e+11, 4.7e+30, 0, 0, 0.924929462900, -1.300000000e-16, 0
0.58576120812, 2.0196e-14, 0, 460000.0, 3.48e+12, 4.0e+33, 0, 0, 1.707180308520, -5.886000000e-14, 0
0.2164762031209, 4.95332e-15, 0, 692000.0, 1.05e+12, 1.9e+34, 0, 0, 4.619445396690, -1.057003000e-13, 0
1.018452868182, 2.0634e-15, 0, 7820000.0, 1.47e+12, 7.7e+31, 0, 0, 0.981881470652, -1.989310000e-15, 0
0.626323941978, 2.88e-16, 0, 34500000.0, 4.30e+11, 4.6e+31, 0, 0, 1.596617872920, -7.300000000e-16, 0
0.4196177915, 9.46e-16, 0, 7030000.0, 6.38e+11, 5.1e+32, 0, 0, 2.383121069400, -5.370000000e-15, 0
0.00168637541027, 1.11e-20, 1, 2410000000.0, 1.38e+08, 9.1e+34, 0, 0, 592.987773605000, -3.900000000e-15, 0
0.0345278346478, 1.874e-19, 1, 2920000000.0, 2.57e+09, 1.8e+32, 0, 0, 28.962140551253, -1.572000000e-16, 0
0.00368387871108, 2.28e-20, 1, 2560000000.0, 2.93e+08, 1.8e+34, 0, 0, 271.453019610300, -1.680000000e-15, 0
0.87723907778, 3.8e-17, 0, 366000000.0, 1.85e+11, 2.2e+30, 0, 0, 1.139940097660, -4.900000000e-17, 0
1.3512362992, 1.4e-15, 0, 15300000.0, 1.39e+12, 2.2e+31, 0, 0, 0.740063007900, -7.700000000e-16, 0
1.872994377, 1.4e-17, 0, 2120000000.0, 1.64e+11, 8.4e+28, 0, 0, 0.533904432540, -4.000000000e-18, 0
0.0882819082341, 8.1e-19, 1, 1730000000.0, 8.56e+09, 4.7e+31, 0, 0, 11.327349170430, -1.040000000e-16, 0
0.5647593892, 6.92e-15, 0, 1290000.0, 2.00e+12, 1.5e+33, 0, 0, 1.770665559700, -2.170000000e-14, 0
0.75689193363, 3.878e-15, 0, 3090000.0, 1.73e+12, 3.5e+32, 0, 0, 1.321192571310, -6.770000000e-15, 0
0.256777653406, 1.97e-16, 0, 20700000.0, 2.28e+11, 4.6e+32, 0, 0, 3.894419887150, -2.990000000e-15, 0
0.294759771191, 1.556e-16, 0, 30000000.0, 2.17e+11, 2.4e+32, 0, 0, 3.392593215690, -1.791000000e-15, 0
2.11097411794, 2.19e-15, 0, 15300000.0, 2.18e+12, 9.2e+30, 0, 0, 0.473714950600, -4.910000000e-16, 0
1.11859068945, 1.4456e-15, 0, 12300000.0, 1.29e+12, 4.1e+31, 0, 0, 0.893982052090, -1.155300000e-15, -8.7000000e-27
1.3824491030388, 9.60049e-16, 0, 22800000.0, 1.17e+12, 1.4e+31, 0, 0, 0.723353935998, -5.023367000e-16, -5.0800000e-28
1.3019081139, 1.1892e-14, 0, 1730000.0, 3.98e+12, 2.1e+32, 0, 0, 0.768103362500, -7.016000000e-15, 0
0.51224209318, 1.739e-15, 0, 4670000.0, 9.55e+11, 5.1e+32, 0, 0, 1.952201924300, -6.630000000e-15, 0
0.47122487769, 8e-17, 0, 93300000.0, 1.96e+11, 3.0e+31, 0, 0, 2.122129045700, -3.600000000e-16, 0
0.388480921041, 4.5006e-15, 0, 1370000.0, 1.34e+12, 3.0e+33, 0, 0, 2.574128987650, -2.982160000e-14, 0
0.275207111323, 9.998e-16, 0, 4360000.0, 5.31e+11, 1.9e+33, 0, 0, 3.633627035260, -1.320100000e-14, 0
0.14727431048, 4.4e-18, 1, 530000000.0, 2.58e+10, 5.4e+31, 0, 0, 6.790050462600, -2.000000000e-16, 0
1.54681894, 7.18e-15, 0, 3410000.0, 3.37e+12, 7.7e+31, 0, 0, 0.646488075710, -3.000000000e-15, 0
2.2830933508, 1.092e-14, 0, 3310000.0, 5.05e+12, 3.6e+31, 0, 0, 0.438002239220, -2.095000000e-15, 0
0.198335136357, 1.6918e-14, 0, 186000.0, 1.85e+12, 8.6e+34, 0, 0, 5.041970970800, -4.300800000e-13, 0
1.23489349389, 1.932e-15, 0, 10100000.0, 1.56e+12, 4.1e+31, 0, 0, 0.809786434982, -1.266917000e-15, 0
0.43444487308, 1.21e-17, 0, 569000000.0, 7.34e+10, 5.8e+30, 0, 0, 2.301788010320, -6.400000000e-17, 0
0.32705773823, 3.651e-16, 0, 14200000.0, 3.50e+11, 4.1e+32, 0, 0, 3.057564102940, -3.413000000e-15, 0
0.82333927128, 1.1e-16, 0, 120000000.0, 3.02e+11, 7.7e+30, 0, 0, 1.214566139230, -1.600000000e-16, 0
0.2554963274098, 2.09963e-15, 0, 1930000.0, 7.41e+11, 5.0e+33, 0, 0, 3.913950584488, -3.216430000e-14, 0
0.184502203069, 6.24e-16, 0, 4680000.0, 3.43e+11, 3.9e+33, 0, 0, 5.419989481800, -1.833000000e-14, 0
0.65797363034, 4e-15, 0, 2610000.0, 1.64e+12, 5.5e+32, 0, 0, 1.519817746320, -9.239000000e-15, 0
0.6173076699955, 3.627e-16, 0, 27000000.0, 4.79e+11, 6.1e+31, 0, 0, 1.619937753256, -9.517980000e-16, 5.0000000e-28
0.6633290494, 1.206e-15, 0, 8710000.0, 9.05e+11, 1.6e+32, 0, 0, 1.507547424500, -2.740000000e-15, 0
0.0062185319484, 1.143341e-19, 1, 862000000.0, 8.53e+08, 1.9e+34, 0, 0, 160.809658661835, -2.956651000e-15, 0
0.18452809509, 2.66747e-13, 0, 11000.0, 7.10e+12, 1.7e+36, 0, 0, 5.419228977200, -7.833840000e-12, 2.3000000e-22
0.6638296477, 5.6433e-14, 0, 186000.0, 6.19e+12, 7.6e+33, 0, 0, 1.506410573050, -1.280620000e-13, 0
0.9678462129, 6.33e-15, 0, 2420000.0, 2.50e+12, 2.8e+32, 0, 0, 1.033222000200, -6.760000000e-15, 0
0.0477625075, 2.2787e-15, 1, 332000.0, 3.34e+11, 8.3e+35, 0, 0, 20.936924200000, -9.989000000e-13, -2.1100000e-24
2.3066415539, 2.18e-15, 0, 16800000.0, 2.27e+12, 7.0e+30, 0, 0, 0.433530731420, -4.100000000e-16, 0
0.42776184224, 3.214e-14, 0, 211000.0, 3.75e+12, 1.6e+34, 0, 0, 2.337749423300, -1.756500000e-13, 0
0.47823093284, 2.11e-15, 0, 3590000.0, 1.02e+12, 7.6e+32, 0, 0, 2.091039979500, -9.240000000e-15, 0
0.5716469444, 4.032e-15, 0, 2250000.0, 1.54e+12, 8.5e+32, 0, 0, 1.749331488200, -1.234000000e-14, 0
0.98190211848, 5.86e-15, 0, 2650000.0, 2.43e+12, 2.4e+32, 0, 0, 1.018431451750, -6.080000000e-15, 0
0.473026470689, 5.9745e-15, 0, 1250000.0, 1.70e+12, 2.2e+33, 0, 0, 2.114046595620, -2.670100000e-14, 0
4.9624272525, 2.11e-14, 0, 3720000.0, 1.04e+13, 6.8e+30, 0, 0, 0.201514289100, -8.580000000e-16, 0
10.31252206, 1.12e-13, 0, 1460000.0, 3.44e+13, 4.0e+30, 0, 0, 0.096969489540, -1.053000000e-15, 0
1.05883304424, 5.259e-16, 0, 31900000.0, 7.55e+11, 1.7e+31, 0, 0, 0.944435957530, -4.691000000e-16, 0
0.4646997488, 8.639e-15, 0, 852000.0, 2.03e+12, 3.4e+33, 0, 0, 2.151927137000, -4.000600000e-14, 0
0.6194535568, 8.79e-15, 0, 1120000.0, 2.36e+12, 1.5e+33, 0, 0, 1.614326028300, -2.290000000e-14, 0
0.398292162785, 1.84e-17, 0, 343000000.0, 8.66e+10, 1.1e+31, 0, 0, 2.510719751570, -1.160000000e-16, 0
0.4475177112318, 1.50859e-16, 0, 47000000.0, 2.63e+11, 6.6e+31, 0, 0, 2.234548432167, -7.532710000e-16, -1.8000000e-27
0.00256037103167, 2.0964e-20, 1, 1940000000.0, 2.34e+08, 4.9e+34, 0, 0, 390.568393264070, -3.198000000e-15, 0
0.7281542173, 1.48e-16, 0, 78000000.0, 3.32e+11, 1.5e+31, 0, 0, 1.373335450400, -2.800000000e-16, 0
0.8492356848, 5.706e-15, 0, 2360000.0, 2.23e+12, 3.7e+32, 0, 0, 1.177529416000, -7.910000000e-15, 0
2.43743249609, 6.8e-16, 0, 56500000.0, 1.31e+12, 1.9e+30, 0, 0, 0.410267772176, -1.150000000e-16, 0
0.84893275073, 8e-16, 0, 16800000.0, 8.34e+11, 5.2e+31, 0, 0, 1.177949606890, -1.110000000e-15, 0
2.9483896038, 1.17e-14, 0, 3990000.0, 5.94e+12, 1.8e+31, 0, 0, 0.339168201760, -1.350000000e-15, 0
0.34282539844, 5.297e-15, 0, 1030000.0, 1.36e+12, 5.2e+33, 0, 0, 2.916936739700, -4.507000000e-14, 0
2.6421985132, 1.256e-14, 0, 3330000.0, 5.83e+12, 2.7e+31, 0, 0, 0.378472698022, -1.799100000e-15, 0
0.26127055606, 1.02e-16, 0, 40400000.0, 1.66e+11, 2.3e+32, 0, 0, 3.827450039000, -1.500000000e-15, 0
0.284351393041, 1.5263e-15, 0, 2950000.0, 6.67e+11, 2.6e+33, 0, 0, 3.516775456260, -1.887700000e-14, 0
0.421118114249, 1.5012e-15, 0, 4440000.0, 8.05e+11, 7.9e+32, 0, 0, 2.374630694250, -8.465000000e-15, 0
0.45848840672, 1.9e-18, 0, 3820000000.0, 2.99e+10, 7.8e+29, 0, 0, 2.181080230900, -9.000000000e-18, 0
0.279729147244, 9.2543e-15, 0, 479000.0, 1.63e+12, 1.7e+34, 0, 0, 3.574886671100, -1.182680000e-13, 0
1.27905759523, 2.37e-15, 0, 8550000.0, 1.76e+12, 4.5e+31, 0, 0, 0.781825622030, -1.449000000e-15, 0
0.670037418386, 5.663e-16, 0, 18700000.0, 6.23e+11, 7.4e+31, 0, 0, 1.492453962361, -1.261390000e-15, -5.4000000e-27
0.50605841373, 2.587e-15, 0, 3100000.0, 1.16e+12, 7.9e+32, 0, 0, 1.976056464750, -1.010000000e-14, 0
2.7642094208, 1.108e-14, 0, 3950000.0, 5.60e+12, 2.1e+31, 0, 0, 0.361767090610, -1.450000000e-15, 0
0.8441085753, 5.58e-15, 0, 2400000.0, 2.20e+12, 3.7e+32, 0, 0, 1.184681721400, -7.830000000e-15, 0
2.483803693, 9.79e-16, 0, 40200000.0, 1.58e+12, 2.5e+30, 0, 0, 0.402608307097, -1.587000000e-16, 0
0.47799086689, 3.238e-15, 0, 2340000.0, 1.26e+12, 1.2e+33, 0, 0, 2.092090182610, -1.417200000e-14, 0
0.7926701073, 3.103e-15, 0, 4050000.0, 1.59e+12, 2.5e+32, 0, 0, 1.261558863900, -4.940000000e-15, 0
0.5430085792, 5.31e-15, 0, 1620000.0, 1.72e+12, 1.3e+33, 0, 0, 1.841591529700, -1.801000000e-14, 0
0.00267792319712, 1.773e-20, 1, 2390000000.0, 2.20e+08, 3.6e+34, 0, 0, 373.423704262790, -2.470000000e-15, 0
0.5299131921, 1.88787e-14, 0, 445000.0, 3.20e+12, 5.0e+33, 0, 0, 1.887101538340, -6.723000000e-14, 0
0.196478664183, 1.52962e-15, 0, 2040000.0, 5.55e+11, 8.0e+33, 0, 0, 5.089611150190, -3.962350000e-14, 0
0.280677974168, 3.1177e-14, 0, 143000.0, 2.99e+12, 5.6e+34, 0, 0, 3.562801829980, -3.957500000e-13, 0
0.53269880337, 3.014e-15, 0, 2800000.0, 1.28e+12, 7.9e+32, 0, 0, 1.877233426600, -1.062000000e-14, 0
1.4787213559, 6.1e-16, 0, 38400000.0, 9.61e+11, 7.4e+30, 0, 0, 0.676259929570, -2.790000000e-16, 0
1.5652179638, 3.39e-14, 0, 732000.0, 7.37e+12, 3.5e+32, 0, 0, 0.638888655200, -1.384000000e-14, 0
0.6481166471, 5.1e-16, 0, 20100000.0, 5.82e+11, 7.4e+31, 0, 0, 1.542932131900, -1.210000000e-15, 0
0.650434490647, 5.603e-16, 0, 18400000.0, 6.11e+11, 8.0e+31, 0, 0, 1.537433845190, -1.324300000e-15, 2.5000000e-26
0.345602948594, 5.4e-19, 0, 10100000000.0, 1.38e+10, 5.2e+29, 0, 0, 2.893493831780, -4.500000000e-18, 0
0.1077182159234, 2.1596e-17, 0, 79000000.0, 4.88e+10, 6.8e+32, 0, 0, 9.283480899007, -1.861200000e-15, 0
0.207953012189, 3.558e-16, 0, 9260000.0, 2.75e+11, 1.6e+33, 0, 0, 4.808778624910, -8.228000000e-15, 0
0.0094234067178, 2.469e-20, 1, 6050000000.0, 4.88e+08, 1.2e+33, 0, 0, 106.118734969950, -2.780000000e-16, 0
1.2389895765, 1.3854e-14, 0, 1420000.0, 4.19e+12, 2.9e+32, 0, 0, 0.807109292090, -9.024800000e-15, 0
0.1370546579332, 5.3e-19, 0, 4100000000.0, 8.62e+09, 8.1e+30, 0, 0, 7.296359095560, -2.820000000e-17, 0
0.55817922185, 3.5e-16, 0, 25300000.0, 4.47e+11, 7.9e+31, 0, 0, 1.791539277810, -1.120000000e-15, 0
0.37862206628, 5.0512e-15, 0, 1190000.0, 1.40e+12, 3.7e+33, 0, 0, 2.641156153000, -3.523600000e-14, 0
0.62728536587, 1.9461e-14, 0, 511000.0, 3.54e+12, 3.1e+33, 0, 0, 1.594170778420, -4.945900000e-14, 0
0.193339746306, 2.53107e-13, 0, 12100.0, 7.08e+12, 1.4e+36, 0, 0, 5.172242227000, -6.771150000e-12, -1.0000000e-23
0.00238942075779, 1.858e-20, 1, 2040000000.0, 2.13e+08, 5.4e+34, 0, 0, 418.511472599150, -3.254000000e-15, 0
0.5401023214, 4.3e-17, 0, 199000000.0, 1.54e+11, 1.1e+31, 0, 0, 1.851501021900, -1.470000000e-16, 0
1.2530845901, 3.25e-15, 0, 6110000.0, 2.04e+12, 6.5e+31, 0, 0, 0.798030721870, -2.070000000e-15, 0
0.2996251068, 3.5e-17, 0, 136000000.0, 1.04e+11, 5.1e+31, 0, 0, 3.337504025000, -3.900000000e-16, 0
0.609961754304, 1.416e-14, 0, 682000.0, 2.97e+12, 2.5e+33, 0, 0, 1.639447052120, -3.806000000e-14, 0
0.9277722389, 3.79e-15, 0, 3880000.0, 1.90e+12, 1.9e+32, 0, 0, 1.077850746200, -4.400000000e-15, 0
0.259362860073, 5.125e-15, 0, 802000.0, 1.17e+12, 1.2e+34, 0, 0, 3.855602146420, -7.619000000e-14, 0
0.2956991763, 7.526e-16, 0, 6230000.0, 4.77e+11, 1.1e+33, 0, 0, 3.381815304700, -8.607000000e-15, 0
0.62890254638, 1.234e-15, 0, 8070000.0, 8.91e+11, 2.0e+32, 0, 0, 1.590071475710, -3.120000000e-15, 0
2.951938334, 1.48e-14, 0, 3160000.0, 6.69e+12, 2.3e+31, 0, 0, 0.338760464100, -1.700000000e-15, 0
0.64430109622, 2.813e-15, 0, 3630000.0, 1.36e+12, 4.2e+32, 0, 0, 1.552069375430, -6.776000000e-15, 0
2.0386738254, 7.1e-16, 0, 45200000.0, 1.22e+12, 3.3e+30, 0, 0, 0.490514955130, -1.720000000e-16, 0
1.21338122674, 5.986e-15, 0, 3210000.0, 2.73e+12, 1.3e+32, 0, 0, 0.824143293110, -4.066000000e-15, 0
0.27660304315, 3.1e-18, 0, 1410000000.0, 2.96e+10, 5.8e+30, 0, 0, 3.615289219570, -4.100000000e-17, 0
0.507379566696, 7.235e-16, 0, 11100000.0, 6.13e+11, 2.2e+32, 0, 0, 1.970911060750, -2.810400000e-15, 0
0.166108327507, 3.601843e-13, 0, 7310.0, 7.83e+12, 3.1e+36, 0, 0, 6.020167772500, -1.305395000e-11, 1.1580000e-21
0.12750077685, 6.3385e-15, 0, 319000.0, 9.10e+11, 1.2e+35, 0, 0, 7.843089467400, -3.899100000e-13, 0
0.0311816011, 3.89e-14, 0, 12700.0, 1.11e+12, 5.1e+37, 0, 0, 32.070194100000, -4.001000000e-11, 0
0.84278963237, 1.67258e-14, 0, 798000.0, 3.80e+12, 1.1e+33, 0, 0, 1.186535716141, -2.354770000e-14, 0
0.39917017693, 9e-17, 0, 70300000.0, 1.92e+11, 5.6e+31, 0, 0, 2.505197176000, -5.600000000e-16, 0
1.306197812, 1.204e-15, 0, 17200000.0, 1.27e+12, 2.1e+31, 0, 0, 0.765580826100, -7.060000000e-16, 0
0.00760220343251, 2.79e-20, 1, 4320000000.0, 4.66e+08, 2.5e+33, 0, 0, 131.540810355540, -4.830000000e-16, 0
0.61757468514, 1.198e-15, 0, 8170000.0, 8.70e+11, 2.0e+32, 0, 0, 1.619237355510, -3.140000000e-15, 0
0.28834924425, 6.11e-16, 0, 7480000.0, 4.25e+11, 1.0e+33, 0, 0, 3.468016719100, -7.350000000e-15, 0
0.213074653776, 5.4701e-14, 0, 61700.0, 3.45e+12, 2.2e+35, 0, 0, 4.693190777400, -1.204850000e-12, 0
0.49234420664, 3.156e-15, 0, 2470000.0, 1.26e+12, 1.0e+33, 0, 0, 2.031099353900, -1.302000000e-14, 0
0.7016149492, 8.85e-15, 0, 1260000.0, 2.52e+12, 1.0e+33, 0, 0, 1.425283200000, -1.797000000e-14, 0
0.5285907792, 8.4e-16, 0, 9970000.0, 6.74e+11, 2.2e+32, 0, 0, 1.891822633600, -3.010000000e-15, 0
0.0500519462, 3.2e-14, 0, 24800.0, 1.28e+12, 1.0e+37, 0, 0, 19.979243000000, -1.277000000e-11, 0
0.2787294436271, 6.74e-18, 0, 655000000.0, 4.39e+10, 1.2e+31, 0, 0, 3.587708521163, -8.680000000e-17, 0
0.52915639797, 1.91e-15, 0, 4380000.0, 1.02e+12, 5.1e+32, 0, 0, 1.889800451870, -6.830000000e-15, 0
0.315224970657, 9.86598e-14, 0, 50600.0, 5.64e+12, 1.2e+35, 0, 0, 3.172337514750, -9.928850000e-13, 0
0.059198212396, 4e-19, 0, 2340000000.0, 4.92e+09, 7.6e+31, 0, 0, 16.892401975100, -1.100000000e-16, 0
0.28562462018, 3.3344e-13, 0, 13600.0, 9.88e+12, 5.6e+35, 0, 0, 3.501098747600, -4.087200000e-12, 0
0.10974069969, 2.768e-14, 0, 62800.0, 1.76e+12, 8.3e+35, 0, 0, 9.112389504000, -2.298400000e-12, 0
0.29240770249, 2.229e-15, 0, 2080000.0, 8.17e+11, 3.5e+33, 0, 0, 3.419882552600, -2.607000000e-14, 0
0.394945790784, 7.4343e-15, 0, 842000.0, 1.73e+12, 4.8e+33, 0, 0, 2.531993056604, -4.766120000e-14, 0
4.6301880619, 6.39e-15, 0, 11500000.0, 5.50e+12, 2.5e+30, 0, 0, 0.215973948926, -2.980000000e-16, 0
0.3924789731, 5.8e-16, 0, 10700000.0, 4.83e+11, 3.8e+32, 0, 0, 2.547907196400, -3.765000000e-15, 0
0.794882546, 1.2e-16, 0, 105000000.0, 3.13e+11, 9.4e+30, 0, 0, 1.258047500000, -1.900000000e-16, 0
0.29558048193, 4.28e-15, 0, 1090000.0, 1.14e+12, 6.5e+33, 0, 0, 3.383173318700, -4.899000000e-14, 0
1.0968060034, 8.892e-16, 0, 19500000.0, 9.99e+11, 2.7e+31, 0, 0, 0.911738262646, -7.392000000e-16, 0
1.6725956812, 2.71e-16, 0, 97800000.0, 6.81e+11, 2.3e+30, 0, 0, 0.597873120950, -9.700000000e-17, 0
0.11057301169, 1.69394e-13, 0, 10300.0, 4.38e+12, 4.9e+36, 0, 0, 9.043798163000, -1.385480000e-11, 6.4000000e-22
0.9357719221, 2.37e-16, 0, 62600000.0, 4.77e+11, 1.1e+31, 0, 0, 1.068636466200, -2.710000000e-16, 0
0.03411713084786, 6.8e-20, 1, 8010000000.0, 1.54e+09, 6.7e+31, 0, 0, 29.310788309230, -5.800000000e-17, 0
0.06817987659, 8.3167e-14, 0, 13000.0, 2.41e+12, 1.0e+37, 0, 0, 14.667084337000, -1.789120000e-11, 0
0.34096785164, 9.6836e-14, 0, 55800.0, 5.81e+12, 9.6e+34, 0, 0, 2.932827817000, -8.329300000e-13, -1.5000000e-23
0.333410710172, 1.4513e-15, 0, 3640000.0, 7.04e+11, 1.5e+33, 0, 0, 2.999303770070, -1.305560000e-14, 0
0.770374845874, 7.8e-16, 0, 15600000.0, 7.85e+11, 6.7e+31, 0, 0, 1.298069381880, -1.315000000e-15, 0
0.366734060217, 3.943e-15, 0, 1470000.0, 1.22e+12, 3.2e+33, 0, 0, 2.726771545050, -2.932000000e-14, 0
1.02350369913, 2.4e-16, 0, 67600000.0, 5.02e+11, 8.8e+30, 0, 0, 0.977036038900, -2.300000000e-16, 0
0.35326292024, 2.2e-17, 0, 254000000.0, 8.92e+10, 2.0e+31, 0, 0, 2.830752798300, -1.760000000e-16, 0
0.70786760576, 7.42e-16, 0, 15100000.0, 7.33e+11, 8.3e+31, 0, 0, 1.412693548710, -1.480000000e-15, 0
0.50173030987, 4.8e-16, 0, 16600000.0, 4.96e+11, 1.5e+32, 0, 0, 1.993102629700, -1.900000000e-15, 0
0.586485556229, 6.212e-16, 0, 15000000.0, 6.11e+11, 1.2e+32, 0, 0, 1.705071828930, -1.806000000e-15, 0
0.570290462862, 2.0805e-15, 0, 4340000.0, 1.10e+12, 4.4e+32, 0, 0, 1.753492413290, -6.397000000e-15, 0
0.11584261008, 3.05e-14, 0, 60200.0, 1.90e+12, 7.7e+35, 0, 0, 8.632402182000, -2.272800000e-12, 0
0.76391483053, 4.2751e-14, 0, 283000.0, 5.78e+12, 3.8e+33, 0, 0, 1.309046453910, -7.325900000e-14, 0
0.785440757324, 2.7695e-15, 0, 4490000.0, 1.49e+12, 2.3e+32, 0, 0, 1.273170497807, -4.489300000e-15, 0
0.00201195344253, 1.411e-20, 1, 2260000000.0, 1.70e+08, 6.8e+34, 0, 0, 497.029393851600, -3.486000000e-15, 0
0.00411054395677, 6.42e-21, 1, 10100000000.0, 1.64e+08, 3.6e+33, 0, 0, 243.276804850620, -3.800000000e-16, 0
2.0349894792, 5.924e-15, 0, 5440000.0, 3.51e+12, 2.8e+31, 0, 0, 0.491403031920, -1.430500000e-15, 0
1.9544296353, 5.63e-15, 0, 5500000.0, 3.36e+12, 3.0e+31, 0, 0, 0.511658225980, -1.474000000e-15, 0
0.30636786268, 3.02e-15, 0, 1610000.0, 9.73e+11, 4.1e+33, 0, 0, 3.264049927600, -3.218000000e-14, 0
0.96334832315, 1.03e-15, 0, 14800000.0, 1.01e+12, 4.5e+31, 0, 0, 1.038046131360, -1.110000000e-15, 0
0.04174114783993, 5.5e-19, 0, 1200000000.0, 4.85e+09, 3.0e+32, 0, 0, 23.957175395244, -3.157000000e-16, 0
0.472995435514, 1.5433e-15, 0, 4860000.0, 8.65e+11, 5.8e+32, 0, 0, 2.114185306910, -6.898000000e-15, 0
0.00934797221025, 2.45e-20, 1, 6050000000.0, 4.84e+08, 1.2e+33, 0, 0, 106.975071973760, -2.800000000e-16, 0
0.0616961234035, 8.587e-15, 0, 114000.0, 7.37e+11, 1.4e+36, 0, 0, 16.208473804100, -2.255930000e-12, 0
0.46761632345, 6.3304e-15, 0, 1170000.0, 1.74e+12, 2.4e+33, 0, 0, 2.138505329800, -2.895000000e-14, 0
0.02863488819045, 1.418e-19, 1, 3200000000.0, 2.04e+09, 2.4e+32, 0, 0, 34.922434246953, -1.729000000e-16, 0
0.45960536385, 1.1201e-15, 0, 6500000.0, 7.26e+11, 4.6e+32, 0, 0, 2.175779655010, -5.303000000e-15, 0
1.1758400229, 3.6e-16, 0, 51800000.0, 6.58e+11, 8.7e+30, 0, 0, 0.850455827770, -2.600000000e-16, 0
0.7320612647, 3.38e-16, 0, 34300000.0, 5.03e+11, 3.4e+31, 0, 0, 1.366005890800, -6.310000000e-16, 0
2.7602279448, 8.2e-15, 0, 5310000.0, 4.82e+12, 1.5e+31, 0, 0, 0.362288919610, -1.080000000e-15, 0
4.7585755679, 1.8542e-14, 0, 4070000.0, 9.51e+12, 6.8e+30, 0, 0, 0.210146920172, -8.188000000e-16, 0
0.00219469577985, 9.8102e-21, 1, 3540000000.0, 1.48e+08, 3.7e+34, 0, 0, 455.644016442381, -2.036700000e-15, 0
0.463329577191, 8.6e-17, 0, 85400000.0, 2.02e+11, 3.4e+31, 0, 0, 2.158290878090, -4.000000000e-16, 0
0.38662501748, 5.0706e-14, 0, 121000.0, 4.48e+12, 3.5e+34, 0, 0, 2.586485495750, -3.392200000e-13, 0
0.1549913579183, 1.44989e-15, 0, 1690000.0, 4.80e+11, 1.5e+34, 0, 0, 6.451972635320, -6.035600000e-14, 0
0.00579230273497, 1.162e-20, 0, 7900000000.0, 2.63e+08, 2.4e+33, 0, 0, 172.642910040475, -3.463000000e-16, 0
0.1794847539641, 2.7461e-15, 0, 1040000.0, 7.10e+11, 1.9e+34, 0, 0, 5.571503862660, -8.524300000e-14, 0
0.04524877299803, 8.17e-19, 1, 878000000.0, 6.15e+09, 3.5e+32, 0, 0, 22.100046780130, -3.990000000e-16, 0
0.00798720479626, 2.428e-20, 1, 5210000000.0, 4.46e+08, 1.9e+33, 0, 0, 125.200245330890, -3.806000000e-16, 8.0000000e-27
0.2633768148933, 9.826e-17, 0, 42500000.0, 1.63e+11, 2.1e+32, 0, 0, 3.796841420550, -1.416500000e-15, 0
1.7483010801, 5.29e-15, 0, 5240000.0, 3.08e+12, 3.9e+31, 0, 0, 0.571983859900, -1.731000000e-15, 0
1.4986374368, 3.66e-15, 0, 6490000.0, 2.37e+12, 4.3e+31, 0, 0, 0.667272800910, -1.630000000e-15, 0
0.39073936418, 1.2306e-14, 0, 503000.0, 2.22e+12, 8.1e+33, 0, 0, 2.559250722300, -8.060000000e-14, 0
0.103150638274, 2.52704e-14, 0, 64700.0, 1.63e+12, 9.1e+35, 0, 0, 9.694559498000, -2.375030000e-12, -4.0000000e-23
0.4640368139284, 2.391e-16, 0, 30700000.0, 3.37e+11, 9.4e+31, 0, 0, 2.155001435200, -1.110000000e-15, 0
0.7829485661, 1.7e-16, 0, 73000000.0, 3.69e+11, 1.4e+31, 0, 0, 1.277223106700, -2.800000000e-16, 0
0.53550439779, 1.8286e-15, 0, 4640000.0, 1.00e+12, 4.7e+32, 0, 0, 1.867398296125, -6.376500000e-15, 0
0.66810515091, 3.64e-14, 0, 291000.0, 4.99e+12, 4.8e+33, 0, 0, 1.496770379100, -8.155000000e-14, 0
0.84210384, 1.348e-15, 0, 9900000.0, 1.08e+12, 8.9e+31, 0, 0, 1.187502006880, -1.901000000e-15, 0
0.026744423767, 3.145e-19, 1, 1350000000.0, 2.93e+09, 6.5e+32, 0, 0, 37.390971991470, -4.397000000e-16, 0
3.31400150122, 1.4e-16, 0, 375000000.0, 6.89e+11, 1.5e+29, 0, 0, 0.301750014184, -1.270000000e-17, 0
0.41298519981, 5.529e-15, 0, 1180000.0, 1.53e+12, 3.1e+33, 0, 0, 2.421394278680, -3.242000000e-14, 0
0.840738545, 6.37e-15, 0, 2090000.0, 2.34e+12, 4.2e+32, 0, 0, 1.189430419000, -9.010000000e-15, 0
0.28675704522, 1.6045e-15, 0, 2830000.0, 6.86e+11, 2.7e+33, 0, 0, 3.487272646500, -1.951200000e-14, 0
0.35565490117, 1.157e-15, 0, 4870000.0, 6.49e+11, 1.0e+33, 0, 0, 2.811714380200, -9.150000000e-15, 0
0.739681922904, 4.99821e-15, 0, 2340000.0, 1.95e+12, 4.9e+32, 0, 0, 1.351932457770, -9.135340000e-15, 5.1600000e-26
0.088921760489, 9.1698e-15, 0, 154000.0, 9.14e+11, 5.1e+35, 0, 0, 11.245841226000, -1.159690000e-12, 0
0.3390384487, 2.121e-15, 0, 2530000.0, 8.58e+11, 2.1e+33, 0, 0, 2.949517979000, -1.845000000e-14, 0
0.9438712975, 6.1e-16, 0, 24500000.0, 7.68e+11, 2.9e+31, 0, 0, 1.059466478800, -6.800000000e-16, 0
0.2003836959221, 4.848e-16, 0, 6550000.0, 3.15e+11, 2.4e+33, 0, 0, 4.990425969530, -1.207400000e-14, 0
0.30151055002, 3.44e-16, 0, 13900000.0, 3.26e+11, 5.0e+32, 0, 0, 3.316633530500, -3.800000000e-15, 0
2.0405315742, 1.92e-15, 0, 16800000.0, 2.00e+12, 8.9e+30, 0, 0, 0.490068378580, -4.610000000e-16, 0
0.128694148448, 6.85121e-15, 0, 298000.0, 9.50e+11, 1.3e+35, 0, 0, 7.770361061940, -4.136660000e-13, 0
0.9734580348, 2.755e-14, 0, 560000.0, 5.24e+12, 1.2e+33, 0, 0, 1.027265649110, -2.907000000e-14, 0
0.15125125831483, 1.531467518e-12, 0, 1560.0, 1.54e+13, 1.7e+37, 0, 0, 6.611515243850, -6.694371307e-11, 1.9185594e-21
1.046117156733, 8.5284e-15, 0, 1940000.0, 3.02e+12, 2.9e+32, 0, 0, 0.955915877647, -7.793000000e-15, 0
0.45483920949, 9.25e-16, 0, 7790000.0, 6.56e+11, 3.9e+32, 0, 0, 2.198579144300, -4.471000000e-15, 0
0.00358933667967, 1.8646e-20, 1, 3050000000.0, 2.62e+08, 1.6e+34, 0, 0, 278.603009202960, -1.447300000e-15, 0
0.148796488226, 2.8829e-15, 0, 818000.0, 6.63e+11, 3.5e+34, 0, 0, 6.720588717700, -1.302100000e-13, 0
0.2866461965, 6.098e-15, 0, 745000.0, 1.34e+12, 1.0e+34, 0, 0, 3.488621206900, -7.422000000e-14, 0
0.650836871901, 2.155e-16, 0, 47900000.0, 3.79e+11, 3.1e+31, 0, 0, 1.536483323508, -5.087000000e-16, 0
0.88661249686, 2.098e-15, 0, 6700000.0, 1.38e+12, 1.2e+32, 0, 0, 1.127888455830, -2.669000000e-15, 0
0.00555359252421, 4.122e-20, 0, 2130000000.0, 4.84e+08, 9.5e+33, 0, 0, 180.063624697270, -1.336500000e-15, 0
0.00248392757025, 2.6069e-20, 1, 1510000000.0, 2.58e+08, 6.7e+34, 0, 0, 402.588228408430, -4.225200000e-15, -1.4500000e-26
0.7949966745699, 4.179e-16, 0, 30100000.0, 5.83e+11, 3.3e+31, 0, 0, 1.257866896790, -6.610000000e-16, 0
0.04093498890833, 2.719e-20, 1, 23900000000.0, 1.07e+09, 1.6e+31, 0, 0, 24.428979380924, -1.622630000e-17, -5.1000000e-28
0.214924800284, 4.06e-17, 0, 83900000.0, 9.45e+10, 1.6e+32, 0, 0, 4.652790179070, -8.800000000e-16, 0
0.51875778474, 4.273e-15, 0, 1920000.0, 1.51e+12, 1.2e+33, 0, 0, 1.927681915160, -1.587800000e-14, 0
2.15430706064, 8.372e-15, 0, 4080000.0, 4.30e+12, 3.3e+31, 0, 0, 0.464186381910, -1.804000000e-15, 0
1.25405163056, 5.96e-15, 0, 3330000.0, 2.77e+12, 1.2e+32, 0, 0, 0.797415334130, -3.790000000e-15, 0
1.3896046876, 3.3e-15, 0, 6670000.0, 2.17e+12, 4.9e+31, 0, 0, 0.719629121100, -1.710000000e-15, 0
0.10213598087, 3.1239e-14, 0, 51800.0, 1.81e+12, 1.2e+36, 0, 0, 9.790868913000, -2.994600000e-12, -2.6000000e-23
0.395352859901, 2.0035e-15, 0, 3130000.0, 9.01e+11, 1.3e+33, 0, 0, 2.529386028092, -1.281800000e-14, 0
0.078218548881, 3.895005e-14, 0, 31800.0, 1.77e+12, 3.2e+36, 0, 0, 12.784691282400, -6.366320000e-12, 0
1.11604861927, 3.5647e-13, 0, 49600.0, 2.02e+13, 1.0e+34, 0, 0, 0.896018312050, -2.861900000e-13, 0
0.96104262694, 1.26016e-13, 0, 121000.0, 1.11e+13, 5.6e+33, 0, 0, 1.040536571390, -1.364400000e-13, 0
1.01169421772, 1.6174e-14, 0, 991000.0, 4.09e+12, 6.2e+32, 0, 0, 0.988440956250, -1.580200000e-14, 0
0.3551560369998, 8.96e-18, 0, 628000000.0, 5.71e+10, 7.9e+30, 0, 0, 2.815663809202, -7.100000000e-17, 0
0.01135988179177, 1.314e-19, 1, 1370000000.0, 1.24e+09, 3.5e+33, 0, 0, 88.029085014310, -1.018000000e-15, 0
0.28034866206, 1.16e-16, 0, 38300000.0, 1.82e+11, 2.1e+32, 0, 0, 3.566986882200, -1.480000000e-15, 0
0.30188789663, 1.23e-16, 0, 38900000.0, 1.95e+11, 1.8e+32, 0, 0, 3.312487884300, -1.350000000e-15, 0
2.4175822701, 1.907e-14, 0, 2010000.0, 6.87e+12, 5.3e+31, 0, 0, 0.413636388870, -3.263000000e-15, 0
1.0487048866, 1.128e-14, 0, 1470000.0, 3.48e+12, 3.9e+32, 0, 0, 0.953557109100, -1.026000000e-14, 0
0.06082223035146, 2.49e-19, 1, 3870000000.0, 3.94e+09, 4.4e+31, 0, 0, 16.441356954875, -6.730000000e-17, 0
0.52655613914, 3.955e-16, 0, 21100000.0, 4.62e+11, 1.1e+32, 0, 0, 1.899132733754, -1.426500000e-15, 0
3.467301517, 7.75e-15, 0, 7090000.0, 5.25e+12, 7.3e+30, 0, 0, 0.288408722200, -6.446418000e-16, 0
0.00848628211574, 2.7e-20, 1, 4980000000.0, 4.84e+08, 1.7e+33, 0, 0, 117.837232649300, -3.750000000e-16, 0
0.8912645399, 8.1e-16, 0, 17400000.0, 8.60e+11, 4.5e+31, 0, 0, 1.122001331000, -1.020000000e-15, 0
0.8222487311, 4.1e-15, 0, 3180000.0, 1.86e+12, 2.9e+32, 0, 0, 1.216177006000, -6.100000000e-15, 0
0.278956721152, 4.683e-15, 0, 944000.0, 1.16e+12, 8.5e+33, 0, 0, 3.584785467330, -6.018000000e-14, 0
0.356849312855, 9.63e-17, 0, 58700000.0, 1.88e+11, 8.4e+31, 0, 0, 2.802303280340, -7.560000000e-16, 0
0.0842016828855, 1.37406e-14, 0, 97100.0, 1.09e+12, 9.1e+35, 0, 0, 11.876247192820, -1.938050000e-12, 0
1.124835742767, 7.7956e-16, 0, 22900000.0, 9.48e+11, 2.2e+31, 0, 0, 0.889018691334, -6.161300000e-16, -8.5000000e-28
0.4438246083, 6.5e-17, 0, 108000000.0, 1.72e+11, 2.9e+31, 0, 0, 2.253142302800, -3.300000000e-16, 0
1.2214259588, 1.8e-16, 0, 108000000.0, 4.74e+11, 3.9e+30, 0, 0, 0.818715201500, -1.210000000e-16, 0
1.36888090921, 1.426e-15, 0, 15200000.0, 1.41e+12, 2.2e+31, 0, 0, 0.730523738969, -7.610000000e-16, 0
0.2896888952, 1.5429e-15, 0, 2970000.0, 6.77e+11, 2.5e+33, 0, 0, 3.451979059500, -1.838500000e-14, 0
0.432866133845, 4.0705e-15, 0, 1680000.0, 1.34e+12, 2.0e+33, 0, 0, 2.310183037690, -2.172400000e-14, 0
0.46840160422, 4.05e-17, 0, 183000000.0, 1.39e+11, 1.6e+31, 0, 0, 2.134920100590, -1.850000000e-16, 0
0.56673415672, 1.4338e-14, 0, 626000.0, 2.88e+12, 3.1e+33, 0, 0, 1.764495730750, -4.464000000e-14, 0
0.307177662775, 2.716e-15, 0, 1790000.0, 9.24e+11, 3.7e+33, 0, 0, 3.255445044300, -2.878000000e-14, 0
1.31975904174, 7.9e-16, 0, 26500000.0, 1.03e+12, 1.4e+31, 0, 0, 0.757714073840, -4.536000000e-16, 0
0.8814384311, 1.91e-15, 0, 7310000.0, 1.31e+12, 1.1e+32, 0, 0, 1.134509189400, -2.460000000e-15, 0
0.55784066031, 1.366e-15, 0, 6470000.0, 8.83e+11, 3.1e+32, 0, 0, 1.792626588830, -4.390000000e-15, 0
0.0379044411783, 2.422494e-18, 1, 248000000.0, 9.70e+09, 1.8e+33, 0, 0, 26.382132776894, -1.686097000e-15, 1.7000000e-29
0.30131077523, 1.932e-15, 0, 2470000.0, 7.72e+11, 2.8e+33, 0, 0, 3.318832521800, -2.128000000e-14, 0
1.52812410566, 4.172e-15, 0, 5800000.0, 2.56e+12, 4.6e+31, 0, 0, 0.654397111000, -1.787000000e-15, 0
0.43046412386, 2.78e-15, 0, 2450000.0, 1.11e+12, 1.4e+33, 0, 0, 2.323073967300, -1.500000000e-14, 0
3.44938495332, 6.889e-15, 0, 7930000.0, 4.93e+12, 6.6e+30, 0, 0, 0.289906755417, -5.790000000e-16, 0
0.27672613726, 1.42e-15, 0, 3080000.0, 6.35e+11, 2.7e+33, 0, 0, 3.613681056300, -1.860000000e-14, 0
0.39573063893, 4.1e-17, 0, 153000000.0, 1.29e+11, 2.6e+31, 0, 0, 2.526971383100, -2.600000000e-16, 0
0.104674920844, 3.2082e-15, 0, 517000.0, 5.86e+11, 1.1e+35, 0, 0, 9.553386732300, -2.928000000e-13, 0
1.90849449143, 7.3118e-15, 0, 4140000.0, 3.78e+12, 4.2e+31, 0, 0, 0.523973217890, -2.007440000e-15, 0
0.84398039688, 7.12e-15, 0, 1880000.0, 2.48e+12, 4.7e+32, 0, 0, 1.184861643350, -1.000000000e-14, 0
0.341212811806, 4.5498e-15, 0, 1190000.0, 1.26e+12, 4.5e+33, 0, 0, 2.930722309950, -3.907900000e-14, 0
0.506568335296, 4.2e-17, 0, 191000000.0, 1.48e+11, 1.3e+31, 0, 0, 1.974067327790, -1.640000000e-16, 0
1.27284159978, 1.267e-15, 0, 15900000.0, 1.29e+12, 2.4e+31, 0, 0, 0.785643712600, -7.820000000e-16, 0
1.00495831813, 7.28e-16, 0, 21900000.0, 8.66e+11, 2.8e+31, 0, 0, 0.995066145490, -7.210000000e-16, 0
0.2433922004, 4.8493e-15, 0, 795000.0, 1.10e+12, 1.3e+34, 0, 0, 4.108595092000, -8.185900000e-14, 0
1.63084630957, 2.016e-16, 0, 128000000.0, 5.80e+11, 1.8e+30, 0, 0, 0.613178565100, -7.580000000e-17, 0
0.61291628569, 4.2e-16, 0, 23100000.0, 5.14e+11, 7.2e+31, 0, 0, 1.631544182040, -1.120000000e-15, 0
0.29583755345, 7.502e-14, 0, 62500.0, 4.77e+12, 1.1e+35, 0, 0, 3.380233470500, -8.572000000e-13, 0
0.5992450364, 3.968e-15, 0, 2390000.0, 1.56e+12, 7.3e+32, 0, 0, 1.668766429900, -1.105000000e-14, 0
1.7838649877, 5.9e-16, 0, 48000000.0, 1.04e+12, 4.1e+30, 0, 0, 0.560580541070, -1.850000000e-16, 0
1.20756776526, 7.78e-14, 0, 246000.0, 9.81e+12, 1.7e+33, 0, 0, 0.828110876070, -5.335000000e-14, 0
0.709064069786, 8.7954e-16, 0, 12800000.0, 7.99e+11, 9.7e+31, 0, 0, 1.410309790908, -1.749380000e-15, 1.3100000e-26
0.748448416229, 4.3248e-16, 0, 27400000.0, 5.76e+11, 4.1e+31, 0, 0, 1.336097422770, -7.720500000e-16, -1.3900000e-26
0.6442550645, 1.0132e-14, 0, 1010000.0, 2.59e+12, 1.5e+33, 0, 0, 1.552180270100, -2.441000000e-14, 0
0.00205696039242, 1.6159e-20, 1, 2020000000.0, 1.84e+08, 7.3e+34, 0, 0, 486.154232083000, -3.819000000e-15, 0
0.37711856263, 5.2018e-14, 0, 115000.0, 4.48e+12, 3.8e+34, 0, 0, 2.651685965850, -3.657600000e-13, 0
0.00215928839043, 2.933e-21, 1, 11700000000.0, 8.05e+07, 1.2e+34, 0, 0, 463.115535854620, -6.290000000e-16, 0
0.178553799688, 6.07e-17, 0, 46600000.0, 1.05e+11, 4.2e+32, 0, 0, 5.600552896400, -1.900000000e-15, 0
0.00357528861885, 5.25e-20, 1, 1080000000.0, 4.38e+08, 4.5e+34, 0, 0, 279.697699013306, -4.107000000e-15, 0
0.58083988615, 1.18e-14, 0, 780000.0, 2.65e+12, 2.4e+33, 0, 0, 1.721644852300, -3.498000000e-14, 0
1.576924632943, 2.938e-15, 0, 8500000.0, 2.18e+12, 3.0e+31, 0, 0, 0.634145715724, -1.181000000e-15, 0
0.64719774666, 2.6e-17, 0, 401000000.0, 1.30e+11, 3.7e+30, 0, 0, 1.545122808550, -6.100000000e-17, 0
0.242190323768, 5.94e-16, 0, 6460000.0, 3.84e+11, 1.7e+33, 0, 0, 4.128984116470, -1.013000000e-14, 0
0.14565471947, 8e-19, 0, 2880000000.0, 1.09e+10, 1.0e+31, 0, 0, 6.865551652800, -3.800000000e-17, 0
0.602738077704, 4.047e-15, 0, 2360000.0, 1.58e+12, 7.3e+32, 0, 0, 1.659095446250, -1.114000000e-14, 0
0.170933992695, 1.0736e-14, 0, 252000.0, 1.37e+12, 8.5e+34, 0, 0, 5.850211442640, -3.674400000e-13, 0
1.262471311613, 8.541e-16, 0, 23400000.0, 1.05e+12, 1.7e+31, 0, 0, 0.792097207122, -5.359000000e-16, 0
0.288346763122, 1.410892e-14, 0, 324000.0, 2.04e+12, 2.3e+34, 0, 0, 3.468046560230, -1.696929000e-13, 0
0.497772394, 4.7e-17, 0, 168000000.0, 1.55e+11, 1.5e+31, 0, 0, 2.008950299500, -1.900000000e-16, 0
0.74965894957, 1.7774e-14, 0, 668000.0, 3.69e+12, 1.7e+33, 0, 0, 1.333939921040, -3.162700000e-14, 0
1.42112434544, 9.35e-16, 0, 24100000.0, 1.17e+12, 1.3e+31, 0, 0, 0.703668192870, -4.630000000e-16, 0
2.06983302, 2.318e-11, 0, 1410.0, 2.22e+14, 1.0e+35, 0, 0, 0.483130760000, -5.411000000e-12, 0
0.674060361, 1.88e-16, 0, 56800000.0, 3.60e+11, 2.4e+31, 0, 0, 1.483546664200, -4.140000000e-16, 0
0.45339416464, 1.951299e-13, 0, 36800.0, 9.52e+12, 8.3e+34, 0, 0, 2.205586392570, -9.492310000e-13, 0
0.00628431138142, 1.9e-20, 0, 5240000000.0, 3.50e+08, 3.0e+33, 0, 0, 159.126424409360, -4.811000000e-16, 0
1.0813282469, 1.565e-14, 0, 1090000.0, 4.16e+12, 4.9e+32, 0, 0, 0.924788567100, -1.338000000e-14, 0
0.1252295584025, 2.29442e-15, 0, 865000.0, 5.42e+11, 4.6e+34, 0, 0, 7.985335193680, -1.463050000e-13, 0
3.418039313, 3.12e-14, 0, 1740000.0, 1.04e+13, 3.1e+31, 0, 0, 0.292565388600, -2.670000000e-15, 0
0.97540989108, 2.054e-15, 0, 7520000.0, 1.43e+12, 8.7e+31, 0, 0, 1.025210026210, -2.159000000e-15, 0
0.5325777412091, 6.93702e-16, 0, 12200000.0, 6.15e+11, 1.8e+32, 0, 0, 1.877660147286, -2.445720000e-15, -3.0300000e-26
0.5181097798008, 6.2232e-17, 0, 132000000.0, 1.82e+11, 1.8e+31, 0, 0, 1.930092885690, -2.318300000e-16, -2.0000000e-28
0.99468068673, 1.042e-14, 0, 1510000.0, 3.26e+12, 4.2e+32, 0, 0, 1.005347759680, -1.053000000e-14, 0
0.329186857758, 3.3012e-16, 0, 15800000.0, 3.34e+11, 3.7e+32, 0, 0, 3.037788345533, -3.046400000e-15, 0
0.59457526355, 6.04e-15, 0, 1560000.0, 1.92e+12, 1.1e+33, 0, 0, 1.681872861700, -1.709000000e-14, 0
1.12234168628, 1.86406e-13, 0, 95400.0, 1.46e+13, 5.2e+33, 0, 0, 0.890994259795, -1.479820000e-13, 0
0.2570560976508, 1.01916e-15, 0, 4000000.0, 5.18e+11, 2.4e+33, 0, 0, 3.890201435169, -1.542360000e-14, 0
0.9572424424, 2.0479e-14, 0, 741000.0, 4.48e+12, 9.2e+32, 0, 0, 1.044667427700, -2.234900000e-14, 0
0.00359792850965, 9.4998e-21, 1, 6000000000.0, 1.87e+08, 8.1e+33, 0, 0, 277.937707021312, -7.338500000e-16, 0
0.1926012327811, 5.062326e-15, 0, 603000.0, 9.99e+11, 2.8e+34, 0, 0, 5.192074762764, -1.364684000e-13, 0
0.194454482247, 2.1252e-15, 0, 1450000.0, 6.51e+11, 1.1e+34, 0, 0, 5.142591666900, -5.620400000e-14, 0
1.247666174, 8.9e-16, 0, 22300000.0, 1.06e+12, 1.8e+31, 0, 0, 0.801496442580, -5.700000000e-16, 0
2.559356631, 7.2e-16, 0, 56300000.0, 1.37e+12, 1.7e+30, 0, 0, 0.390723195000, -1.100000000e-16, 0
0.288456511543, 6.2371e-14, 0, 73300.0, 4.29e+12, 1.0e+35, 0, 0, 3.466727080110, -7.495900000e-13, 0
0.81999003685, 1.594e-14, 0, 815000.0, 3.66e+12, 1.1e+33, 0, 0, 1.219527012600, -2.371000000e-14, 0
0.86422735995, 6.958e-14, 0, 197000.0, 7.85e+12, 4.3e+33, 0, 0, 1.157102917980, -9.316000000e-14, 0
0.283070376692, 1.59223e-15, 0, 2820000.0, 6.79e+11, 2.8e+33, 0, 0, 3.532690392000, -1.987090000e-14, 1.1000000e-25
0.778313192792, 3.00939e-15, 0, 4100000.0, 1.55e+12, 2.5e+32, 0, 0, 1.284829820773, -4.967870000e-15, -4.5000000e-29
0.141908588964, 1.2425e-16, 0, 18100000.0, 1.34e+11, 1.7e+33, 0, 0, 7.046789819420, -6.170000000e-15, 0
0.49607711306, 2.795e-15, 0, 2810000.0, 1.19e+12, 9.0e+32, 0, 0, 2.015815633600, -1.135800000e-14, 0
0.01484195225108, 1.563e-20, 1, 15000000000.0, 4.87e+08, 1.9e+32, 0, 0, 67.376581131844, -7.095600000e-17, 0
0.527465874211, 4.961e-15, 0, 1680000.0, 1.64e+12, 1.3e+33, 0, 0, 1.895857246680, -1.783000000e-14, 0
0.327417572788, 1.0194e-15, 0, 5090000.0, 5.85e+11, 1.1e+33, 0, 0, 3.054203815280, -9.509000000e-15, 0
0.341402932218, 8.4e-17, 0, 64400000.0, 1.71e+11, 8.3e+31, 0, 0, 2.929090249760, -7.207000000e-16, 0
1.0136087473, 4.75e-15, 0, 3380000.0, 2.22e+12, 1.8e+32, 0, 0, 0.986573964200, -4.620000000e-15, 0
0.6580131007, 2.56e-16, 0, 40700000.0, 4.15e+11, 3.5e+31, 0, 0, 1.519726581300, -5.900000000e-16, 0
0.42181623358258, 3.060926e-16, 0, 21800000.0, 3.64e+11, 1.6e+32, 0, 0, 2.370700604637, -1.720308000e-15, -2.0100000e-27
0.34272279247, 2.54e-15, 0, 2140000.0, 9.44e+11, 2.5e+33, 0, 0, 2.917810026000, -2.160000000e-14, 0
0.298116357616, 2.49e-17, 0, 190000000.0, 8.72e+10, 3.7e+31, 0, 0, 3.354394934910, -2.800000000e-16, 0
1.55791724762, 5.09e-16, 0, 48500000.0, 9.01e+11, 5.3e+30, 0, 0, 0.641882617020, -2.097000000e-16, 0
0.249608954839, 5.01e-16, 0, 7890000.0, 3.58e+11, 1.3e+33, 0, 0, 4.006266524560, -8.040000000e-15, 0
1.2794023539, 1.296e-14, 0, 1560000.0, 4.12e+12, 2.4e+32, 0, 0, 0.781614944600, -7.920000000e-15, 0
1.018392746362, 2.2984e-16, 0, 70200000.0, 4.90e+11, 8.6e+30, 0, 0, 0.981939436993, -2.216100000e-16, 6.1000000e-28
0.48111885215, 1.3625e-14, 0, 559000.0, 2.59e+12, 4.8e+33, 0, 0, 2.078488497260, -5.886000000e-14, 0
0.78646802352, 2.615e-15, 0, 4770000.0, 1.45e+12, 2.1e+32, 0, 0, 1.271507512190, -4.228000000e-15, 0
1.296850239, 1.95e-15, 0, 10500000.0, 1.61e+12, 3.5e+31, 0, 0, 0.771099059800, -1.160000000e-15, 0
0.66643792285, 5.4e-16, 0, 19500000.0, 6.08e+11, 7.2e+31, 0, 0, 1.500514850240, -1.220000000e-15, 0
0.182491659288, 5.1658e-15, 0, 560000.0, 9.83e+11, 3.4e+34, 0, 0, 5.479702491070, -1.551140000e-13, 0
0.3545503166464, 2e-18, 0, 2790000000.0, 2.70e+10, 1.8e+30, 0, 0, 2.820474141608, -1.600000000e-17, 0
0.4266459810253, 3.727e-17, 0, 181000000.0, 1.28e+11, 1.9e+31, 0, 0, 2.343863635131, -2.048000000e-16, 0
0.92383371069, 1.5736e-15, 0, 9300000.0, 1.22e+12, 7.9e+31, 0, 0, 1.082445886560, -1.843800000e-15, 0
0.48331051132, 3.784e-15, 0, 2020000.0, 1.37e+12, 1.3e+33, 0, 0, 2.069063214200, -1.620000000e-14, 0
0.61552045802, 9.347e-16, 0, 10400000.0, 7.68e+11, 1.6e+32, 0, 0, 1.624641369710, -2.467000000e-15, 0
0.38237595278, 6.32e-16, 0, 9590000.0, 4.97e+11, 4.5e+32, 0, 0, 2.615227220000, -4.323000000e-15, 0
0.45750181782, 1.9231e-14, 0, 377000.0, 3.00e+12, 7.9e+33, 0, 0, 2.185783664800, -9.188000000e-14, 0
0.65522059567, 6.629e-15, 0, 1570000.0, 2.11e+12, 9.3e+32, 0, 0, 1.526203551300, -1.544000000e-14, 0
1.206801436397, 2.35957e-15, 0, 8100000.0, 1.71e+12, 5.3e+31, 0, 0, 0.828636733302, -1.620171000e-15, -6.9000000e-28
0.00315080765343, 9.6216e-21, 1, 5190000000.0, 1.76e+08, 1.2e+34, 0, 0, 317.378942161800, -9.691800000e-16, 0
0.407292274238, 1.5851e-16, 0, 40700000.0, 2.57e+11, 9.3e+31, 0, 0, 2.455239304180, -9.555000000e-16, 0
0.23169383623, 4.94943e-13, 0, 7420.0, 1.08e+13, 1.6e+36, 0, 0, 4.316040583000, -9.219900000e-12, -1.6000000e-21
1.5340081422, 7.44e-15, 0, 3270000.0, 3.42e+12, 8.1e+31, 0, 0, 0.651887022300, -3.160000000e-15, 0
0.57259227192, 2.9e-17, 0, 313000000.0, 1.30e+11, 6.1e+30, 0, 0, 1.746443410150, -8.800000000e-17, 0
2.47756787384, 1.58437e-15, 0, 24800000.0, 2.00e+12, 4.1e+30, 0, 0, 0.403621636589, -2.581100000e-16, -2.2000000e-29
0.360957675308, 3.377e-16, 0, 16900000.0, 3.53e+11, 2.8e+32, 0, 0, 2.770407913190, -2.592000000e-15, 0
0.79152571562, 1.9993e-15, 0, 6270000.0, 1.27e+12, 1.6e+32, 0, 0, 1.263382831750, -3.191200000e-15, 0
0.49138412183, 4.6592e-14, 0, 167000.0, 4.84e+12, 1.6e+34, 0, 0, 2.035067792330, -1.929608108e-13, 0
1.2195938825, 1.908e-14, 0, 1010000.0, 4.88e+12, 4.2e+32, 0, 0, 0.819945077100, -1.283000000e-14, 0
1.0258308926, 2.891e-14, 0, 562000.0, 5.51e+12, 1.1e+33, 0, 0, 0.974819541100, -2.747000000e-14, 0
3.42846630955, 1.8129e-14, 0, 3000000.0, 7.98e+12, 1.8e+31, 0, 0, 0.291675609358, -1.542300000e-15, 0
0.567080221721, 1.64665e-14, 0, 546000.0, 3.09e+12, 3.6e+33, 0, 0, 1.763418933860, -5.120500000e-14, 0
0.069356847, 1.351e-13, 0, 8130.0, 3.10e+12, 1.6e+37, 0, 0, 14.418187100000, -2.809000000e-11, 0
0.20355287786, 1.9926e-15, 0, 1620000.0, 6.44e+11, 9.3e+33, 0, 0, 4.912728380500, -4.809100000e-14, 0
0.1719346524466, 1.04879e-14, 0, 260000.0, 1.36e+12, 8.1e+34, 0, 0, 5.816163209510, -3.547820000e-13, 0
1.15636028782, 6.7e-17, 0, 272000000.0, 2.82e+11, 1.7e+30, 0, 0, 0.864782378410, -5.040000000e-17, 0
1.08401994353, 1.303e-14, 0, 1320000.0, 3.80e+12, 4.0e+32, 0, 0, 0.922492253000, -1.109000000e-14, 0
0.37192413884, 7.68e-16, 0, 7670000.0, 5.41e+11, 5.9e+32, 0, 0, 2.688720348000, -5.550000000e-15, 0
0.7314627228, 2.57e-15, 0, 4510000.0, 1.39e+12, 2.6e+32, 0, 0, 1.367123667200, -4.803000000e-15, 0
0.91693752262, 1.5649e-15, 0, 9280000.0, 1.21e+12, 8.0e+31, 0, 0, 1.090586845160, -1.861300000e-15, 0
0.45768147104, 5.051e-15, 0, 1440000.0, 1.54e+12, 2.1e+33, 0, 0, 2.184925681450, -2.411500000e-14, 0
0.26507223569, 3.07e-16, 0, 13700000.0, 2.89e+11, 6.5e+32, 0, 0, 3.772556553800, -4.370000000e-15, 0
0.73509164794, 1.1e-16, 0, 106000000.0, 2.88e+11, 1.1e+31, 0, 0, 1.360374591120, -2.036000000e-16, 0
1.0729678942, 1.708e-14, 0, 995000.0, 4.33e+12, 5.5e+32, 0, 0, 0.931994335900, -1.484000000e-14, 0
4.3261, 1.7e-11, 0, 4030.0, 2.74e+14, 8.3e+33, 0, 0, 0.231155000000, -9.100000000e-13, 0
0.02362344473939, 5.88e-20, 1, 6360000000.0, 1.19e+09, 1.8e+32, 0, 0, 42.330829014640, -1.054000000e-16, 0
0.503014997755, 1.958e-15, 0, 4070000.0, 1.00e+12, 6.1e+32, 0, 0, 1.988012294790, -7.738000000e-15, 0
1.2764458195155, 2.580711e-15, 0, 7840000.0, 1.84e+12, 4.9e+31, 0, 0, 0.783425339886, -1.583925000e-15, 4.0000000e-28
0.0110757509142, 6.7093e-19, 1, 262000000.0, 2.76e+09, 1.9e+34, 0, 0, 90.287332005426, -5.469300000e-15, 1.9283000e-23
0.3645903553, 1.022e-15, 0, 5650000.0, 6.18e+11, 8.3e+32, 0, 0, 2.742804316000, -7.690000000e-15, 0
0.7257321554, 4.209e-14, 0, 273000.0, 5.59e+12, 4.3e+33, 0, 0, 1.377918826600, -7.991000000e-14, 0
0.23316407639, 7.992e-16, 0, 4620000.0, 4.37e+11, 2.5e+33, 0, 0, 4.288825343440, -1.470000000e-14, 0
0.8712426056, 6.1e-17, 0, 227000000.0, 2.33e+11, 3.6e+30, 0, 0, 1.147785925100, -8.000000000e-17, 0
0.44872324857, 4.148e-15, 0, 1710000.0, 1.38e+12, 1.8e+33, 0, 0, 2.228545107000, -2.060000000e-14, 0
2.3552781933, 4.43e-16, 0, 84200000.0, 1.03e+12, 1.3e+30, 0, 0, 0.424578295190, -7.990000000e-17, 0
0.46033949229, 1.6762e-14, 0, 435000.0, 2.81e+12, 6.8e+33, 0, 0, 2.172309820800, -7.910000000e-14, 0
0.35585626277, 6.647e-15, 0, 848000.0, 1.56e+12, 5.8e+33, 0, 0, 2.810123369000, -5.249000000e-14, 0
0.370141128114, 8.2788e-15, 0, 708000.0, 1.77e+12, 6.4e+33, 0, 0, 2.701672211070, -6.042700000e-14, 0
0.29392818864, 1.7476e-14, 0, 266000.0, 2.29e+12, 2.7e+34, 0, 0, 3.402191551000, -2.022800000e-13, 0
0.45086776633, 7.664e-16, 0, 9320000.0, 5.95e+11, 3.3e+32, 0, 0, 2.217945204070, -3.770000000e-15, 0
0.490856730096, 3.93e-16, 0, 19800000.0, 4.44e+11, 1.3e+32, 0, 0, 2.037254332449, -1.631000000e-15, 0
0.140745806053, 1.7305e-15, 0, 1290000.0, 4.99e+11, 2.5e+34, 0, 0, 7.105007446000, -8.736000000e-14, 0
0.612330650088, 3.641e-15, 0, 2660000.0, 1.51e+12, 6.3e+32, 0, 0, 1.633104597750, -9.710000000e-15, 0
0.3524642132, 7.38e-16, 0, 7570000.0, 5.16e+11, 6.7e+32, 0, 0, 2.837167469900, -5.941000000e-15, 0
0.35423394051, 8e-18, 0, 702000000.0, 5.39e+10, 7.1e+30, 0, 0, 2.822993185100, -6.400000000e-17, 0
0.8659709627, 1.24e-15, 0, 11000000.0, 1.05e+12, 7.6e+31, 0, 0, 1.154773131050, -1.660000000e-15, 0
4.1375385239, 1.753e-14, 0, 3740000.0, 8.62e+12, 9.8e+30, 0, 0, 0.241689592550, -1.024000000e-15, 0
2.988192686, 7e-15, 0, 6760000.0, 4.63e+12, 1.0e+31, 0, 0, 0.334650440900, -7.840000000e-16, 0
0.00600060344322, 1e-20, 0, 9510000000.0, 2.48e+08, 1.8e+33, 0, 0, 166.649906040740, -2.780000000e-16, 0
0.55907133302, 1.4178e-14, 0, 625000.0, 2.85e+12, 3.2e+33, 0, 0, 1.788680515240, -4.536000000e-14, 0
0.57597141155, 2.2287e-14, 0, 409000.0, 3.63e+12, 4.6e+33, 0, 0, 1.736197283310, -6.718200000e-14, 0
0.67768391249, 1.096e-15, 0, 9800000.0, 8.72e+11, 1.4e+32, 0, 0, 1.475614193530, -2.386000000e-15, 0
0.55124125377, 8.8e-18, 0, 991000000.0, 7.05e+10, 2.1e+30, 0, 0, 1.814087739560, -2.900000000e-17, 0
0.71763732795, 6.6e-17, 0, 172000000.0, 2.20e+11, 7.0e+30, 0, 0, 1.393461517470, -1.282000000e-16, 0
1.0468098769, 1.488e-14, 0, 1110000.0, 3.99e+12, 5.1e+32, 0, 0, 0.955283306000, -1.358000000e-14, 0
1.70915449528, 7.602e-14, 0, 356000.0, 1.15e+13, 6.0e+32, 0, 0, 0.585084615090, -2.602300000e-14, 0
0.228564097816, 1.50749e-14, 0, 240000.0, 1.88e+12, 5.0e+34, 0, 0, 4.375140319740, -2.885620000e-13, 0
0.81345283358, 6.50425e-13, 0, 19800.0, 2.33e+13, 4.8e+34, 0, 0, 1.229327575880, -9.829520000e-13, 1.0900000e-23
0.93555704483, 1.07e-15, 0, 13900000.0, 1.01e+12, 5.2e+31, 0, 0, 1.068881908940, -1.222000000e-15, 0
0.436506697158, 6.2026e-15, 0, 1120000.0, 1.67e+12, 2.9e+33, 0, 0, 2.290915595360, -3.255310000e-14, 0
0.7108300788, 7.6893e-14, 0, 146000.0, 7.48e+12, 8.5e+33, 0, 0, 1.406805972100, -1.521800000e-13, 0
0.352142380018, 3.7877e-15, 0, 1470000.0, 1.17e+12, 3.4e+33, 0, 0, 2.839760439940, -3.054490000e-14, 0
0.507356002674, 1.5745e-15, 0, 5110000.0, 9.04e+11, 4.8e+32, 0, 0, 1.971002599220, -6.116700000e-15, -1.8000000e-24
0.22420119106, 4.1e-17, 0, 86600000.0, 9.70e+10, 1.4e+32, 0, 0, 4.460279605400, -8.200000000e-16, 0
1.17938703902, 2.32e-16, 0, 80500000.0, 5.29e+11, 5.6e+30, 0, 0, 0.847898074940, -1.670000000e-16, 0
0.4905065128003, 1.19317e-16, 0, 65100000.0, 2.45e+11, 4.0e+31, 0, 0, 2.038708913957, -4.959200000e-16, 8.7000000e-28
1.5947455499, 3.6e-15, 0, 7020000.0, 2.42e+12, 3.5e+31, 0, 0, 0.627059282300, -1.420000000e-15, 0
0.67196419932, 8.79e-15, 0, 1210000.0, 2.46e+12, 1.1e+33, 0, 0, 1.488174520330, -1.947000000e-14, 0
0.52912125685, 1.368e-15, 0, 6130000.0, 8.61e+11, 3.6e+32, 0, 0, 1.889925961300, -4.886000000e-15, 0
0.20664850874, 4.6715e-14, 0, 70100.0, 3.14e+12, 2.1e+35, 0, 0, 4.839134848300, -1.093940000e-12, 0
1.2046438889, 2.071e-14, 0, 922000.0, 5.05e+12, 4.7e+32, 0, 0, 0.830120842500, -1.427000000e-14, 0
0.430366558, 1.506e-15, 0, 4530000.0, 8.15e+11, 7.5e+32, 0, 0, 2.323600617700, -8.130000000e-15, 0
0.77136654042, 3.62e-15, 0, 3380000.0, 1.69e+12, 3.1e+32, 0, 0, 1.296400540600, -6.080000000e-15, 0
0.252869846841, 5.755e-16, 0, 6960000.0, 3.86e+11, 1.4e+33, 0, 0, 3.954603573700, -9.000000000e-15, 0
0.1187713928329, 3.1879e-15, 0, 590000.0, 6.23e+11, 7.5e+34, 0, 0, 8.419535850750, -2.259860000e-13, 0
0.154027427712, 5.9204e-14, 0, 41200.0, 3.06e+12, 6.4e+35, 0, 0, 6.492350192800, -2.495500000e-12, 0
1.1657413866, 4.44e-15, 0, 4160000.0, 2.30e+12, 1.1e+32, 0, 0, 0.857823194320, -3.270000000e-15, 0
0.8373653018, 5.834e-15, 0, 2270000.0, 2.24e+12, 3.9e+32, 0, 0, 1.194221921800, -8.320000000e-15, 0
0.69826060054, 7.7e-17, 0, 144000000.0, 2.35e+11, 8.9e+30, 0, 0, 1.432130066100, -1.580000000e-16, 0
0.77113024025, 5.9e-16, 0, 20700000.0, 6.83e+11, 5.1e+31, 0, 0, 1.296797801210, -9.900000000e-16, 0
1.12194419355, 2.5e-17, 0, 711000000.0, 1.69e+11, 7.0e+29, 0, 0, 0.891309929450, -2.000000000e-17, 0
0.1178015507206, 1.60526e-15, 0, 1160000.0, 4.40e+11, 3.9e+34, 0, 0, 8.488852598990, -1.156760000e-13, 0
0.27813728728, 5.15041e-14, 0, 85600.0, 3.83e+12, 9.4e+34, 0, 0, 3.595346779210, -6.657690000e-13, 0
0.7639335, 4.8e-15, 1, 2530000.0, 1.93e+12, 4.2e+32, 0, 0, 1.309014500000, -8.200000000e-15, 1.8000000e-23
0.340502709437, 2.65e-15, 0, 2040000.0, 9.61e+11, 2.6e+33, 0, 0, 2.936834193340, -2.286000000e-14, 0
0.58755897769, 1.5e-17, 0, 621000000.0, 9.50e+10, 2.9e+30, 0, 0, 1.701956804290, -4.300000000e-17, 0
0.529115851204, 5.7758e-15, 0, 1450000.0, 1.77e+12, 1.5e+33, 0, 0, 1.889945269500, -2.063050000e-14, 0
0.00316331581791, 2.8276e-21, 1, 17700000000.0, 9.57e+07, 3.5e+33, 0, 0, 316.123984313238, -2.825700000e-16, 0
0.206443048, 9.76e-13, 0, 3350.0, 1.44e+13, 4.4e+36, 0, 0, 4.843950957000, -2.290000000e-11, 0
0.178352043293, 8.061e-16, 0, 3510000.0, 3.84e+11, 5.6e+33, 0, 0, 5.606888385100, -2.534000000e-14, 0
0.51740483467, 4.20266e-14, 0, 195000.0, 4.72e+12, 1.2e+34, 0, 0, 1.932722566530, -1.569870000e-13, 0
0.73909894649, 3.34e-16, 0, 35100000.0, 5.03e+11, 3.3e+31, 0, 0, 1.352998816670, -6.110000000e-16, 0
1.091008429855, 4.11e-17, 0, 421000000.0, 2.14e+11, 1.2e+30, 0, 0, 0.916583201958, -3.450000000e-17, 0
0.00462164152494, 1.84617e-20, 1, 3970000000.0, 2.96e+08, 7.4e+33, 0, 0, 216.373337179973, -8.643300000e-16, 0
0.237383081875, 3.1833e-14, 0, 118000.0, 2.78e+12, 9.4e+34, 0, 0, 4.212600123400, -5.649000000e-13, 0
1.3478994729, 8.283e-15, 0, 2580000.0, 3.38e+12, 1.3e+32, 0, 0, 0.741895089440, -4.559000000e-15, 0
0.717508089981, 2.9974e-14, 0, 379000.0, 4.69e+12, 3.2e+33, 0, 0, 1.393712508560, -5.822300000e-14, 0
0.455059775403, 2.00902e-14, 0, 359000.0, 3.06e+12, 8.4e+33, 0, 0, 2.197513500540, -9.701700000e-14, 0
0.12596223249, 7.5e-16, 0, 2660000.0, 3.11e+11, 1.5e+34, 0, 0, 7.938887556000, -4.730000000e-14, 0
0.387689698034, 1.780431e-15, 0, 3450000.0, 8.41e+11, 1.2e+33, 0, 0, 2.579382441860, -1.184559000e-14, 6.6000000e-27
0.410860719379, 8.13e-17, 0, 80100000.0, 1.85e+11, 4.6e+31, 0, 0, 2.433914834963, -4.816000000e-16, 0
0.8406799814, 1.1e-16, 0, 121000000.0, 3.08e+11, 7.3e+30, 0, 0, 1.189513277500, -1.600000000e-16, 0
0.2316033293, 1.12753e-13, 0, 32500.0, 5.17e+12, 3.6e+35, 0, 0, 4.317727223600, -2.102030000e-12, 0
0.53007520741, 2.099e-15, 0, 4000000.0, 1.07e+12, 5.6e+32, 0, 0, 1.886524753510, -7.470000000e-15, 0
1.7856112396, 1.7e-15, 0, 16600000.0, 1.76e+12, 1.2e+31, 0, 0, 0.560032317130, -5.330000000e-16, 0
0.21231640921, 1.29e-16, 0, 26100000.0, 1.67e+11, 5.3e+32, 0, 0, 4.709951546900, -2.860000000e-15, 0
10.61065628, 8.3e-13, 0, 202000.0, 9.51e+13, 2.8e+31, 0, 0, 0.094244877400, -7.400000000e-15, 0
0.719454779443, 3.53059e-15, 0, 3230000.0, 1.61e+12, 3.7e+32, 0, 0, 1.389941423107, -6.820880000e-15, 0
0.62963153567, 1.854e-15, 0, 5380000.0, 1.09e+12, 2.9e+32, 0, 0, 1.588230486200, -4.680000000e-15, 0
0.164949668359, 2.37456e-14, 0, 110000.0, 2.00e+12, 2.1e+35, 0, 0, 6.062455353500, -8.727300000e-13, 0
0.58376499689, 4.29e-16, 0, 21600000.0, 5.06e+11, 8.5e+31, 0, 0, 1.713018090030, -1.259000000e-15, 0
1.0152573918, 5.594e-16, 0, 28800000.0, 7.63e+11, 2.1e+31, 0, 0, 0.984971897800, -5.427100000e-16, 0
0.262025692969, 3.67e-17, 0, 113000000.0, 9.92e+10, 8.0e+31, 0, 0, 3.816419636820, -5.340000000e-16, 0
0.770909760511, 3.91e-17, 0, 312000000.0, 1.76e+11, 3.4e+30, 0, 0, 1.297168684620, -6.580000000e-17, 0
0.87071155949, 4.4e-17, 0, 314000000.0, 1.98e+11, 2.6e+30, 0, 0, 1.148485958520, -5.800000000e-17, 0
0.55701875796, 4.974e-14, 0, 177000.0, 5.33e+12, 1.1e+34, 0, 0, 1.795271677500, -1.603100000e-13, 0
0.29769219971, 6.55e-15, 0, 720000.0, 1.41e+12, 9.8e+33, 0, 0, 3.359174345100, -7.391000000e-14, 0
0.61357070436, 1.698e-15, 0, 5730000.0, 1.03e+12, 2.9e+32, 0, 0, 1.629804019150, -4.510000000e-15, 0
1.7495517461, 3.2027e-15, 0, 8660000.0, 2.40e+12, 2.4e+31, 0, 0, 0.571574977551, -1.046330000e-15, -6.0000000e-28
0.308917678787, 1.98e-17, 0, 247000000.0, 7.91e+10, 2.7e+31, 0, 0, 3.237108358210, -2.070000000e-16, 0
0.309398365719, 1.669e-17, 0, 294000000.0, 7.27e+10, 2.2e+31, 0, 0, 3.232079127750, -1.743000000e-16, 0
0.38086979928, 1.6061e-14, 0, 376000.0, 2.50e+12, 1.1e+34, 0, 0, 2.625569162700, -1.107200000e-13, 0
0.1563993674972, 1.81873e-15, 0, 1360000.0, 5.40e+11, 1.9e+34, 0, 0, 6.393887750330, -7.435300000e-14, 0
0.973393691872, 3.0371e-15, 0, 5080000.0, 1.74e+12, 1.3e+32, 0, 0, 1.027333553063, -3.205400000e-15, 1.4000000e-27
0.84408066596, 4.812e-15, 0, 2780000.0, 2.04e+12, 3.2e+32, 0, 0, 1.184720892600, -6.754000000e-15, 0
0.51744320409, 8.19e-15, 0, 1000000.0, 2.08e+12, 2.3e+33, 0, 0, 1.932579251400, -3.060000000e-14, 0
0.63505597647, 1.812e-15, 0, 5550000.0, 1.09e+12, 2.8e+32, 0, 0, 1.574664339900, -4.493000000e-15, 0
0.8905339578, 2.07e-15, 0, 6820000.0, 1.37e+12, 1.2e+32, 0, 0, 1.122921805800, -2.610000000e-15, 0
1.75531107981, 1.363e-15, 0, 20400000.0, 1.57e+12, 9.9e+30, 0, 0, 0.569699588580, -4.420000000e-16, 0
0.305447058241, 1.758e-17, 0, 275000000.0, 7.42e+10, 2.4e+31, 0, 0, 3.273889772450, -1.884000000e-16, 0
1.703739137858, 3.15876e-15, 0, 8550000.0, 2.35e+12, 2.5e+31, 0, 0, 0.586944314291, -1.088206000e-15, -1.8500000e-27
0.9158034972, 6.537e-16, 0, 22200000.0, 7.83e+11, 3.4e+31, 0, 0, 1.091937302110, -7.794200000e-16, 0
7.707183007, 9.5e-15, 0, 12900000.0, 8.66e+12, 8.2e+29, 0, 0, 0.129749092380, -1.600000000e-16, 0
0.00412914528456, 1.117e-20, 1, 5860000000.0, 2.17e+08, 6.3e+33, 0, 0, 242.180870636540, -6.550000000e-16, 0
0.305037318882, 2.786e-15, 0, 1730000.0, 9.33e+11, 3.9e+33, 0, 0, 3.278287403210, -2.994200000e-14, 0
1.01937155664, 4.4e-16, 0, 37000000.0, 6.75e+11, 1.6e+31, 0, 0, 0.980996569390, -4.200000000e-16, 0
0.61255824122, 4.81e-15, 0, 2020000.0, 1.74e+12, 8.3e+32, 0, 0, 1.632497830740, -1.283000000e-14, 0
0.41927974137, 1.5e-17, 0, 443000000.0, 8.03e+10, 8.0e+30, 0, 0, 2.385042493900, -8.500000000e-17, 0
3.0595096022, 3.45e-15, 0, 14100000.0, 3.29e+12, 4.8e+30, 0, 0, 0.326849766800, -3.690000000e-16, 0
0.791822441873, 1.6759e-16, 0, 74900000.0, 3.69e+11, 1.3e+31, 0, 0, 1.262909393720, -2.673000000e-16, -3.4000000e-27
0.93916547876, 7.35e-16, 0, 20300000.0, 8.41e+11, 3.5e+31, 0, 0, 1.064775082360, -8.330000000e-16, 0
1.27394512577, 1.3e-16, 0, 155000000.0, 4.12e+11, 2.5e+30, 0, 0, 0.784963166600, -8.000000000e-17, 0
1.1015546927, 5.115e-14, 0, 341000.0, 7.60e+12, 1.5e+33, 0, 0, 0.907807852500, -4.215000000e-14, 0
0.542935874228, 3.66e-17, 0, 235000000.0, 1.43e+11, 9.0e+30, 0, 0, 1.841838138660, -1.240000000e-16, 0
1.19343919921, 2e-15, 0, 9450000.0, 1.56e+12, 4.6e+31, 0, 0, 0.837914491720, -1.400000000e-15, 0
0.730133707454, 1.2752e-15, 0, 9070000.0, 9.76e+11, 1.3e+32, 0, 0, 1.369612154310, -2.392000000e-15, 0
0.60960714201, 8.205e-15, 0, 1180000.0, 2.26e+12, 1.4e+33, 0, 0, 1.640400728740, -2.207900000e-14, 0
1.1664490044, 4.279e-14, 0, 432000.0, 7.15e+12, 1.1e+33, 0, 0, 0.857302802100, -3.145000000e-14, 0
0.416873770089, 3.856e-15, 0, 1710000.0, 1.28e+12, 2.1e+33, 0, 0, 2.398807676930, -2.219000000e-14, 0
0.0024392959098, 1.1154e-20, 0, 3460000000.0, 1.67e+08, 3.0e+34, 0, 0, 409.954362643710, -1.874600000e-15, 0
0.640958200232, 6.177e-16, 0, 16400000.0, 6.37e+11, 9.3e+31, 0, 0, 1.560164141185, -1.503550000e-15, 3.2800000e-26
0.47438143461, 1.71e-16, 0, 44000000.0, 2.88e+11, 6.3e+31, 0, 0, 2.108008296790, -7.600000000e-16, 0
0.353293033439, 2.5e-17, 0, 224000000.0, 9.51e+10, 2.2e+31, 0, 0, 2.830511516930, -2.000000000e-16, 0
1.358307010526, 4.71283e-15, 0, 4570000.0, 2.56e+12, 7.4e+31, 0, 0, 0.736210585862, -2.554380000e-15, -2.1600000e-26
1.49409061528, 4.324e-15, 0, 5470000.0, 2.57e+12, 5.1e+31, 0, 0, 0.669303447710, -1.937000000e-15, 0
0.560503533065, 5e-18, 0, 1770000000.0, 5.37e+10, 1.1e+30, 0, 0, 1.784110074260, -1.600000000e-17, 0
0.283791853785, 9.9e-17, 0, 45400000.0, 1.70e+11, 1.7e+32, 0, 0, 3.523709319570, -1.230000000e-15, 0
0.7555354095, 4e-17, 0, 299000000.0, 1.76e+11, 3.7e+30, 0, 0, 1.323564703200, -7.000000000e-17, 0
0.57836343922, 1.078e-15, 0, 8500000.0, 7.99e+11, 2.2e+32, 0, 0, 1.729016622050, -3.220000000e-15, 0
0.00341777044505, 1.257e-19, 1, 431000000.0, 6.63e+08, 1.2e+35, 0, 0, 292.588404071110, -1.080000000e-14, 0
0.00323373733312, 3.103e-19, 1, 165000000.0, 1.01e+09, 3.6e+35, 0, 0, 309.239711512500, -2.970000000e-14, 0
0.00229472708067, 2.221e-19, 1, 164000000.0, 7.22e+08, 7.3e+35, 0, 0, 435.781670257400, -4.220000000e-14, 0
0.2913414710251, 5.596e-17, 0, 82500000.0, 1.29e+11, 8.9e+31, 0, 0, 3.432398403432, -6.593000000e-16, 0
2.4546091591, 1.1143e-14, 0, 3490000.0, 5.29e+12, 3.0e+31, 0, 0, 0.407396833950, -1.849400000e-15, 0
0.322908566781, 5.193e-16, 0, 9850000.0, 4.14e+11, 6.1e+32, 0, 0, 3.096851873480, -4.980300000e-15, 0
0.80430423739, 1.1e-16, 0, 116000000.0, 3.01e+11, 8.3e+30, 0, 0, 1.243310619930, -1.700000000e-16, 0
0.390327976785, 3.78e-16, 0, 16400000.0, 3.89e+11, 2.5e+32, 0, 0, 2.561948052600, -2.480000000e-15, 0
0.182135802939, 5.23448e-14, 0, 55100.0, 3.12e+12, 3.4e+35, 0, 0, 5.490408716260, -1.577912000e-12, 3.1000000e-24
0.227564958458, 1.14e-17, 0, 316000000.0, 5.15e+10, 3.8e+31, 0, 0, 4.394349669550, -2.200000000e-16, 0
0.215507334229, 9.7852e-15, 0, 349000.0, 1.47e+12, 3.9e+34, 0, 0, 4.640213306790, -2.106900000e-13, 0
0.24052386477, 2.237763e-13, 0, 17000.0, 7.42e+12, 6.3e+35, 0, 0, 4.157591601000, -3.868100000e-12, 4.5000000e-23
2.1235057036, 3.3e-15, 0, 10200000.0, 2.68e+12, 1.4e+31, 0, 0, 0.470919385010, -7.300000000e-16, 0
0.8043410792712, 1.731e-15, 0, 7360000.0, 1.19e+12, 1.3e+32, 0, 0, 1.243253671572, -2.675571000e-15, 2.7000000e-28
1.211785094647, 6.59829e-16, 0, 29100000.0, 9.05e+11, 1.5e+31, 0, 0, 0.825228833411, -4.493450000e-16, 1.6000000e-27
1.74729348943, 1.43e-14, 0, 1940000.0, 5.06e+12, 1.1e+32, 0, 0, 0.572313698900, -4.684000000e-15, 0
1.39640107763, 5.0804e-15, 0, 4350000.0, 2.70e+12, 7.4e+31, 0, 0, 0.716126631540, -2.605400000e-15, 0
0.3063230254, 9.1e-16, 0, 5330000.0, 5.34e+11, 1.2e+33, 0, 0, 3.264527695000, -9.700000000e-15, 0
0.2989874273426, 4.137877e-15, 0, 1140000.0, 1.13e+12, 6.1e+33, 0, 0, 3.344622243443, -4.628835000e-14, 3.3400000e-26
0.255426483601, 1.0762e-15, 0, 3760000.0, 5.31e+11, 2.5e+33, 0, 0, 3.915020815000, -1.649500000e-14, 1.2000000e-25
0.8544816637, 1.927e-14, 0, 703000.0, 4.11e+12, 1.2e+33, 0, 0, 1.170300127500, -2.639000000e-14, 0
0.318941483436, 6.06031e-14, 0, 83400.0, 4.45e+12, 7.4e+34, 0, 0, 3.135371382950, -5.957620000e-13, 0
0.8610674067, 3.471e-14, 0, 393000.0, 5.53e+12, 2.1e+33, 0, 0, 1.161349265100, -4.681000000e-14, 0
0.22256110261, 7.12e-17, 0, 49500000.0, 1.27e+11, 2.5e+32, 0, 0, 4.493148121000, -1.437000000e-15, 0
0.808546089, 6e-17, 0, 214000000.0, 2.23e+11, 4.5e+30, 0, 0, 1.236787875900, -9.200000000e-17, 0
0.58628740134, 3e-15, 0, 3100000.0, 1.34e+12, 5.9e+32, 0, 0, 1.705648113400, -8.730000000e-15, 0
0.6169790441, 6.506e-15, 0, 1500000.0, 2.03e+12, 1.1e+33, 0, 0, 1.620800592100, -1.709000000e-14, 0
0.3619213249276, 2.9213e-16, 0, 19600000.0, 3.29e+11, 2.4e+32, 0, 0, 2.763031441157, -2.230200000e-15, 0
0.58101670786, 1.925e-15, 0, 4780000.0, 1.07e+12, 3.9e+32, 0, 0, 1.721120901470, -5.702000000e-15, 0
0.89059449625, 5.696e-15, 0, 2480000.0, 2.28e+12, 3.2e+32, 0, 0, 1.122845474800, -7.181000000e-15, 0
5.763777003, 1.165e-14, 0, 7840000.0, 8.29e+12, 2.4e+30, 0, 0, 0.173497343752, -3.507000000e-16, 0
0.26647363743, 1.5603e-15, 0, 2710000.0, 6.53e+11, 3.3e+33, 0, 0, 3.752716440000, -2.197400000e-14, 0
0.69211324652, 4.2032e-15, 0, 2610000.0, 1.73e+12, 5.0e+32, 0, 0, 1.444850253954, -8.774570000e-15, -1.3000000e-26
0.00450515894846, 1.1421e-20, 1, 6250000000.0, 2.30e+08, 4.9e+33, 0, 0, 221.967751069480, -5.627000000e-16, 0
0.587566793839, 1.349e-16, 0, 69000000.0, 2.85e+11, 2.6e+31, 0, 0, 1.701934163890, -3.907000000e-16, 0
1.225781996, 8.6e-15, 0, 2260000.0, 3.29e+12, 1.8e+32, 0, 0, 0.815805749500, -5.700000000e-15, 0
11.0062624, 1.96e-11, 0, 8900.0, 4.70e+14, 5.8e+32, 0, 0, 0.090857365000, -1.618000000e-13, -1.0000000e-22
1.29783683782, 2.612e-15, 0, 7870000.0, 1.86e+12, 4.7e+31, 0, 0, 0.770512880250, -1.551000000e-15, 0
1.1910239966, 1.88e-15, 0, 10000000.0, 1.51e+12, 4.4e+31, 0, 0, 0.839613645800, -1.330000000e-15, 0
0.65305397126, 6.30985e-15, 0, 1640000.0, 2.05e+12, 8.9e+32, 0, 0, 1.531267007040, -1.479520000e-14, 3.8300000e-25
0.00463119627784, 3.63e-21, 1, 20200000000.0, 1.31e+08, 1.4e+33, 0, 0, 215.926931187250, -1.692000000e-16, 0
0.447857060325, 2.2675e-15, 0, 3130000.0, 1.02e+12, 1.0e+33, 0, 0, 2.232855275910, -1.130500000e-14, 0
0.58698616319, 7.86e-15, 0, 1180000.0, 2.17e+12, 1.5e+33, 0, 0, 1.703617670600, -2.280000000e-14, 0
1.735898235, 8e-16, 0, 34400000.0, 1.19e+12, 6.0e+30, 0, 0, 0.576070636000, -2.700000000e-16, 0
0.8652353343, 7.37e-15, 0, 1860000.0, 2.56e+12, 4.5e+32, 0, 0, 1.155754926300, -9.845000000e-15, 0
0.102459245929, 9.298454e-14, 0, 17500.0, 3.12e+12, 3.4e+36, 0, 0, 9.759978135000, -8.857444000e-12, 1.7310000e-22
0.954158007, 2e-17, 0, 756000000.0, 1.40e+11, 9.1e+29, 0, 0, 1.048044446200, -2.200000000e-17, 0
0.286561228631, 1.02e-16, 0, 44500000.0, 1.73e+11, 1.7e+32, 0, 0, 3.489655613140, -1.240000000e-15, 0
0.868804249026, 1.10246e-15, 0, 12500000.0, 9.90e+11, 6.6e+31, 0, 0, 1.151007262132, -1.460560000e-15, 9.9000000e-27
0.46536464559, 7.413e-15, 0, 995000.0, 1.88e+12, 2.9e+33, 0, 0, 2.148852538500, -3.423000000e-14, 0
0.1026182883472, 2.666e-17, 1, 61000000.0, 5.29e+10, 9.7e+32, 0, 0, 9.744851683910, -2.532000000e-15, 0
0.8992177993, 1.5494e-14, 0, 920000.0, 3.78e+12, 8.4e+32, 0, 0, 1.112077631000, -1.916200000e-14, 0
0.255359660118, 1.2793e-15, 0, 3160000.0, 5.78e+11, 3.0e+33, 0, 0, 3.916045312470, -1.961900000e-14, 0
0.00457013652636, 8.52961e-21, 1, 8490000000.0, 2.00e+08, 3.5e+33, 0, 0, 218.811843854726, -4.083860000e-16, 0
1.6001140423, 1.7741e-13, 0, 143000.0, 1.70e+13, 1.7e+33, 0, 0, 0.624955455400, -6.929000000e-14, 0
0.696278743075, 5.88e-17, 0, 188000000.0, 2.05e+11, 6.9e+30, 0, 0, 1.436206418688, -1.213000000e-16, 0
3.824936, 5.88e-11, 0, 1030.0, 4.80e+14, 4.1e+34, 0, 0, 0.261442300000, -4.020000000e-12, 0
1.26021405926, 9.2e-17, 0, 217000000.0, 3.45e+11, 1.8e+30, 0, 0, 0.793515984570, -5.800000000e-17, 0
0.779628114, 1.5e-16, 0, 84700000.0, 3.41e+11, 1.2e+31, 0, 0, 1.282662826100, -2.400000000e-16, 0
0.92810750775, 4.397e-15, 0, 3340000.0, 2.04e+12, 2.2e+32, 0, 0, 1.077461384210, -5.105000000e-15, 0
0.27848105467, 3.7688e-14, 0, 117000.0, 3.28e+12, 6.9e+34, 0, 0, 3.590908549200, -4.859700000e-13, 0
2.0721529918, 3.01e-15, 0, 10900000.0, 2.53e+12, 1.3e+31, 0, 0, 0.482589849280, -7.010000000e-16, 0
0.57374535892, 8.76e-16, 0, 10400000.0, 7.17e+11, 1.8e+32, 0, 0, 1.742933488610, -2.660000000e-15, 0
0.63031371285, 1.797e-14, 0, 556000.0, 3.41e+12, 2.8e+33, 0, 0, 1.586511572910, -4.523000000e-14, 0
0.31181276456, 2.87e-15, 0, 1720000.0, 9.57e+11, 3.7e+33, 0, 0, 3.207052801100, -2.950000000e-14, 0
1.03606727254, 2.882e-15, 0, 5700000.0, 1.75e+12, 1.0e+32, 0, 0, 0.965188290860, -2.685000000e-15, 0
0.55582421598, 8.33e-16, 0, 10600000.0, 6.89e+11, 1.9e+32, 0, 0, 1.799129960970, -2.696000000e-15, 0
0.65629923146, 9.8036e-15, 0, 1060000.0, 2.57e+12, 1.4e+33, 0, 0, 1.523695217160, -2.276040000e-14, 2.8000000e-26
0.68241862653, 5.293e-15, 0, 2040000.0, 1.92e+12, 6.6e+32, 0, 0, 1.465376179850, -1.136600000e-14, 0
1.1494989184, 8.2e-16, 0, 22200000.0, 9.82e+11, 2.1e+31, 0, 0, 0.869944272200, -6.200000000e-16, 0
1.08552061541, 3.3e-17, 0, 521000000.0, 1.92e+11, 1.0e+30, 0, 0, 0.921216958760, -2.800000000e-17, 0
0.39785744656, 1.223e-14, 0, 515000.0, 2.23e+12, 7.7e+33, 0, 0, 2.513463072380, -7.726000000e-14, 0
0.34992850807, 1.75e-15, 0, 3170000.0, 7.92e+11, 1.6e+33, 0, 0, 2.857726584000, -1.430000000e-14, 0
0.88771864319, 3.6831e-15, 0, 3820000.0, 1.83e+12, 2.1e+32, 0, 0, 1.126483044680, -4.673700000e-15, 0
0.321793346869, 1.957e-16, 0, 26100000.0, 2.54e+11, 2.3e+32, 0, 0, 3.107584447380, -1.890000000e-15, 0
1.2893787775, 2.621e-14, 0, 779000.0, 5.88e+12, 4.8e+32, 0, 0, 0.775567286690, -1.576600000e-14, 0
3.3785742533, 1.61359e-12, 0, 33200.0, 7.47e+13, 1.7e+33, 0, 0, 0.295982839220, -1.413600000e-13, -9.8600000e-24
0.0746699205656, 1.322167e-14, 0, 89500.0, 1.01e+12, 1.3e+36, 0, 0, 13.392273520930, -2.371346000e-12, 0
0.59047278772, 7.507e-15, 0, 1250000.0, 2.13e+12, 1.4e+33, 0, 0, 1.693558146630, -2.153100000e-14, 0
0.00579015177002, 8.043e-21, 1, 11400000000.0, 2.18e+08, 1.6e+33, 0, 0, 172.707044602370, -2.399000000e-16, 0
0.189094492501, 1.6676e-15, 0, 1800000.0, 5.68e+11, 9.7e+33, 0, 0, 5.288361320170, -4.663700000e-14, 0
0.23547520029, 3.921e-16, 0, 9520000.0, 3.07e+11, 1.2e+33, 0, 0, 4.246731710000, -7.071000000e-15, 0
0.477715343692, 8.2798e-17, 0, 91400000.0, 2.01e+11, 3.0e+31, 0, 0, 2.093296799451, -3.628100000e-16, 1.8000000e-28
1.56560114802, 5.798e-15, 0, 4280000.0, 3.05e+12, 6.0e+31, 0, 0, 0.638732285846, -2.365450000e-15, 7.3000000e-27
1.61566378034, 7.4e-16, 0, 34600000.0, 1.11e+12, 6.9e+30, 0, 0, 0.618940655950, -2.835000000e-16, 0
0.87426457245, 5.93e-16, 0, 23400000.0, 7.29e+11, 3.5e+31, 0, 0, 1.143818509310, -7.760000000e-16, 0
0.6204483653468, 7.45999e-16, 0, 13200000.0, 6.88e+11, 1.2e+32, 0, 0, 1.611737665617, -1.937880000e-15, -1.5100000e-26
0.351124633722, 3.27e-17, 0, 170000000.0, 1.08e+11, 3.0e+31, 0, 0, 2.847991578940, -2.650000000e-16, 0
1.0040374567, 1.624e-15, 1, 9800000.0, 1.29e+12, 6.3e+31, 0, 0, 0.995978778810, -1.611000000e-15, 2.9000000e-25
0.40403975128, 1.283e-16, 0, 49900000.0, 2.30e+11, 7.7e+31, 0, 0, 2.475003998570, -7.860000000e-16, 0
0.0034966337827, 5.542e-21, 0, 10000000000.0, 1.41e+08, 5.1e+33, 0, 0, 285.989343507338, -4.533000000e-16, 0
0.280423858549, 2.518617e-14, 0, 176000.0, 2.69e+12, 4.5e+34, 0, 0, 3.566030384050, -3.202818000e-13, 6.9000000e-25
0.477157518356, 6.4626e-16, 0, 11700000.0, 5.62e+11, 2.3e+32, 0, 0, 2.095743987113, -2.838480000e-15, 8.9000000e-29
0.399183351758, 4.4647e-15, 0, 1420000.0, 1.35e+12, 2.8e+33, 0, 0, 2.505114493370, -2.801870000e-14, 0
0.236173191636, 1.08545e-14, 0, 345000.0, 1.62e+12, 3.3e+34, 0, 0, 4.234180827520, -1.946030000e-13, 0
0.2185540958272, 3.738e-16, 0, 9260000.0, 2.89e+11, 1.4e+33, 0, 0, 4.575526238550, -7.826000000e-15, 0
0.00185573279573, 7.5e-21, 1, 3900000000.0, 1.20e+08, 4.7e+34, 0, 0, 538.870683485000, -2.190000000e-15, 0
0.6250339127, 9e-16, 0, 11000000.0, 7.59e+11, 1.5e+32, 0, 0, 1.599913188000, -2.300000000e-15, 0
0.2027219378604, 8.0075e-15, 0, 401000.0, 1.29e+12, 3.8e+34, 0, 0, 4.932865236760, -1.948470000e-13, 0
0.9482369741, 7.25e-15, 0, 2070000.0, 2.65e+12, 3.4e+32, 0, 0, 1.054588702310, -8.060000000e-15, 0
1.2217076921, 2.11e-14, 0, 917000.0, 5.14e+12, 4.6e+32, 0, 0, 0.818526400770, -1.414000000e-14, 0
1.3091087873, 3.51e-15, 0, 5900000.0, 2.17e+12, 6.2e+31, 0, 0, 0.763878456650, -2.050000000e-15, 0
0.239919487227, 4.296e-16, 0, 8850000.0, 3.25e+11, 1.2e+33, 0, 0, 4.168064926940, -7.463000000e-15, 0
1.257787625, 1.99e-15, 0, 10000000.0, 1.60e+12, 4.0e+31, 0, 0, 0.795046779000, -1.260000000e-15, 0
1.0324711993, 1.5e-14, 0, 1090000.0, 3.98e+12, 5.4e+32, 0, 0, 0.968550019300, -1.407000000e-14, 0
2.0623862583, 2.3e-14, 0, 1420000.0, 6.97e+12, 1.0e+32, 0, 0, 0.484875224500, -5.410000000e-15, 0
0.004791822704, 5e-20, 0, 1520000000.0, 4.95e+08, 1.8e+34, 0, 0, 208.688856360000, -2.200000000e-15, 0
1.46507137487, 2.79e-15, 0, 8320000.0, 2.05e+12, 3.5e+31, 0, 0, 0.682560602270, -1.300000000e-15, 0
1.11013244403, 1.216751e-12, 0, 14500.0, 3.72e+13, 3.5e+34, 0, 0, 0.900793419180, -9.873070000e-13, 0
0.287431567184, 1.44e-15, 0, 3160000.0, 6.51e+11, 2.4e+33, 0, 0, 3.479088987330, -1.743000000e-14, 0
0.88277826565, 3.33e-15, 0, 4200000.0, 1.73e+12, 1.9e+32, 0, 0, 1.132787290890, -4.270000000e-15, 0
1.29309994235, 1.1e-15, 0, 18600000.0, 1.21e+12, 2.0e+31, 0, 0, 0.773335430040, -6.580000000e-16, 0
0.02708318324401, 2.4632e-19, 1, 1740000000.0, 2.61e+09, 4.9e+32, 0, 0, 36.923281543033, -3.358200000e-16, 0
0.3860037238349, 1.122656e-15, 0, 5450000.0, 6.66e+11, 7.7e+32, 0, 0, 2.590648582519, -7.534660000e-15, -1.1900000e-26
0.61553824309, 7.2e-17, 0, 135000000.0, 2.13e+11, 1.2e+31, 0, 0, 1.624594428100, -1.900000000e-16, 0
0.866342509, 2.3e-16, 0, 59000000.0, 4.54e+11, 1.4e+31, 0, 0, 1.154277886000, -3.100000000e-16, 0
0.0662928992668, 1.72e-19, 0, 6110000000.0, 3.42e+09, 2.3e+31, 0, 0, 15.084571817800, -3.910000000e-17, 0
0.00812279804608, 2.01844e-20, 0, 6380000000.0, 4.10e+08, 1.5e+33, 0, 0, 123.110287160588, -3.059170000e-16, 0
1.5384267263, 8.85e-15, 0, 2750000.0, 3.73e+12, 9.6e+31, 0, 0, 0.650014708450, -3.740000000e-15, 0
0.13946021125, 8.482941e-14, 0, 26000.0, 3.48e+12, 1.2e+36, 0, 0, 7.170503981300, -4.361600000e-12, 6.1900000e-23
3.2702418032, 2.196e-14, 0, 2360000.0, 8.57e+12, 2.5e+31, 0, 0, 0.305787785790, -2.053000000e-15, 0
0.00234455954689, 2.5407e-20, 1, 1460000000.0, 2.47e+08, 7.8e+34, 0, 0, 426.519344039830, -4.622000000e-15, 0
0.753047989, 1.679e-15, 0, 7110000.0, 1.14e+12, 1.6e+32, 0, 0, 1.327936618390, -2.960000000e-15, 0
0.54467054719, 2.8093e-14, 0, 307000.0, 3.96e+12, 6.9e+33, 0, 0, 1.835972231580, -9.469571700e-14, 0
0.82982878524, 1.63626e-13, 0, 80400.0, 1.18e+13, 1.1e+34, 0, 0, 1.205067861940, -2.376160000e-13, 5.6000000e-24
0.483769998047, 1.818e-16, 0, 42200000.0, 3.00e+11, 6.3e+31, 0, 0, 2.067098009460, -7.768000000e-16, 5.8000000e-27
0.196543154965, 2.80483e-14, 0, 111000.0, 2.38e+12, 1.5e+35, 0, 0, 5.087941120000, -7.260900000e-13, 0
0.33288667881, 4.02e-16, 0, 13100000.0, 3.70e+11, 4.3e+32, 0, 0, 3.004025284400, -3.630000000e-15, 0
2.18400134708, 1.3e-15, 0, 26600000.0, 1.71e+12, 4.9e+30, 0, 0, 0.457875175460, -2.730000000e-16, 0
0.6279806844, 1.2838e-14, 0, 775000.0, 2.87e+12, 2.0e+33, 0, 0, 1.592405666000, -3.255000000e-14, 0
0.323434055969, 6.61e-16, 0, 7750000.0, 4.68e+11, 7.7e+32, 0, 0, 3.091820361970, -6.320000000e-15, 0
0.00531255029055, 1.41951e-20, 1, 5930000000.0, 2.78e+08, 3.7e+33, 0, 0, 188.233512213289, -5.029600000e-16, 0
0.871682832986, 4.2703e-17, 0, 323000000.0, 1.95e+11, 2.5e+30, 0, 0, 1.147206256861, -5.620100000e-17, -2.2000000e-28
0.65979414168, 2.1e-15, 0, 4980000.0, 1.19e+12, 2.9e+32, 0, 0, 1.515624248280, -4.823000000e-15, 0
0.76818455674, 1.108e-15, 0, 11000000.0, 9.33e+11, 9.6e+31, 0, 0, 1.301770507130, -1.877000000e-15, 0
0.36205196286, 1.6485e-15, 0, 3480000.0, 7.82e+11, 1.4e+33, 0, 0, 2.762034466270, -1.257600000e-14, 0
1.24591463402, 4.1e-15, 0, 4810000.0, 2.29e+12, 8.4e+31, 0, 0, 0.802623207640, -2.643000000e-15, 0
0.33758582318, 1.50465e-14, 0, 355000.0, 2.28e+12, 1.5e+34, 0, 0, 2.962209699980, -1.320283000e-13, 0
0.561778329077, 3.624e-15, 0, 2460000.0, 1.44e+12, 8.1e+32, 0, 0, 1.780061544280, -1.148400000e-14, 0
1.011233535, 4e-16, 0, 40100000.0, 6.44e+11, 1.5e+31, 0, 0, 0.988891255000, -3.900000000e-16, 0
0.839394324968, 4.21e-16, 0, 31600000.0, 6.02e+11, 2.8e+31, 0, 0, 1.191335192834, -5.975200000e-16, 3.2000000e-27
0.61252373999, 1.051e-15, 0, 9240000.0, 8.12e+11, 1.8e+32, 0, 0, 1.632589783400, -2.800000000e-15, 0
0.54128568073, 1.62e-17, 0, 529000000.0, 9.48e+10, 4.0e+30, 0, 0, 1.847453268395, -5.530000000e-17, 0
1.169340685, 2.27941e-12, 0, 8130.0, 5.22e+13, 5.6e+34, 0, 0, 0.855182765000, -1.667020000e-12, 2.8000000e-24
0.7828869765, 6.32e-16, 0, 19600000.0, 7.12e+11, 5.2e+31, 0, 0, 1.277323585700, -1.031000000e-15, 0
0.4193349661853, 1.214735e-15, 0, 5470000.0, 7.22e+11, 6.5e+32, 0, 0, 2.384728392905, -6.908110000e-15, 4.7000000e-27
0.35096322944, 2.608e-14, 0, 213000.0, 3.06e+12, 2.4e+34, 0, 0, 2.849301340200, -2.117000000e-13, 0
2.64222343904, 3.43e-15, 0, 12200000.0, 3.05e+12, 7.3e+30, 0, 0, 0.378469127638, -4.910000000e-16, 0
1.59241948019, 1.4921e-14, 0, 1690000.0, 4.93e+12, 1.5e+32, 0, 0, 0.627975236700, -5.884000000e-15, 0
6.4450360861, 2.999e-14, 0, 3400000.0, 1.41e+13, 4.4e+30, 0, 0, 0.155158169270, -7.220000000e-16, 0
0.5028027829, 1.57e-15, 0, 5070000.0, 8.99e+11, 4.9e+32, 0, 0, 1.988851362800, -6.200000000e-15, 0
0.00417501731286, 7.93e-21, 1, 8340000000.0, 1.84e+08, 4.3e+33, 0, 0, 239.519964844440, -4.550000000e-16, 0
0.76867227339, 3.7334e-14, 0, 326000.0, 5.42e+12, 3.2e+33, 0, 0, 1.300944543750, -6.318600000e-14, 0
0.45043236999, 1.38756e-13, 0, 51400.0, 8.00e+12, 6.0e+34, 0, 0, 2.220089111300, -6.839000000e-13, 7.2000000e-24
0.81627308018, 2.251e-15, 0, 5750000.0, 1.37e+12, 1.6e+32, 0, 0, 1.225080214310, -3.378000000e-15, 0
0.397584746441, 6.1214e-15, 0, 1030000.0, 1.58e+12, 3.8e+33, 0, 0, 2.515187036101, -3.872500000e-14, 0
0.00585009585978, 2.411992e-20, 1, 3840000000.0, 3.80e+08, 4.8e+33, 0, 0, 170.937369911464, -7.047740000e-16, 0
1.97884743163, 8.559e-15, 0, 3660000.0, 4.16e+12, 4.4e+31, 0, 0, 0.505344668829, -2.185800000e-15, 0
0.34959099098, 3.153e-15, 0, 1760000.0, 1.06e+12, 2.9e+33, 0, 0, 2.860485612600, -2.580000000e-14, 0
0.627715518484, 4.6243e-15, 0, 2150000.0, 1.72e+12, 7.4e+32, 0, 0, 1.593078346090, -1.173600000e-14, 0
0.4433980218, 8.1861e-14, 0, 85800.0, 6.10e+12, 3.7e+34, 0, 0, 2.255310016600, -4.163800000e-13, 3.4000000e-24
0.54949769829, 3e-16, 0, 29400000.0, 4.08e+11, 7.0e+31, 0, 0, 1.819843837600, -9.800000000e-16, 0
0.76849894548, 7.94911e-16, 0, 15300000.0, 7.91e+11, 6.9e+31, 0, 0, 1.301237959897, -1.345960000e-15, 3.7000000e-28
0.73037251102, 8.9e-17, 0, 131000000.0, 2.57e+11, 9.0e+30, 0, 0, 1.369164344110, -1.660000000e-16, 0
0.234169035616, 1.564e-16, 0, 23700000.0, 1.94e+11, 4.8e+32, 0, 0, 4.270419431710, -2.852000000e-15, 0
1.215697613611, 8.17e-17, 0, 236000000.0, 3.19e+11, 1.8e+30, 0, 0, 0.822572972756, -5.530000000e-17, 0
0.322882431774, 7.8798e-15, 0, 649000.0, 1.61e+12, 9.2e+33, 0, 0, 3.097102541340, -7.558340000e-14, 6.3000000e-26
0.11436793182, 1.140145e-14, 0, 159000.0, 1.16e+12, 3.0e+35, 0, 0, 8.743709745000, -8.716690000e-13, 4.5000000e-24
0.239317178406, 2.1781e-15, 0, 1740000.0, 7.31e+11, 6.3e+33, 0, 0, 4.178555031700, -3.803000000e-14, 0
0.52944098843, 1.85836e-14, 0, 451000.0, 3.17e+12, 4.9e+33, 0, 0, 1.888784627300, -6.629700000e-14, -3.0000000e-25
0.87756123714, 1.97e-16, 0, 70500000.0, 4.21e+11, 1.2e+31, 0, 0, 1.139521617040, -2.560000000e-16, 0
0.341772476799, 2e-17, 0, 273000000.0, 8.34e+10, 2.0e+31, 0, 0, 2.925923144440, -1.700000000e-16, 0
0.154087174313, 2.14651e-14, 0, 114000.0, 1.84e+12, 2.3e+35, 0, 0, 6.489832813530, -9.040660000e-13, 0
0.803050264794, 1.45132e-15, 0, 8770000.0, 1.09e+12, 1.1e+32, 0, 0, 1.245252064335, -2.250493000e-15, 1.6600000e-26
1.6926563404, 1.851e-15, 0, 14500000.0, 1.79e+12, 1.5e+31, 0, 0, 0.590787377290, -6.460000000e-16, 0
0.60688662425, 4.66124e-13, 0, 20600.0, 1.70e+13, 8.2e+34, 0, 0, 1.647754226300, -1.265570000e-12, 0
0.570313411724, 2.5504275e-14, 1, 354000.0, 3.86e+12, 5.4e+33, 0, 0, 1.753421854445, -7.841260000e-14, 0
0.515000656402, 3.8978e-15, 0, 2090000.0, 1.43e+12, 1.1e+33, 0, 0, 1.941745097930, -1.469600000e-14, 0
0.0036503288972, 1.68e-19, 1, 344000000.0, 7.92e+08, 1.4e+35, 0, 0, 273.947917615600, -1.260000000e-14, 0
2.043082458401, 2.27471e-15, 0, 14200000.0, 2.18e+12, 1.1e+31, 0, 0, 0.489456505237, -5.449460000e-16, 4.4000000e-29
0.00374715449924, 3.02169e-20, 1, 1960000000.0, 3.41e+08, 2.3e+34, 0, 0, 266.869167044769, -2.152020000e-15, 0
3.90450636119, 1.626e-14, 0, 3800000.0, 8.06e+12, 1.1e+31, 0, 0, 0.256114322143, -1.066600000e-15, 0
0.41370012084, 1.6983e-14, 0, 386000.0, 2.68e+12, 9.5e+33, 0, 0, 2.417209833000, -9.923000000e-14, 0
0.346796929142, 8.1e-17, 0, 68200000.0, 1.69e+11, 7.6e+31, 0, 0, 2.883531876920, -6.700000000e-16, 0
0.89295866978, 1.48e-16, 0, 95900000.0, 3.67e+11, 8.2e+30, 0, 0, 1.119872659110, -1.850000000e-16, 0
1.3607376877, 1.841e-15, 0, 11700000.0, 1.60e+12, 2.9e+31, 0, 0, 0.734895497500, -9.943000000e-16, 0
0.223557828541, 6.342e-16, 0, 5580000.0, 3.81e+11, 2.2e+33, 0, 0, 4.473115553700, -1.269000000e-14, 0
1.89374869377, 8.99e-15, 0, 3340000.0, 4.18e+12, 5.2e+31, 0, 0, 0.528053169510, -2.508000000e-15, 0
0.512211401067, 1.9313e-15, 0, 4200000.0, 1.01e+12, 5.7e+32, 0, 0, 1.952318901760, -7.361000000e-15, 0
1.0163491951, 8.2e-17, 0, 197000000.0, 2.91e+11, 3.1e+30, 0, 0, 0.983913801300, -7.900000000e-17, 0
0.412401047219, 3.38e-17, 0, 193000000.0, 1.19e+11, 1.9e+31, 0, 0, 2.424824104460, -1.990000000e-16, 0
0.44464510677, 1.5562e-15, 0, 4530000.0, 8.42e+11, 7.0e+32, 0, 0, 2.248984605400, -7.871000000e-15, 1.5000000e-25
0.405336948592, 4.7752e-16, 0, 13400000.0, 4.45e+11, 2.8e+32, 0, 0, 2.467083258690, -2.906400000e-15, -7.5000000e-26
1.24250830909, 4.72e-16, 0, 41700000.0, 7.75e+11, 9.7e+30, 0, 0, 0.804823591670, -3.060000000e-16, 0
2.41457551997, 1.207753e-13, 0, 317000.0, 1.73e+13, 3.4e+32, 0, 0, 0.414151469577, -2.071555000e-14, -2.4000000e-26
0.193105399932, 1.05675e-14, 0, 290000.0, 1.45e+12, 5.8e+34, 0, 0, 5.178519090360, -2.833880000e-13, 7.3000000e-25
0.3061669878595, 7.834e-16, 0, 6190000.0, 4.96e+11, 1.1e+33, 0, 0, 3.266191456470, -8.357000000e-15, 0
0.00407454594144, 8.93471e-21, 0, 7230000000.0, 1.93e+08, 5.2e+33, 0, 0, 245.426119713056, -5.381730000e-16, 0
1.757205868816, 2.3767e-15, 0, 11700000.0, 2.07e+12, 1.7e+31, 0, 0, 0.569085283487, -7.697000000e-16, 0
1.68350668862, 8.327e-16, 0, 32000000.0, 1.20e+12, 6.9e+30, 0, 0, 0.593998234019, -2.938000000e-16, 0
1.06606087128, 2.1224e-14, 0, 796000.0, 4.81e+12, 6.9e+32, 0, 0, 0.938032739910, -1.867500000e-14, 0
0.172444360995, 1.55e-18, 1, 1760000000.0, 1.65e+10, 1.2e+31, 0, 0, 5.798971878410, -5.200000000e-17, 0
0.3556658488, 1.9e-16, 0, 29700000.0, 2.63e+11, 1.7e+32, 0, 0, 2.811627834000, -1.500000000e-15, 0
1.045406855598, 6.31e-16, 0, 26200000.0, 8.22e+11, 2.2e+31, 0, 0, 0.956565374184, -5.770000000e-16, 0
0.01937630344113, 9.246e-20, 1, 3320000000.0, 1.35e+09, 5.0e+32, 0, 0, 51.609431233273, -2.462700000e-16, 0
0.00265212967109, 2.729e-21, 1, 15400000000.0, 8.61e+07, 5.8e+33, 0, 0, 377.055470138130, -3.880000000e-16, 0
1.160592538166, 2.857e-15, 0, 6440000.0, 1.84e+12, 7.2e+31, 0, 0, 0.861628837956, -2.120900000e-15, 0
3.76373308, 1.756e-11, 0, 3400.0, 2.60e+14, 1.3e+34, 0, 0, 0.265693655400, -1.239900000e-12, -1.0470000e-19
0.367428753855, 1.066784e-14, 0, 546000.0, 2.00e+12, 8.5e+33, 0, 0, 2.721616067080, -7.901873000e-14, -8.3000000e-26
0.6983528638, 2.426e-15, 0, 4560000.0, 1.32e+12, 2.8e+32, 0, 0, 1.431940859500, -4.974000000e-15, 0
3.46503778264, 4.919e-15, 0, 11200000.0, 4.18e+12, 4.7e+30, 0, 0, 0.288597141714, -4.097000000e-16, 0
1.0581481703, 1.047e-15, 0, 16000000.0, 1.07e+12, 3.5e+31, 0, 0, 0.945047232580, -9.351000000e-16, 0
1.478480373, 1.27e-14, 0, 1840000.0, 4.38e+12, 1.6e+32, 0, 0, 0.676370155600, -5.800000000e-15, 0
1.077101491, 1.34311e-12, 0, 12700.0, 3.85e+13, 4.2e+34, 0, 0, 0.928417617400, -1.157706000e-12, 0
0.945224316, 1.25e-14, 0, 1200000.0, 3.48e+12, 5.8e+32, 0, 0, 1.057949931000, -1.400000000e-14, 0
0.1995413598713, 6.56093e-15, 0, 482000.0, 1.16e+12, 3.3e+34, 0, 0, 5.011492357500, -1.647780000e-13, 0
1.5787928888, 4.3e-16, 0, 58200000.0, 8.34e+11, 4.3e+30, 0, 0, 0.633395302890, -1.730000000e-16, 0
0.500254454491, 1.32412e-14, 0, 599000.0, 2.60e+12, 4.2e+33, 0, 0, 1.998982699750, -5.291100000e-14, 0
2.7800791979, 2.37e-15, 0, 18600000.0, 2.59e+12, 4.3e+30, 0, 0, 0.359701982860, -3.060000000e-16, 0
0.052152855, 1.5557e-13, 0, 5310.0, 2.88e+12, 4.3e+37, 0, 0, 19.174405700000, -5.719700000e-11, 0
0.0988139764825, 6.132329e-14, 0, 25500.0, 2.49e+12, 2.5e+36, 0, 0, 10.120025887000, -6.280420000e-12, 9.1000000e-23
0.00164560961318, 1.31367e-20, 0, 1980000000.0, 1.49e+08, 1.2e+35, 0, 0, 607.677539065730, -4.851000000e-15, 0
0.3941333466126, 1.212692e-15, 0, 5150000.0, 7.00e+11, 7.8e+32, 0, 0, 2.537212363771, -7.806640000e-15, -4.1400000e-26
0.2886027917197, 3.9933e-16, 0, 11500000.0, 3.44e+11, 6.6e+32, 0, 0, 3.464969947246, -4.794400000e-15, 8.2000000e-26
0.01349582040391, 5.8677e-19, 1, 364000000.0, 2.85e+09, 9.4e+33, 0, 0, 74.097014488305, -3.221600000e-15, 0
0.01626400341113, 3.124e-19, 0, 825000000.0, 2.28e+09, 2.9e+33, 0, 0, 61.485476528860, -1.181200000e-15, 0
0.44283849913, 1.1131e-16, 0, 63000000.0, 2.25e+11, 5.1e+31, 0, 0, 2.258159581800, -5.676100000e-16, -1.9000000e-27
0.8744858817, 2.4236e-15, 0, 5720000.0, 1.47e+12, 1.4e+32, 0, 0, 1.143529039090, -3.169200000e-15, 0
1.33538779057, 1.72e-15, 0, 12300000.0, 1.53e+12, 2.8e+31, 0, 0, 0.748846145710, -9.620000000e-16, 0
0.609873648673, 7.87067e-15, 0, 1230000.0, 2.22e+12, 1.4e+33, 0, 0, 1.639683895470, -2.116080000e-14, -3.5000000e-26
0.445822307, 5.9e-16, 0, 12000000.0, 5.19e+11, 2.6e+32, 0, 0, 2.243046129000, -2.970000000e-15, 0
1.3323097198, 2.12e-15, 0, 9960000.0, 1.70e+12, 3.5e+31, 0, 0, 0.750576225000, -1.194000000e-15, 0
5.639047079, 7.9e-15, 0, 11200000.0, 6.78e+12, 1.8e+30, 0, 0, 0.177334926620, -2.500000000e-16, 0
0.712794036774, 1.0797e-14, 0, 1050000.0, 2.81e+12, 1.2e+33, 0, 0, 1.402929806380, -2.125000000e-14, 0
0.8993767214, 2.64e-16, 0, 54000000.0, 4.93e+11, 1.4e+31, 0, 0, 1.111881124120, -3.260000000e-16, 0
1.3005131462, 5.78e-15, 0, 3560000.0, 2.77e+12, 1.0e+32, 0, 0, 0.768927252200, -3.417420000e-15, 0
0.91036298415, 1.9652e-16, 0, 73400000.0, 4.28e+11, 1.0e+31, 0, 0, 1.098462939960, -2.371200000e-16, -4.2000000e-28
0.68401360292, 3.81e-17, 0, 284000000.0, 1.63e+11, 4.7e+30, 0, 0, 1.461959229660, -8.140000000e-17, 0
0.1116008373133, 5.661e-18, 1, 312000000.0, 2.54e+10, 1.6e+32, 0, 0, 8.960506247750, -4.545000000e-16, 0
0.0060745420865, 1.92e-20, 1, 5020000000.0, 3.45e+08, 3.4e+33, 0, 0, 164.621462121700, -5.200000000e-16, 0
0.0051399367749, 4.928e-19, 0, 165000000.0, 1.61e+09, 1.4e+35, 0, 0, 194.554922325690, -1.865200000e-14, 0
0.39483578357, 2.645e-15, 0, 2370000.0, 1.03e+12, 1.7e+33, 0, 0, 2.532698508100, -1.696400000e-14, -3.7000000e-24
0.00391487319637, 1.126e-20, 1, 5510000000.0, 2.12e+08, 7.4e+33, 0, 0, 255.436115000480, -7.350000000e-16, 0
0.5482271038, 8.83e-15, 0, 984000.0, 2.23e+12, 2.1e+33, 0, 0, 1.824061585200, -2.938000000e-14, 0
0.74235239547, 1.2911e-15, 0, 9110000.0, 9.91e+11, 1.2e+32, 0, 0, 1.347069136036, -2.342800000e-15, 0
0.409050865044, 6.427e-16, 0, 10100000.0, 5.19e+11, 3.7e+32, 0, 0, 2.444683743410, -3.841000000e-15, 0
0.1910366935341, 6.1773e-16, 0, 4900000.0, 3.48e+11, 3.5e+33, 0, 0, 5.234596461550, -1.692640000e-14, 0
0.56255763553, 8.12913e-15, 0, 1100000.0, 2.16e+12, 1.8e+33, 0, 0, 1.777595639690, -2.568680000e-14, 1.3000000e-26
0.64022949952, 3.468e-15, 0, 2930000.0, 1.51e+12, 5.2e+32, 0, 0, 1.561939899280, -8.460000000e-15, 0
0.0629548889725, 2.02e-18, 0, 493000000.0, 1.14e+10, 3.2e+32, 0, 0, 15.884389859500, -5.100000000e-16, 0
0.0951378086771, 9.7e-19, 1, 1550000000.0, 9.72e+09, 4.4e+31, 0, 0, 10.511068248310, -1.070000000e-16, 0
0.52833640936, 1.411502e-14, 0, 593000.0, 2.76e+12, 3.8e+33, 0, 0, 1.892733459760, -5.056620000e-14, -6.2000000e-26
2.0902480768, 8.3e-16, 0, 39900000.0, 1.33e+12, 3.6e+30, 0, 0, 0.478412113420, -1.900000000e-16, 0
0.361690595821, 5.712e-16, 0, 10000000.0, 4.60e+11, 4.8e+32, 0, 0, 2.764794029910, -4.366000000e-15, 0
0.392703893399, 7.816e-16, 0, 7960000.0, 5.61e+11, 5.1e+32, 0, 0, 2.546447888115, -5.068000000e-15, 0
2.39139679486, 1.5641e-15, 0, 24200000.0, 1.96e+12, 4.5e+30, 0, 0, 0.418165652037, -2.735100000e-16, -5.2000000e-28
0.190709642575, 7.809e-16, 0, 3870000.0, 3.91e+11, 4.4e+33, 0, 0, 5.243573353180, -2.147100000e-14, 0
0.73374443871, 6.86e-16, 0, 16900000.0, 7.18e+11, 6.9e+31, 0, 0, 1.362872339800, -1.274000000e-15, 0
0.322231178915, 4.4217e-15, 0, 1150000.0, 1.21e+12, 5.2e+33, 0, 0, 3.103362012850, -4.258500000e-14, 0
1.1759678772, 9.0193e-14, 0, 207000.0, 1.04e+13, 2.2e+33, 0, 0, 0.850363364000, -6.522000000e-14, 3.2000000e-23
1.00451255339, 3.12081e-14, 0, 510000.0, 5.67e+12, 1.2e+33, 0, 0, 0.995507718270, -3.092830000e-14, 0
0.233540625445, 1.12061e-14, 0, 330000.0, 1.64e+12, 3.5e+34, 0, 0, 4.281910259050, -2.054620000e-13, 0
0.43087215605, 1.228e-14, 0, 556000.0, 2.33e+12, 6.1e+33, 0, 0, 2.320874036400, -6.614568000e-14, 0
0.26195467832, 1.4e-17, 0, 302000000.0, 6.07e+10, 3.0e+31, 0, 0, 3.817454249700, -2.000000000e-16, 0
0.01278606928999, 3.1e-20, 1, 6520000000.0, 6.38e+08, 5.9e+32, 0, 0, 78.210118944300, -1.900000000e-16, 0
0.40498030096, 5.2691e-14, 0, 122000.0, 4.67e+12, 3.1e+34, 0, 0, 2.469255906100, -3.212700000e-13, 0
0.028461589026, 1.017502e-18, 1, 443000000.0, 5.45e+09, 1.7e+33, 0, 0, 35.135072714547, -1.256079000e-15, 0
0.6704799625529, 2.8474e-16, 0, 37300000.0, 4.42e+11, 3.7e+31, 0, 0, 1.491468881773, -6.333990000e-16, -1.5000000e-28
0.72451374873, 1.238e-15, 0, 9270000.0, 9.58e+11, 1.3e+32, 0, 0, 1.380236057300, -2.358000000e-15, 0
0.1853101015788, 7.82e-16, 0, 3750000.0, 3.85e+11, 4.9e+33, 0, 0, 5.396359893390, -2.277100000e-14, 0
0.234100571494, 1.29192e-14, 0, 287000.0, 1.76e+12, 4.0e+34, 0, 0, 4.271668341600, -2.357385000e-13, 1.4900000e-25
0.01768721477177, 2.1e-19, 0, 1330000000.0, 1.95e+09, 1.5e+33, 0, 0, 56.538014204300, -6.700000000e-16, 0
0.00886996122728, 2.63e-20, 1, 5340000000.0, 4.89e+08, 1.5e+33, 0, 0, 112.740064401270, -3.340000000e-16, 0
0.69255157815, 1.692e-14, 0, 649000.0, 3.46e+12, 2.0e+33, 0, 0, 1.443935775390, -3.527000000e-14, 0
0.430278250497, 9.56e-16, 0, 7130000.0, 6.49e+11, 4.7e+32, 0, 0, 2.324077498330, -5.166000000e-15, 0
2.1072633712, 1.55e-15, 0, 21500000.0, 1.83e+12, 6.6e+30, 0, 0, 0.474549130240, -3.500000000e-16, 0
1.20289346322, 5.17e-15, 0, 3690000.0, 2.52e+12, 1.2e+32, 0, 0, 0.831328817200, -3.570000000e-15, 0
0.76670638621, 9.4e-17, 0, 129000000.0, 2.72e+11, 8.2e+30, 0, 0, 1.304280253800, -1.600000000e-16, 0
0.94725581104, 7.2e-16, 0, 20800000.0, 8.36e+11, 3.3e+31, 0, 0, 1.055681040270, -8.020000000e-16, 0
2.5122628118, 1.574e-14, 0, 2530000.0, 6.36e+12, 3.9e+31, 0, 0, 0.398047527230, -2.494000000e-15, 0
0.79845156695, 2.55e-16, 0, 49600000.0, 4.57e+11, 2.0e+31, 0, 0, 1.252424118620, -4.000000000e-16, 0
0.7315054725, 3.07e-15, 0, 3780000.0, 1.52e+12, 3.1e+32, 0, 0, 1.367043771500, -5.730000000e-15, 0
0.254720352269, 9.34e-17, 0, 43200000.0, 1.56e+11, 2.2e+32, 0, 0, 3.925873967640, -1.440000000e-15, 0
2.8433888097, 1.857e-14, 0, 2430000.0, 7.35e+12, 3.2e+31, 0, 0, 0.351693020870, -2.297000000e-15, 0
0.460974127869, 1.087242e-14, 0, 672000.0, 2.27e+12, 4.4e+33, 0, 0, 2.169319142970, -5.116500000e-14, -2.5700000e-25
0.81071772906, 1.0744e-14, 0, 1200000.0, 2.99e+12, 8.0e+32, 0, 0, 1.233474937270, -1.634600000e-14, 0
0.55888867754, 3.762e-15, 0, 2350000.0, 1.47e+12, 8.5e+32, 0, 0, 1.789265090150, -1.204400000e-14, 0
0.95654854873, 9.9592e-14, 0, 152000.0, 9.88e+12, 4.5e+33, 0, 0, 1.045425244050, -1.088460000e-13, 0
0.574400267809, 4.62847e-15, 0, 1970000.0, 1.65e+12, 9.6e+32, 0, 0, 1.740946263509, -1.402839000e-14, 8.7000000e-27
1.07895331831, 3.769e-15, 0, 4540000.0, 2.04e+12, 1.2e+32, 0, 0, 0.926824157290, -3.238000000e-15, 0
0.78318548958, 1.1537e-14, 0, 1080000.0, 3.04e+12, 9.5e+32, 0, 0, 1.276836730640, -1.880900000e-14, 0
1.7992724923, 5.5e-16, 0, 51800000.0, 1.01e+12, 3.7e+30, 0, 0, 0.555780185760, -1.700000000e-16, 0
0.92149067377, 3.3101e-15, 0, 4410000.0, 1.77e+12, 1.7e+32, 0, 0, 1.085198177760, -3.898100000e-15, -3.2000000e-26
0.02896158773099, 2.191e-18, 1, 209000000.0, 8.06e+09, 3.6e+33, 0, 0, 34.528493716870, -2.612100000e-15, 0
0.00422653200355, 6.9e-21, 0, 9710000000.0, 1.73e+08, 3.6e+33, 0, 0, 236.600598117030, -3.900000000e-16, 0
0.00362509666012, 5.31e-21, 0, 10800000000.0, 1.40e+08, 4.4e+33, 0, 0, 275.854713337950, -4.040000000e-16, 0
2.5504982104, 1.8e-16, 0, 222000000.0, 6.90e+11, 4.3e+29, 0, 0, 0.392080259420, -2.800000000e-17, 0
1.1087248496, 7.03e-16, 0, 25000000.0, 8.93e+11, 2.0e+31, 0, 0, 0.901937031860, -5.720000000e-16, 0
0.4381131572, 1.6e-17, 0, 446000000.0, 8.35e+10, 7.3e+30, 0, 0, 2.282515335300, -8.100000000e-17, 0
0.375296924221, 1.59982e-14, 0, 372000.0, 2.48e+12, 1.2e+34, 0, 0, 2.664556876070, -1.135850000e-13, 0
0.4158270895435, 1.1293023e-13, 0, 58300.0, 6.93e+12, 6.2e+34, 0, 0, 2.404845728300, -6.531075000e-13, 1.1200000e-24
0.124924206569, 1.279057e-13, 0, 15500.0, 4.04e+12, 2.6e+36, 0, 0, 8.004853722600, -8.195900000e-12, 4.0100000e-22
1.081908474227, 3.2931e-15, 0, 5210000.0, 1.91e+12, 1.0e+32, 0, 0, 0.924292603138, -2.813350000e-15, -1.8600000e-26
1.3856036231, 4e-16, 0, 55200000.0, 7.51e+11, 5.9e+30, 0, 0, 0.721707119790, -2.070000000e-16, 0
0.554261603931, 2.109e-15, 0, 4160000.0, 1.09e+12, 4.9e+32, 0, 0, 1.804202190640, -6.865000000e-15, 0
0.51467137652, 5.64e-16, 0, 14500000.0, 5.45e+11, 1.6e+32, 0, 0, 1.942987400550, -2.130000000e-15, 0
0.01264759358652, 7.256e-20, 1, 2760000000.0, 9.69e+08, 1.4e+33, 0, 0, 79.066424229950, -4.536000000e-16, -1.0400000e-25
0.56900709018, 8.562e-15, 0, 1050000.0, 2.23e+12, 1.8e+33, 0, 0, 1.757447345120, -2.644500000e-14, 0
2.461051995, 1.32e-15, 0, 29500000.0, 1.82e+12, 3.5e+30, 0, 0, 0.406330301900, -2.180000000e-16, 0
0.536595822673, 1.7714e-15, 0, 4800000.0, 9.87e+11, 4.5e+32, 0, 0, 1.863600046340, -6.152000000e-15, 0
2.86433773648, 1.517e-14, 0, 2990000.0, 6.67e+12, 2.5e+31, 0, 0, 0.349120841186, -1.849000000e-15, 0
0.443648922251, 3.297e-16, 0, 21300000.0, 3.87e+11, 1.5e+32, 0, 0, 2.254034552650, -1.675000000e-15, 0
0.13366692025028, 1.34359375e-13, 0, 15800.0, 4.29e+12, 2.2e+36, 0, 0, 7.481282565107, -7.520039000e-12, 2.0793000e-22
0.106332094095, 1.951385e-14, 0, 86300.0, 1.46e+12, 6.4e+35, 0, 0, 9.404498317400, -1.725894000e-12, 0
0.334415426505, 1.7113e-17, 1, 310000000.0, 7.66e+10, 1.8e+31, 0, 0, 2.990292674144, -1.530200000e-16, 2.1000000e-27
0.633411983159, 3.372e-16, 0, 29800000.0, 4.68e+11, 5.2e+31, 0, 0, 1.578751312870, -8.405000000e-16, 0
0.0231008552843, 4.671e-19, 1, 784000000.0, 3.32e+09, 1.5e+33, 0, 0, 43.288440522790, -8.753000000e-16, 3.3000000e-27
0.57051063348, 1.43e-16, 0, 63100000.0, 2.89e+11, 3.0e+31, 0, 0, 1.752815708100, -4.400000000e-16, 0
0.0093430306857, 4.089e-20, 1, 3620000000.0, 6.25e+08, 2.0e+33, 0, 0, 107.031651039130, -4.684000000e-16, -5.9000000e-28
0.2187115654904, 9.99455e-16, 0, 3470000.0, 4.73e+11, 3.8e+33, 0, 0, 4.572231915390, -2.089391000e-14, 1.7000000e-26
0.454650713078, 9.69e-16, 0, 7430000.0, 6.72e+11, 4.1e+32, 0, 0, 2.199490666650, -4.688000000e-15, 0
1.1812692298, 2.7e-16, 0, 68400000.0, 5.75e+11, 6.6e+30, 0, 0, 0.846547065420, -1.960000000e-16, 0
0.4057694879, 8.394e-15, 0, 766000.0, 1.87e+12, 5.0e+33, 0, 0, 2.464453414600, -5.098000000e-14, 0
0.357806774953, 1.7555e-15, 0, 3230000.0, 8.02e+11, 1.5e+33, 0, 0, 2.794804542570, -1.371200000e-14, 0
0.661401759025, 5.8e-18, 0, 1800000000.0, 6.28e+10, 7.9e+29, 0, 0, 1.511940339370, -1.330000000e-17, 0
0.4283409894, 4.74e-16, 0, 14300000.0, 4.56e+11, 2.4e+32, 0, 0, 2.334588621600, -2.580000000e-15, 0
0.484286459778, 5.725e-17, 0, 134000000.0, 1.68e+11, 2.0e+31, 0, 0, 2.064893576538, -2.441000000e-16, 0
0.522618385775, 1.40877e-15, 0, 5880000.0, 8.68e+11, 3.9e+32, 0, 0, 1.913442058714, -5.157860000e-15, 8.4000000e-27
0.66830920992, 8.62e-16, 0, 12300000.0, 7.68e+11, 1.1e+32, 0, 0, 1.496313360870, -1.930000000e-15, 0
0.8797908756, 1.7e-17, 0, 819000000.0, 1.24e+11, 9.9e+29, 0, 0, 1.136633747500, -2.200000000e-17, 4.7000000e-24
0.481789349, 1.214e-13, 0, 62900.0, 7.74e+12, 4.3e+34, 0, 0, 2.075595904000, -5.230000000e-13, 6.2000000e-22
0.464300493199, 1.294e-16, 0, 56900000.0, 2.48e+11, 5.1e+31, 0, 0, 2.153777595863, -6.003000000e-16, 0
0.16372737166367, 2.87993e-17, 0, 90100000.0, 6.95e+10, 2.6e+32, 0, 0, 6.107714243738, -1.074334000e-15, -4.7900000e-27
0.00418617720284, 8.23245e-20, 1, 806000000.0, 5.94e+08, 4.4e+34, 0, 0, 238.881430848499, -4.697790000e-15, 0
2.76419486975, 4.994e-15, 0, 8770000.0, 3.76e+12, 9.3e+30, 0, 0, 0.361768994995, -6.536000000e-16, 0
0.827776461518, 1.217251e-14, 0, 1080000.0, 3.21e+12, 8.5e+32, 0, 0, 1.208055612219, -1.776454000e-14, -8.2000000e-26
0.876044286677, 1.2402e-15, 0, 11200000.0, 1.05e+12, 7.3e+31, 0, 0, 1.141494802498, -1.615990000e-15, 2.0000000e-27
0.596993202504, 7.725e-16, 0, 12200000.0, 6.87e+11, 1.4e+32, 0, 0, 1.675060948441, -2.167400000e-15, 0
0.544549207067, 2.6671e-15, 0, 3230000.0, 1.22e+12, 6.5e+32, 0, 0, 1.836381335280, -8.994300000e-15, 0
0.24103454795, 1.2e-17, 0, 329000000.0, 5.36e+10, 3.3e+31, 0, 0, 4.148782855000, -2.000000000e-16, 0
7.55592, 5.49e-10, 0, 218.0, 2.06e+15, 5.0e+34, 0, 0, 0.132346600000, -9.620000000e-12, -1.7800000e-20
0.918410326286, 1.707608e-14, 0, 852000.0, 4.01e+12, 8.7e+32, 0, 0, 1.088837931564, -2.024485000e-14, 7.8700000e-26
2.45788177758, 6.5818e-14, 0, 592000.0, 1.29e+13, 1.7e+32, 0, 0, 0.406854393535, -1.089490000e-14, 0
0.364912241765, 7.0494e-15, 0, 820000.0, 1.62e+12, 5.7e+33, 0, 0, 2.740384907790, -5.293900000e-14, 0
0.7449764016, 2.29e-15, 0, 5150000.0, 1.32e+12, 2.2e+32, 0, 0, 1.342324398300, -4.130000000e-15, 0
0.313885674748, 1.521e-16, 0, 32700000.0, 2.21e+11, 1.9e+32, 0, 0, 3.185873330480, -1.544000000e-15, 0
0.895285284345, 5.24e-15, 0, 2710000.0, 2.19e+12, 2.9e+32, 0, 0, 1.116962400126, -6.537000000e-15, 0
1.12448108944, 1.0575e-14, 0, 1680000.0, 3.49e+12, 2.9e+32, 0, 0, 0.889299081500, -8.363000000e-15, 0
0.082746885746, 2.553546e-14, 0, 51300.0, 1.47e+12, 1.8e+36, 0, 0, 12.085046959600, -3.729412000e-12, 3.2200000e-23
5.54035372, 7.77e-12, 0, 11300.0, 2.10e+14, 1.8e+33, 0, 0, 0.180493891000, -2.530000000e-13, 0
0.43481138633, 7.28e-15, 0, 946000.0, 1.80e+12, 3.5e+33, 0, 0, 2.299847776400, -3.850000000e-14, 0
0.702413629135, 3.82187e-15, 0, 2910000.0, 1.66e+12, 4.4e+32, 0, 0, 1.423662580739, -7.746220000e-15, -2.4000000e-27
0.146788548116, 3.44207e-14, 0, 67600.0, 2.27e+12, 4.3e+35, 0, 0, 6.812520546300, -1.597480000e-12, 0
0.860387839, 1.2e-16, 0, 114000000.0, 3.25e+11, 7.4e+30, 0, 0, 1.162266543800, -1.620000000e-16, 0
0.217213500357, 2.387e-17, 0, 144000000.0, 7.29e+10, 9.2e+31, 0, 0, 4.603765412170, -5.060000000e-16, 0
0.153716278369, 5.2e-17, 0, 46600000.0, 9.07e+10, 5.7e+32, 0, 0, 6.505491875100, -2.210000000e-15, 0
0.03282224486002, 1.4742e-19, 1, 3530000000.0, 2.23e+09, 1.6e+32, 0, 0, 30.467142155106, -1.368400000e-16, 0
0.26104931796, 3.83e-16, 0, 10800000.0, 3.20e+11, 8.5e+32, 0, 0, 3.830693785400, -5.620000000e-15, 0
0.92494482303, 1.608e-15, 0, 9110000.0, 1.23e+12, 8.0e+31, 0, 0, 1.081145572260, -1.880000000e-15, 0
0.46171267661, 2.692e-15, 0, 2720000.0, 1.13e+12, 1.1e+33, 0, 0, 2.165849132280, -1.262800000e-14, 0
2.623858562, 8e-16, 0, 52000000.0, 1.47e+12, 1.7e+30, 0, 0, 0.381118103880, -1.200000000e-16, 0
0.39138510099, 1.2e-16, 0, 51700000.0, 2.19e+11, 7.9e+31, 0, 0, 2.555028276400, -7.830000000e-16, 0
0.1041819547968, 9.01e-19, 1, 1830000000.0, 9.80e+09, 3.1e+31, 0, 0, 9.598591252680, -8.300000000e-17, 0
0.557463612, 6.315e-15, 0, 1400000.0, 1.90e+12, 1.4e+33, 0, 0, 1.793839056900, -2.032000000e-14, 0
0.064667, 4.4e-14, 0, 23300.0, 1.71e+12, 6.4e+36, 0, 0, 15.463838000000, -1.052000000e-11, 0
0.00266059331684, 1.33774e-20, 1, 3150000000.0, 1.91e+08, 2.8e+34, 0, 0, 375.856014397575, -1.889800000e-15, 0
0.415812941402, 2.972e-16, 0, 22200000.0, 3.56e+11, 1.6e+32, 0, 0, 2.404927553790, -1.719000000e-15, 0
1.4327041968, 2.254e-15, 0, 10100000.0, 1.82e+12, 3.0e+31, 0, 0, 0.697980785030, -1.098000000e-15, 0
0.793902802035, 3.59963e-15, 0, 3490000.0, 1.71e+12, 2.8e+32, 0, 0, 1.259600038490, -5.711140000e-15, 3.7000000e-28
1.20537444137, 1.9077e-14, 0, 1000000.0, 4.85e+12, 4.3e+32, 0, 0, 0.829617723490, -1.313000000e-14, 5.8000000e-26
0.538340543302, 9.8245e-16, 0, 8680000.0, 7.36e+11, 2.5e+32, 0, 0, 1.857560260770, -3.389990000e-15, -1.4000000e-26
0.43099098078, 3.774e-14, 0, 181000.0, 4.08e+12, 1.9e+34, 0, 0, 2.320234168700, -2.031900000e-13, 0
1.22335230807, 2.3893e-14, 0, 811000.0, 5.47e+12, 5.2e+32, 0, 0, 0.817426013260, -1.596500000e-14, 0
0.315835048197, 1.775e-16, 0, 28200000.0, 2.40e+11, 2.2e+32, 0, 0, 3.166209721530, -1.779000000e-15, 0
0.236983307439, 3.156e-16, 0, 11900000.0, 2.77e+11, 9.4e+32, 0, 0, 4.219706488220, -5.620000000e-15, 0
0.58747677594, 6.602e-16, 0, 14100000.0, 6.30e+11, 1.3e+32, 0, 0, 1.702194947880, -1.913000000e-15, 0
0.048072246759, 1.75637e-14, 0, 43400.0, 9.30e+11, 6.2e+36, 0, 0, 20.802023359000, -7.600230000e-12, 0
0.0446993053, 1.2655e-13, 0, 5600.0, 2.41e+12, 5.6e+37, 0, 0, 22.371712360000, -6.333500000e-11, 0
0.3364246764, 2.1e-17, 0, 254000000.0, 8.51e+10, 2.2e+31, 0, 0, 2.972433564000, -1.900000000e-16, 0
0.426466240565, 2.081e-15, 0, 3250000.0, 9.53e+11, 1.1e+33, 0, 0, 2.344851490880, -1.144000000e-14, 0
0.328514216183, 4.78e-17, 0, 109000000.0, 1.27e+11, 5.3e+31, 0, 0, 3.044008297780, -4.430000000e-16, 0
0.00443001162863, 1.2466e-20, 1, 5630000000.0, 2.38e+08, 5.7e+33, 0, 0, 225.733041768180, -6.352000000e-16, 0
0.931089084936, 2.54871e-15, 0, 5790000.0, 1.56e+12, 1.2e+32, 0, 0, 1.074011086779, -2.939940000e-15, 1.4900000e-26
1.01421948495, 8.84e-16, 0, 18200000.0, 9.58e+11, 3.3e+31, 0, 0, 0.985979874020, -8.590000000e-16, 0
1.37786849563, 2.92e-16, 0, 74700000.0, 6.42e+11, 4.4e+30, 0, 0, 0.725758665050, -1.540000000e-16, 0
0.751261115038, 1.66038e-15, 0, 7170000.0, 1.13e+12, 1.5e+32, 0, 0, 1.331095114579, -2.941880000e-15, 0
0.95746393536, 6.333e-15, 0, 2400000.0, 2.49e+12, 2.8e+32, 0, 0, 1.044425761710, -6.908000000e-15, 0
3.975905188, 7.447e-13, 0, 84600.0, 5.51e+13, 4.7e+32, 0, 0, 0.251515052000, -4.711000000e-14, 0
0.1984357331818, 7.785293e-14, 0, 40400.0, 3.98e+12, 3.9e+35, 0, 0, 5.039414947930, -1.977130000e-12, 0
1.24992353738, 3.63e-14, 0, 546000.0, 6.82e+12, 7.3e+32, 0, 0, 0.800048939070, -2.323200000e-14, 0
0.2176426911444, 6.48032e-15, 0, 532000.0, 1.20e+12, 2.5e+34, 0, 0, 4.594686799460, -1.368070000e-13, 0
0.594499815819, 1.3261e-15, 0, 7100000.0, 8.98e+11, 2.5e+32, 0, 0, 1.682086307500, -3.752000000e-15, 0
0.7823133599, 7.2621e-15, 0, 1710000.0, 2.41e+12, 6.0e+32, 0, 0, 1.278260159240, -1.186590000e-14, -1.7100000e-25
0.592885130439, 6.6411e-17, 0, 141000000.0, 2.01e+11, 1.3e+31, 0, 0, 1.686667363811, -1.889300000e-16, -1.2000000e-27
0.00319310355385, 4.31e-20, 1, 1170000000.0, 3.75e+08, 5.2e+34, 0, 0, 313.174935649713, -4.227200000e-15, 0
0.2179228818474, 1.93e-18, 0, 1790000000.0, 2.08e+10, 7.4e+30, 0, 0, 4.588779257700, -4.060000000e-17, 0
0.224603837185, 1.4313e-15, 0, 2490000.0, 5.74e+11, 5.0e+33, 0, 0, 4.452283685500, -2.837300000e-14, 0
2.0468376289, 3.6e-16, 0, 90100000.0, 8.69e+11, 1.7e+30, 0, 0, 0.488558538240, -8.600000000e-17, 0
0.38701692095, 2.0465e-15, 0, 3000000.0, 9.01e+11, 1.4e+33, 0, 0, 2.583866352800, -1.366300000e-14, 0
0.38448678392, 5.802e-16, 0, 10500000.0, 4.78e+11, 4.0e+32, 0, 0, 2.600869631470, -3.925000000e-15, 0
0.5447995247, 3.824e-15, 0, 2260000.0, 1.46e+12, 9.3e+32, 0, 0, 1.835537577890, -1.288500000e-14, 0
0.2914894606391, 2.035737e-15, 0, 2270000.0, 7.80e+11, 3.2e+33, 0, 0, 3.430655769877, -2.395940000e-14, -4.4600000e-25
0.28137130037, 6.15e-15, 0, 725000.0, 1.33e+12, 1.1e+34, 0, 0, 3.554022740400, -7.770000000e-14, 0
0.9396900396, 4.11e-15, 0, 3630000.0, 1.99e+12, 2.0e+32, 0, 0, 1.064180695600, -4.650000000e-15, 0
0.55113377674, 9.676e-15, 0, 902000.0, 2.34e+12, 2.3e+33, 0, 0, 1.814441506220, -3.185400000e-14, 0
0.952708902877, 7.062e-16, 0, 21400000.0, 8.30e+11, 3.2e+31, 0, 0, 1.049638559040, -7.780000000e-16, 0
0.852047483505, 3.1302e-15, 0, 4310000.0, 1.65e+12, 2.0e+32, 0, 0, 1.173643510907, -4.311600000e-15, 0
0.301489849278, 1.3209e-15, 0, 3620000.0, 6.39e+11, 1.9e+33, 0, 0, 3.316861255510, -1.453200000e-14, 0
0.29416251457, 5.66e-16, 0, 8230000.0, 4.13e+11, 8.8e+32, 0, 0, 3.399481410700, -6.540000000e-15, 0
1.38813712856, 7.61e-16, 0, 28900000.0, 1.04e+12, 1.1e+31, 0, 0, 0.720389923610, -3.950000000e-16, 0
1.060363543971, 3.592e-16, 0, 46800000.0, 6.25e+11, 1.2e+31, 0, 0, 0.943072784505, -3.194700000e-16, 0
1.51569599263, 6e-16, 0, 40200000.0, 9.63e+11, 6.8e+30, 0, 0, 0.659762910810, -2.600000000e-16, 0
1.7884904528, 2.59e-15, 0, 10900000.0, 2.18e+12, 1.8e+31, 0, 0, 0.559130745400, -8.100000000e-16, 0
4.2631640329, 5.75171e-13, 0, 117000.0, 5.01e+13, 2.9e+32, 0, 0, 0.234567563500, -3.164700000e-14, 0
0.226538990075, 7.9e-18, 0, 457000000.0, 4.27e+10, 2.7e+31, 0, 0, 4.414251161220, -1.530000000e-16, 0
0.39352163764, 3.455e-15, 0, 1800000.0, 1.18e+12, 2.2e+33, 0, 0, 2.541156328800, -2.231000000e-14, 0
0.598075929665, 6.33137e-15, 0, 1500000.0, 1.97e+12, 1.2e+33, 0, 0, 1.672028500730, -1.770049000e-14, 3.5700000e-26
0.337320795791, 9.323e-16, 0, 5730000.0, 5.67e+11, 9.6e+32, 0, 0, 2.964537059313, -8.193200000e-15, 0
0.921459731325, 4.49522e-15, 0, 3250000.0, 2.06e+12, 2.3e+32, 0, 0, 1.085234618514, -5.294170000e-15, 1.4200000e-26
0.333242850831, 3.79072e-14, 0, 139000.0, 3.60e+12, 4.0e+34, 0, 0, 3.000814563630, -3.413500000e-13, 0
0.3099045934277, 9.3609e-17, 0, 52500000.0, 1.72e+11, 1.2e+32, 0, 0, 3.226799541560, -9.746800000e-16, 5.6000000e-27
0.03378133193189, 2.9e-20, 0, 18500000000.0, 1.00e+09, 3.0e+31, 0, 0, 29.602148370470, -2.541000000e-17, 0
0.414111049843, 3.72e-17, 0, 176000000.0, 1.26e+11, 2.1e+31, 0, 0, 2.414811197090, -2.170000000e-16, 0
0.90231562918, 2.53e-15, 0, 5650000.0, 1.53e+12, 1.4e+32, 0, 0, 1.108259646250, -3.110000000e-15, 0
1.6560095697, 8.945e-13, 0, 29300.0, 3.89e+13, 7.8e+33, 0, 0, 0.603861244700, -3.261900000e-13, 0
1.91513066964, 5.373e-15, 0, 5650000.0, 3.25e+12, 3.0e+31, 0, 0, 0.522157582170, -1.465000000e-15, 0
1.366682059422, 8.714e-16, 0, 24800000.0, 1.10e+12, 1.3e+31, 0, 0, 0.731699075953, -4.665000000e-16, 0
1.362817392033, 1.7472e-15, 0, 12400000.0, 1.56e+12, 2.7e+31, 0, 0, 0.733774022731, -9.407600000e-16, 2.2000000e-27
2.50451781786, 4.03e-16, 1, 98400000.0, 1.02e+12, 1.0e+30, 0, 0, 0.399278453069, -6.430000000e-17, 0
0.97470037336, 3.55e-16, 0, 43500000.0, 5.96e+11, 1.5e+31, 0, 0, 1.025956311630, -3.740000000e-16, 0
1.78703680542, 2.346e-15, 0, 12100000.0, 2.07e+12, 1.6e+31, 0, 0, 0.559585564756, -7.346000000e-16, 0
2.0710402725, 8.476e-14, 0, 387000.0, 1.34e+13, 3.8e+32, 0, 0, 0.482849133010, -1.976200000e-14, 0
0.214771109789, 9.0689e-16, 0, 3750000.0, 4.47e+11, 3.6e+33, 0, 0, 4.656119721980, -1.966090000e-14, -1.1000000e-26
8.43772106, 2.1e-14, 0, 6260000.0, 1.36e+13, 1.4e+30, 0, 0, 0.118515413500, -3.000000000e-16, 0
0.8311557274, 1.885e-15, 0, 6990000.0, 1.27e+12, 1.3e+32, 0, 0, 1.203143968100, -2.729000000e-15, 0
1.874268518252, 1.35439e-15, 0, 21900000.0, 1.61e+12, 8.1e+30, 0, 0, 0.533541480456, -3.855500000e-16, 5.8000000e-28
0.456511944952, 4.5864e-16, 0, 15800000.0, 4.63e+11, 1.9e+32, 0, 0, 2.190523185774, -2.200700000e-15, 0
0.759777464363, 1.13147e-15, 0, 10600000.0, 9.38e+11, 1.0e+32, 0, 0, 1.316174862910, -1.960070000e-15, -1.0600000e-26
0.7529065430494, 2.26734e-16, 0, 52600000.0, 4.18e+11, 2.1e+31, 0, 0, 1.328186093256, -3.999770000e-16, -5.0000000e-29
0.279828696565, 1.37862e-15, 1, 3220000.0, 6.29e+11, 2.5e+33, 0, 0, 3.573614901810, -1.760600000e-14, -1.8700000e-25
1.8465342015, 3.652e-14, 0, 801000.0, 8.31e+12, 2.3e+32, 0, 0, 0.541555092350, -1.071000000e-14, 0
0.61710720555, 9.6e-15, 0, 1020000.0, 2.46e+12, 1.6e+33, 0, 0, 1.620463982600, -2.521000000e-14, 0
1.6254054724, 4.52e-15, 0, 5700000.0, 2.74e+12, 4.2e+31, 0, 0, 0.615231102010, -1.709000000e-15, 0
1.63679245172, 2.8e-16, 0, 93100000.0, 6.83e+11, 2.5e+30, 0, 0, 0.610951009060, -1.040000000e-16, 0
0.00544000416327, 3.375e-18, 0, 25500000.0, 4.34e+09, 8.3e+35, 0, 0, 183.823388730350, -1.140400000e-13, 5.1000000e-25
0.3785964921974, 2.99e-17, 0, 201000000.0, 1.08e+11, 2.2e+31, 0, 0, 2.641334562283, -2.090000000e-16, 7.2000000e-27
0.4059359629899, 2.24e-16, 0, 28700000.0, 3.05e+11, 1.3e+32, 0, 0, 2.463442737700, -1.359000000e-15, 0
0.284054344967, 2.92704e-15, 0, 1540000.0, 9.23e+11, 5.0e+33, 0, 0, 3.520453102440, -3.627650000e-14, -2.0100000e-25
2.49946826743, 3.911e-15, 0, 10100000.0, 3.16e+12, 9.9e+30, 0, 0, 0.400085095311, -6.261000000e-16, 0
0.435759033311, 3.55447e-15, 0, 1940000.0, 1.26e+12, 1.7e+33, 0, 0, 2.294846287870, -1.871900000e-14, 4.0000000e-27
0.362492078224, 5.3793e-15, 0, 1070000.0, 1.41e+12, 4.5e+33, 0, 0, 2.758680975590, -4.093800000e-14, 0
1.39659854604, 6.07e-16, 0, 36500000.0, 9.32e+11, 8.8e+30, 0, 0, 0.716025376680, -3.112000000e-16, 0
0.359394162457, 3.923e-16, 0, 14500000.0, 3.80e+11, 3.3e+32, 0, 0, 2.782460330360, -3.037000000e-15, 0
0.41222995857, 7.58e-16, 0, 8620000.0, 5.66e+11, 4.3e+32, 0, 0, 2.425830484200, -4.460000000e-15, 0
0.189334989945, 5.23126e-15, 0, 573000.0, 1.01e+12, 3.0e+34, 0, 0, 5.281643928000, -1.459300000e-13, 5.2000000e-26
1.16174310971, 3.01e-16, 0, 61200000.0, 5.98e+11, 7.6e+30, 0, 0, 0.860775494718, -2.228000000e-16, 0
1.50587455169, 1.74e-15, 0, 13700000.0, 1.64e+12, 2.0e+31, 0, 0, 0.664065940204, -7.672000000e-16, 0
0.00305431559227, 1.618836e-18, 0, 29900000.0, 2.25e+09, 2.2e+36, 0, 0, 327.405590480060, -1.735302000e-13, 0
0.223320267185, 4.4016e-16, 0, 8040000.0, 3.17e+11, 1.6e+33, 0, 0, 4.477873918950, -8.825800000e-15, 0
0.778949400076, 8.7616e-16, 0, 14100000.0, 8.36e+11, 7.3e+31, 0, 0, 1.283780435420, -1.444000000e-15, -1.3400000e-26
0.00455352791974, 6.8e-21, 1, 10600000000.0, 1.78e+08, 2.8e+33, 0, 0, 219.609941484220, -3.280000000e-16, 0
0.769005855083, 5.25018e-14, 0, 232000.0, 6.43e+12, 4.6e+33, 0, 0, 1.300380216080, -8.878000000e-14, -2.8000000e-24
1.9258717727, 1.9e-15, 0, 16100000.0, 1.94e+12, 1.1e+31, 0, 0, 0.519245369400, -5.122700000e-16, 0
0.279186875177, 2.267839e-14, 0, 195000.0, 2.55e+12, 4.1e+34, 0, 0, 3.581830268230, -2.909526000e-13, 2.2400000e-25
2.09313630972, 4.91034e-15, 0, 6750000.0, 3.24e+12, 2.1e+31, 0, 0, 0.477751972175, -1.120770000e-15, 6.9000000e-27
0.11022370246, 1.2145061e-13, 0, 14400.0, 3.70e+12, 3.6e+36, 0, 0, 9.072458805900, -9.996540000e-12, 1.8500000e-22
0.1014867942076, 7.5251738e-14, 0, 21400.0, 2.80e+12, 2.8e+36, 0, 0, 9.853498751320, -7.306299400e-12, 2.8088000e-22
0.770620171033, 8.7841e-15, 0, 1390000.0, 2.63e+12, 7.6e+32, 0, 0, 1.297656144478, -1.479160000e-14, 0
0.382072812116, 1.085e-15, 0, 5580000.0, 6.51e+11, 7.7e+32, 0, 0, 2.617302169350, -7.430000000e-15, 0
0.270502039371, 1.5446e-15, 0, 2770000.0, 6.54e+11, 3.1e+33, 0, 0, 3.696829799600, -2.111000000e-14, 0
0.512547817784, 7.227e-15, 0, 1120000.0, 1.95e+12, 2.1e+33, 0, 0, 1.951037474560, -2.750900000e-14, 0
0.2457571181423, 1.002318e-15, 0, 3880000.0, 5.02e+11, 2.7e+33, 0, 0, 4.069058131700, -1.659561000e-14, -5.7000000e-26
0.269414732063, 1.4595e-15, 0, 2920000.0, 6.35e+11, 2.9e+33, 0, 0, 3.711749511030, -2.010700000e-14, 0
0.1531969792414, 6.1339e-16, 0, 3960000.0, 3.10e+11, 6.7e+33, 0, 0, 6.527543852050, -2.613600000e-14, 0
0.24632758741, 2.07007e-14, 0, 189000.0, 2.29e+12, 5.5e+34, 0, 0, 4.059634613060, -3.411600000e-13, 0
0.072051632709, 1.480952e-14, 0, 77100.0, 1.05e+12, 1.6e+36, 0, 0, 13.878936012900, -2.852682000e-12, -1.6000000e-23
0.86033211599, 9.95e-16, 0, 13700000.0, 9.36e+11, 6.2e+31, 0, 0, 1.162341822900, -1.344000000e-15, 0
0.741639520385, 7.286e-16, 0, 16100000.0, 7.44e+11, 7.1e+31, 0, 0, 1.348363959193, -1.324700000e-15, 0
0.514523069504, 1.2668e-15, 0, 6440000.0, 8.17e+11, 3.7e+32, 0, 0, 1.943547450580, -4.785000000e-15, 0
0.199147397053, 5.249e-16, 0, 6010000.0, 3.27e+11, 2.6e+33, 0, 0, 5.021406329180, -1.323500000e-14, 0
0.318400873408, 4.789e-15, 0, 1050000.0, 1.25e+12, 5.9e+33, 0, 0, 3.140694902300, -4.724000000e-14, 0
0.307132975823, 5.55174e-15, 0, 877000.0, 1.32e+12, 7.6e+33, 0, 0, 3.255918702060, -5.885400000e-14, 3.3000000e-26
0.04100982358117, 5.25e-20, 1, 12400000000.0, 1.48e+09, 3.0e+31, 0, 0, 24.384401411060, -3.120000000e-17, 0
0.34569803402, 2.37e-16, 0, 23100000.0, 2.89e+11, 2.3e+32, 0, 0, 2.892697966400, -1.980000000e-15, 0
0.457535874029, 6.3181e-15, 0, 1150000.0, 1.72e+12, 2.6e+33, 0, 0, 2.185620968240, -3.018100000e-14, 0
0.40504332163, 6.002513e-14, 0, 107000.0, 4.99e+12, 3.6e+34, 0, 0, 2.468871714700, -3.658728000e-13, 8.7200000e-25
6.2215526663, 4.775e-14, 0, 2060000.0, 1.74e+13, 7.8e+30, 0, 0, 0.160731581590, -1.233600000e-15, 7.0000000e-26
0.7471876682, 1.714e-15, 0, 6910000.0, 1.15e+12, 1.6e+32, 0, 0, 1.338351852630, -3.070000000e-15, 0
0.77149252038, 7.6e-17, 0, 160000000.0, 2.45e+11, 6.5e+30, 0, 0, 1.296188846410, -1.280000000e-16, 0
0.612132963973, 3.091e-16, 0, 31400000.0, 4.40e+11, 5.3e+31, 0, 0, 1.633632002940, -8.250000000e-16, 0
0.0672668461152, 8.32385e-15, 0, 128000.0, 7.57e+11, 1.1e+36, 0, 0, 14.866164503800, -1.839595000e-12, 1.2400000e-23
2.8579410013, 5.5e-15, 0, 8270000.0, 4.00e+12, 9.3e+30, 0, 0, 0.349902254650, -6.700000000e-16, 0
2.1656793503, 2.99e-15, 0, 11500000.0, 2.57e+12, 1.2e+31, 0, 0, 0.461748873330, -6.370000000e-16, 0
0.507945195243, 1.0947e-15, 0, 7350000.0, 7.55e+11, 3.3e+32, 0, 0, 1.968716328780, -4.243000000e-15, 0
0.533917296, 1.51e-15, 0, 5600000.0, 9.09e+11, 3.9e+32, 0, 0, 1.872949251000, -5.300000000e-15, 0
0.74429541939, 3.7089e-14, 0, 318000.0, 5.32e+12, 3.6e+33, 0, 0, 1.343552538340, -6.695000000e-14, 0
0.64729271838, 6.38793e-14, 0, 161000.0, 6.51e+12, 9.3e+33, 0, 0, 1.544896105900, -1.524610000e-13, 1.9000000e-26
0.00271911206232, 8.62e-21, 0, 5000000000.0, 1.55e+08, 1.7e+34, 0, 0, 367.767115543920, -1.166000000e-15, 0
0.330354089443, 4.20203e-15, 0, 1250000.0, 1.19e+12, 4.6e+33, 0, 0, 3.027055005390, -3.850350000e-14, 2.0000000e-25
0.291930632181, 2.7548e-15, 0, 1680000.0, 9.07e+11, 4.4e+33, 0, 0, 3.425471292710, -3.232400000e-14, 0
0.68670444412, 4.15653e-14, 0, 262000.0, 5.41e+12, 5.1e+33, 0, 0, 1.456230564060, -8.814360000e-14, 1.4300000e-25
1.5215451697, 1.28e-15, 0, 18800000.0, 1.41e+12, 1.4e+31, 0, 0, 0.657226627170, -5.530000000e-16, 0
0.48345888008, 1.235e-14, 0, 620000.0, 2.47e+12, 4.3e+33, 0, 0, 2.068428239110, -5.283000000e-14, 0
0.0852842512617, 9.170719e-15, 0, 147000.0, 8.95e+11, 5.8e+35, 0, 0, 11.725494275970, -1.260856600e-12, -1.3010000e-24
7.5654084, 3.4e-12, 0, 34900.0, 1.63e+14, 3.1e+32, 0, 0, 0.132180571000, -6.000000000e-14, -1.3000000e-20
0.06188365001063, 2.02014996e-13, 0, 4850.0, 3.58e+12, 3.4e+37, 0, 0, 16.159357113360, -5.275113000e-11, 3.1970000e-22
0.63364029817, 5.27e-16, 0, 19100000.0, 5.85e+11, 8.2e+31, 0, 0, 1.578182452860, -1.312000000e-15, 0
1.8894355004, 2.7e-16, 0, 111000000.0, 7.23e+11, 1.6e+30, 0, 0, 0.529258606500, -7.600000000e-17, 0
0.520954311129, 1.053e-17, 1, 784000000.0, 7.49e+10, 2.9e+30, 0, 0, 1.919554131020, -3.880000000e-17, -3.2000000e-28
0.329531922488, 4.486e-16, 0, 11600000.0, 3.89e+11, 4.9e+32, 0, 0, 3.034607368080, -4.131000000e-15, 0
0.290108193201, 7.1947e-17, 0, 63900000.0, 1.46e+11, 1.2e+32, 0, 0, 3.446989859080, -8.548600000e-16, 1.6300000e-26
0.4879135917, 1.828e-15, 0, 4230000.0, 9.56e+11, 6.2e+32, 0, 0, 2.049543232680, -7.680000000e-15, 0
0.31731488279, 6e-16, 0, 8320000.0, 4.43e+11, 7.5e+32, 0, 0, 3.151443736900, -6.000000000e-15, 0
0.51297990872, 5.82e-14, 0, 140000.0, 5.53e+12, 1.7e+34, 0, 0, 1.949394085440, -2.211800000e-13, 0
0.788353566535, 3.24702e-14, 0, 385000.0, 5.12e+12, 2.6e+33, 0, 0, 1.268466386720, -5.224470000e-14, 0
0.4911415563, 9.96e-15, 0, 781000.0, 2.24e+12, 3.3e+33, 0, 0, 2.036072873800, -4.130000000e-14, 0
2.4823018, 7.96e-12, 0, 4940.0, 1.42e+14, 2.1e+34, 0, 0, 0.402851901000, -1.292000000e-12, 0
0.610258781957, 6.7e-18, 0, 1430000000.0, 6.49e+10, 1.2e+30, 0, 0, 1.638649093740, -1.810000000e-17, 0
0.358306049291, 4.69e-17, 0, 121000000.0, 1.31e+11, 4.0e+31, 0, 0, 2.790910178540, -3.650000000e-16, 0
1.46565577133, 1.931e-15, 0, 12000000.0, 1.70e+12, 2.4e+31, 0, 0, 0.682288446960, -8.990000000e-16, 0
0.00511638764424, 7e-21, 1, 11600000000.0, 1.92e+08, 2.1e+33, 0, 0, 195.450397728600, -2.700000000e-16, 0
0.84186451859, 3.058e-15, 0, 4360000.0, 1.62e+12, 2.0e+32, 0, 0, 1.187839584540, -4.315000000e-15, 0
1.08774918841, 4.7e-16, 0, 36400000.0, 7.26e+11, 1.5e+31, 0, 0, 0.919329575840, -4.000000000e-16, 0
0.305830097712, 4.045598e-14, 0, 120000.0, 3.56e+12, 5.6e+34, 0, 0, 3.269789361740, -4.325360000e-13, 8.7000000e-25
0.8591920352, 2.139e-14, 0, 636000.0, 4.34e+12, 1.3e+33, 0, 0, 1.163884159800, -2.898000000e-14, 0
0.235248924972, 1.184e-17, 0, 315000000.0, 5.34e+10, 3.6e+31, 0, 0, 4.250816449510, -2.139000000e-16, 0
0.62173399423, 9.69e-16, 0, 10200000.0, 7.85e+11, 1.6e+32, 0, 0, 1.608404895470, -2.506770000e-15, 0
0.145346822521, 4.39e-15, 0, 525000.0, 8.08e+11, 5.6e+34, 0, 0, 6.880095365400, -2.078000000e-13, 0
0.37953610601, 4.3e-17, 0, 139000000.0, 1.30e+11, 3.1e+31, 0, 0, 2.634795436200, -3.000000000e-16, 0
0.302448108644, 5.9187e-15, 0, 810000.0, 1.35e+12, 8.4e+33, 0, 0, 3.306352301170, -6.470300000e-14, 0
0.1659069781495, 2.0610608e-14, 0, 128000.0, 1.87e+12, 1.8e+35, 0, 0, 6.027474016788, -7.487925000e-13, 0
0.67048566238, 1.74e-15, 0, 6110000.0, 1.09e+12, 2.3e+32, 0, 0, 1.491456202730, -3.870000000e-15, 0
0.354236507718, 1.66095e-15, 0, 3380000.0, 7.76e+11, 1.5e+33, 0, 0, 2.822972726450, -1.323640000e-14, -8.7000000e-26
0.45724503044, 1.3019e-15, 0, 5560000.0, 7.81e+11, 5.4e+32, 0, 0, 2.187011194050, -6.227000000e-15, 0
0.56271073614, 1.179902e-14, 0, 756000.0, 2.61e+12, 2.6e+33, 0, 0, 1.777111996950, -3.726280000e-14, -1.9500000e-25
0.1787563517731, 1.0366e-15, 0, 2730000.0, 4.36e+11, 7.2e+33, 0, 0, 5.594206807650, -3.244000000e-14, 0
0.00335433608291, 2.318e-21, 1, 22900000000.0, 8.92e+07, 2.4e+33, 0, 0, 298.121588082968, -2.060000000e-16, 0
0.173263836028, 1.5016e-15, 0, 1830000.0, 5.16e+11, 1.1e+34, 0, 0, 5.771544847000, -5.002000000e-14, -1.0000000e-23
0.617036695541, 1.68451e-15, 0, 5800000.0, 1.03e+12, 2.8e+32, 0, 0, 1.620649156245, -4.424370000e-15, -3.8000000e-27
0.47351252978, 3.8e-17, 0, 199000000.0, 1.35e+11, 1.4e+31, 0, 0, 2.111876533570, -1.680000000e-16, 0
0.201062574029, 3.3048e-15, 0, 964000.0, 8.25e+11, 1.6e+34, 0, 0, 4.973576036370, -8.175000000e-14, 0
0.09629420774, 4.51724e-14, 0, 33800.0, 2.11e+12, 2.0e+36, 0, 0, 10.384840620000, -4.871610000e-12, 0
1.90580870607, 7.7204e-16, 0, 39100000.0, 1.23e+12, 4.4e+30, 0, 0, 0.524711633868, -2.125600000e-16, 4.6000000e-28
1.96353198352, 6.2e-15, 0, 5020000.0, 3.53e+12, 3.2e+31, 0, 0, 0.509286331160, -1.608000000e-15, 0
1.87601852435, 3.651e-14, 0, 814000.0, 8.38e+12, 2.2e+32, 0, 0, 0.533043777030, -1.037500000e-14, 0
0.618357697387, 5.495e-15, 0, 1780000.0, 1.87e+12, 9.2e+32, 0, 0, 1.617186952190, -1.437100000e-14, 0
0.4444257246169, 5.46e-18, 0, 1290000000.0, 4.98e+10, 2.5e+30, 0, 0, 2.250094773119, -2.760000000e-17, 0
0.38083077683, 1.1566e-13, 0, 52200.0, 6.72e+12, 8.3e+34, 0, 0, 2.625838195990, -7.974800000e-13, 0
0.1457077402, 4.7179e-13, 0, 4890.0, 8.39e+12, 6.0e+36, 0, 0, 6.863053390000, -2.222200000e-11, 1.7000000e-21
0.235303200419, 3.3429e-14, 0, 112000.0, 2.84e+12, 1.0e+35, 0, 0, 4.249835948760, -6.037700000e-13, 0
0.92717774151, 7.7e-17, 0, 190000000.0, 2.71e+11, 3.8e+30, 0, 0, 1.078541853660, -9.000000000e-17, 0
0.070498243969, 4.925e-14, 0, 22700.0, 1.89e+12, 5.5e+36, 0, 0, 14.184750480000, -9.910000000e-12, 0
1.21835359632, 3.08e-15, 0, 6270000.0, 1.96e+12, 6.7e+31, 0, 0, 0.820779782670, -2.075000000e-15, 0
1.90196739931, 2.677e-15, 0, 11300000.0, 2.28e+12, 1.5e+31, 0, 0, 0.525771367250, -7.400000000e-16, 0
0.48824200896, 4e-17, 0, 193000000.0, 1.41e+11, 1.4e+31, 0, 0, 2.048164602080, -1.700000000e-16, 0
1.26679012424, 4.763e-15, 0, 4210000.0, 2.49e+12, 9.2e+31, 0, 0, 0.789396744470, -2.968050000e-15, 0
0.2387778179, 1.252e-14, 0, 302000.0, 1.75e+12, 3.6e+34, 0, 0, 4.187993712300, -2.195900000e-13, 0
2.67568226451, 4.76e-15, 0, 8910000.0, 3.61e+12, 9.8e+30, 0, 0, 0.373736453414, -6.648717000e-16, 0
0.520939679547, 7.694e-15, 0, 1070000.0, 2.03e+12, 2.1e+33, 0, 0, 1.919608045350, -2.835200000e-14, 0
0.149460655762, 8.096e-16, 0, 2920000.0, 3.52e+11, 9.6e+33, 0, 0, 6.690724023000, -3.624400000e-14, 0
0.58531903782, 3.308e-15, 0, 2800000.0, 1.41e+12, 6.5e+32, 0, 0, 1.708469971720, -9.655000000e-15, 0
0.48491367908, 1.32e-16, 0, 58300000.0, 2.56e+11, 4.6e+31, 0, 0, 2.062222707150, -5.600000000e-16, 0
0.449548149848, 3.638e-15, 0, 1960000.0, 1.29e+12, 1.6e+33, 0, 0, 2.224455823780, -1.800000000e-14, 0
0.418968843399, 2.6033e-14, 0, 255000.0, 3.34e+12, 1.4e+34, 0, 0, 2.386812326870, -1.483090000e-13, 0
1.91142802251, 4.947e-15, 0, 6120000.0, 3.11e+12, 2.8e+31, 0, 0, 0.523169059061, -1.354100000e-15, 0
0.54916053388, 2.613e-14, 0, 333000.0, 3.83e+12, 6.2e+33, 0, 0, 1.820961154900, -8.664000000e-14, 0
0.7974780753, 8.294e-15, 0, 1520000.0, 2.60e+12, 6.5e+32, 0, 0, 1.253952968700, -1.304200000e-14, 0
0.85936846681, 9.602e-15, 0, 1420000.0, 2.91e+12, 6.0e+32, 0, 0, 1.163645209970, -1.300200000e-14, 0
1.8933526999, 2.303e-14, 0, 1300000.0, 6.68e+12, 1.3e+32, 0, 0, 0.528163611590, -6.424000000e-15, 0
0.0355778755, 2.202e-16, 1, 2560000.0, 8.96e+10, 1.9e+35, 0, 0, 28.107355700000, -1.740000000e-13, 0
0.4378690017, 1e-16, 0, 69400000.0, 2.12e+11, 4.7e+31, 0, 0, 2.283788064700, -5.200000000e-16, 0
0.955672135909, 2.351e-15, 0, 6440000.0, 1.52e+12, 1.1e+32, 0, 0, 1.046383966243, -2.574200000e-15, 0
1.096439972228, 2.4151e-15, 0, 7190000.0, 1.65e+12, 7.2e+31, 0, 0, 0.912042633732, -2.008900000e-15, 0
5.3093766847, 2.37e-14, 0, 3550000.0, 1.13e+13, 6.2e+30, 0, 0, 0.188346026170, -8.400000000e-16, 0
0.94096161661, 6.409e-15, 0, 2330000.0, 2.48e+12, 3.0e+32, 0, 0, 1.062742605380, -7.238000000e-15, 0
0.754470427192, 3.1972e-15, 0, 3740000.0, 1.57e+12, 2.9e+32, 0, 0, 1.325432997714, -5.616700000e-15, 0
6.5975626227, 6.33e-15, 0, 16500000.0, 6.54e+12, 8.7e+29, 0, 0, 0.151571126670, -1.454000000e-16, 0
1.6528618528869, 1.494818e-15, 0, 17500000.0, 1.59e+12, 1.3e+31, 0, 0, 0.605011240506, -5.471610000e-16, -9.1000000e-28
0.0297727753332, 8.17e-18, 1, 57700000.0, 1.58e+10, 1.2e+34, 0, 0, 33.587732040700, -9.220000000e-15, 0
0.663321097981, 1.80768e-14, 0, 581000.0, 3.50e+12, 2.4e+33, 0, 0, 1.507565495873, -4.108420000e-14, 0
1.6576564582, 3.35e-16, 0, 78300000.0, 7.54e+11, 2.9e+30, 0, 0, 0.603261306090, -1.220000000e-16, 0
0.204068115056, 5.7872e-14, 0, 55900.0, 3.48e+12, 2.7e+35, 0, 0, 4.900324579000, -1.389680000e-12, 0
0.1861488579563, 6.392881e-15, 0, 461000.0, 1.10e+12, 3.9e+34, 0, 0, 5.372044776310, -1.844913000e-13, -1.5600000e-24
11.7889784, 4.092e-11, 0, 4570.0, 7.03e+14, 9.9e+32, 0, 0, 0.084824992000, -2.944000000e-13, -3.9000000e-22
0.91291419632, 3.475e-14, 0, 416000.0, 5.70e+12, 1.8e+33, 0, 0, 1.095393196900, -4.170000000e-14, 0
0.44574893108, 2.33724e-13, 0, 30200.0, 1.03e+13, 1.0e+35, 0, 0, 2.243415362950, -1.176310000e-12, 0
0.381319294128, 1.090344e-15, 0, 5540000.0, 6.52e+11, 7.8e+32, 0, 0, 2.622474171642, -7.498700000e-15, 6.3500000e-26
1.3345572305, 6.4e-16, 0, 33000000.0, 9.36e+11, 1.1e+31, 0, 0, 0.749312189200, -3.600000000e-16, 0
0.3536025329, 1.6e-16, 0, 35000000.0, 2.41e+11, 1.4e+32, 0, 0, 2.828034041000, -1.300000000e-15, 0
1.05422825038, 6.722e-15, 0, 2480000.0, 2.69e+12, 2.3e+32, 0, 0, 0.948561186479, -6.048000000e-15, 0
3.08825579295, 2.9591e-14, 0, 1650000.0, 9.67e+12, 4.0e+31, 0, 0, 0.323807374468, -3.102600000e-15, 0
0.40491964372, 4.518e-15, 0, 1420000.0, 1.37e+12, 2.7e+33, 0, 0, 2.469625802320, -2.755600000e-14, 0
0.233326206679, 8.115e-16, 0, 4560000.0, 4.40e+11, 2.5e+33, 0, 0, 4.285845187440, -1.490600000e-14, 0
1.839944315159, 5.0876e-16, 0, 57300000.0, 9.79e+11, 3.2e+30, 0, 0, 0.543494708922, -1.502800000e-16, 9.8000000e-28
0.526682241575, 2.19366e-14, 0, 380000.0, 3.44e+12, 5.9e+33, 0, 0, 1.898678028350, -7.908100000e-14, 0
0.56447537999, 2.2e-17, 0, 407000000.0, 1.13e+11, 4.8e+30, 0, 0, 1.771556449500, -6.900000000e-17, 0
0.313016401038, 7.6e-17, 0, 65200000.0, 1.56e+11, 9.8e+31, 0, 0, 3.194720777200, -7.760000000e-16, 0
1.25546857429, 1.94e-16, 0, 103000000.0, 4.99e+11, 3.9e+30, 0, 0, 0.796515357276, -1.230800000e-16, 0
0.344642757467, 1.04931e-14, 0, 520000.0, 1.92e+12, 1.0e+34, 0, 0, 2.901555243320, -8.834200000e-14, 0
0.47160357893, 2.29e-16, 0, 32600000.0, 3.33e+11, 8.6e+31, 0, 0, 2.120424960020, -1.030000000e-15, 0
0.88033048188, 7.792e-15, 0, 1790000.0, 2.65e+12, 4.5e+32, 0, 0, 1.135937037940, -1.005400000e-14, 0
0.78259846861, 2.49e-16, 0, 49700000.0, 4.47e+11, 2.1e+31, 0, 0, 1.277794475850, -4.070000000e-16, 0
0.66987238665, 2.468e-15, 0, 4300000.0, 1.30e+12, 3.2e+32, 0, 0, 1.492821647710, -5.500000000e-15, 0
2.02752438872, 1.444e-14, 0, 2220000.0, 5.48e+12, 6.8e+31, 0, 0, 0.493212316244, -3.513000000e-15, 0
0.132313618371, 1.04e-15, 0, 2020000.0, 3.75e+11, 1.8e+34, 0, 0, 7.557801020900, -5.938000000e-14, 0
0.78193369973, 2.39e-15, 0, 5180000.0, 1.38e+12, 2.0e+32, 0, 0, 1.278880805810, -3.910000000e-15, 0
0.75496337007, 8.54e-16, 0, 14000000.0, 8.13e+11, 7.8e+31, 0, 0, 1.324567574590, -1.499000000e-15, 0
0.671613828819, 3.8923e-15, 0, 2730000.0, 1.64e+12, 5.1e+32, 0, 0, 1.488950877860, -8.629000000e-15, 0
0.191614063108, 2.1402e-15, 0, 1420000.0, 6.48e+11, 1.2e+34, 0, 0, 5.218823627960, -5.829000000e-14, 0
0.475392526561, 1.33038e-14, 0, 566000.0, 2.54e+12, 4.9e+33, 0, 0, 2.103524864460, -5.886700000e-14, 0
0.536413665506, 1.7359e-14, 0, 490000.0, 3.09e+12, 4.4e+33, 0, 0, 1.864232893950, -6.033000000e-14, 0
0.00184566629242, 9.59e-21, 0, 3050000000.0, 1.35e+08, 6.0e+34, 0, 0, 541.809754073340, -2.815000000e-15, 0
0.00547133087551, 6.209e-21, 0, 14000000000.0, 1.87e+08, 1.5e+33, 0, 0, 182.770887514070, -2.074000000e-16, 0
0.583550377362, 7.1999e-15, 0, 1280000.0, 2.07e+12, 1.4e+33, 0, 0, 1.713648107847, -2.114310000e-14, 0
3.4065386707, 1.04e-15, 0, 51900000.0, 1.90e+12, 1.0e+30, 0, 0, 0.293553103800, -9.000000000e-17, 0
0.64109785122, 6.078e-15, 0, 1670000.0, 2.00e+12, 9.1e+32, 0, 0, 1.559824289070, -1.478800000e-14, 0
0.00418554393666, 1.07e-20, 1, 6190000000.0, 2.14e+08, 5.8e+33, 0, 0, 238.917573231110, -6.120000000e-16, 0
0.507722322118, 1.674044e-14, 0, 481000.0, 2.95e+12, 5.0e+33, 0, 0, 1.969580529430, -6.494030000e-14, -9.3000000e-27
1.19863027492, 7.809e-15, 0, 2430000.0, 3.10e+12, 1.8e+32, 0, 0, 0.834285618279, -5.435318000e-15, 0
0.52504914274, 1.0235e-14, 0, 813000.0, 2.35e+12, 2.8e+33, 0, 0, 1.904583625810, -3.712600000e-14, 0
0.991026616395, 3.914538e-15, 0, 4010000.0, 1.99e+12, 1.6e+32, 0, 0, 1.009054634312, -3.985748000e-15, -1.5000000e-27
0.26944332141, 6.8e-16, 0, 6280000.0, 4.33e+11, 1.4e+33, 0, 0, 3.711355675000, -9.370000000e-15, 0
0.33516252825, 6.2e-17, 0, 86000000.0, 1.46e+11, 6.5e+31, 0, 0, 2.983627093500, -5.500000000e-16, 0
0.255699268086, 9.70552e-15, 0, 417000.0, 1.59e+12, 2.3e+34, 0, 0, 3.910844201810, -1.484430000e-13, -1.3300000e-25
0.37546337852, 1.8723e-15, 0, 3180000.0, 8.48e+11, 1.4e+33, 0, 0, 2.663375597200, -1.328120000e-14, 6.0000000e-26
0.2076357201, 8.86e-15, 0, 371000.0, 1.37e+12, 3.9e+34, 0, 0, 4.816127011000, -2.055000000e-13, 0
0.4867507986, 1.1326e-14, 0, 681000.0, 2.38e+12, 3.9e+33, 0, 0, 2.054439361800, -4.780400000e-14, 1.0000000e-25
1.09234815284, 1.343e-14, 0, 1290000.0, 3.88e+12, 4.1e+32, 0, 0, 0.915459047920, -1.125600000e-14, 0
1.42165378409, 5.46e-16, 0, 41300000.0, 8.91e+11, 7.5e+30, 0, 0, 0.703406139520, -2.700000000e-16, 0
0.34052764699, 4.491e-15, 0, 1200000.0, 1.25e+12, 4.5e+33, 0, 0, 2.936619122820, -3.873000000e-14, 0
0.104694545163, 3.666e-16, 0, 4520000.0, 1.98e+11, 1.3e+34, 0, 0, 9.551596011500, -3.345000000e-14, 0
0.634354346767, 9.353e-15, 0, 1070000.0, 2.46e+12, 1.4e+33, 0, 0, 1.576406002570, -2.324300000e-14, 0
0.2062199811321, 2.00552e-15, 0, 1630000.0, 6.51e+11, 9.0e+33, 0, 0, 4.849190628910, -4.715900000e-14, 0
2.61891846726, 9.723e-15, 0, 4270000.0, 5.11e+12, 2.1e+31, 0, 0, 0.381837011156, -1.417600000e-15, 0
0.434372879784, 1.1226e-14, 0, 613000.0, 2.23e+12, 5.4e+33, 0, 0, 2.302169510440, -5.949800000e-14, 0
4.4767225398, 1.60587e-13, 0, 442000.0, 2.71e+13, 7.1e+31, 0, 0, 0.223377703467, -8.012910000e-15, 0
0.32657128834, 7.10745e-12, 0, 728.0, 4.88e+13, 8.1e+36, 0, 0, 3.062118550200, -6.664350000e-11, 2.7250000e-21
0.350109572852, 1.2616e-15, 0, 4400000.0, 6.73e+11, 1.2e+33, 0, 0, 2.856248664820, -1.029200000e-14, 0
0.861379642641, 5.187e-15, 0, 2630000.0, 2.14e+12, 3.2e+32, 0, 0, 1.160928295140, -6.991000000e-15, 0
0.2255514533, 9.93e-15, 0, 360000.0, 1.51e+12, 3.4e+34, 0, 0, 4.433578172000, -1.951000000e-13, 0
4.8788385261, 6.06e-15, 0, 12800000.0, 5.50e+12, 2.1e+30, 0, 0, 0.204966816310, -2.550000000e-16, 0
6.7070457241, 1.2749e-12, 0, 83300.0, 9.36e+13, 1.7e+32, 0, 0, 0.149096940909, -2.834200000e-14, 0
0.597769151294, 5.1707239e-14, 0, 183000.0, 5.63e+12, 9.6e+33, 0, 0, 1.672886594826, -1.447052700e-13, 7.9700000e-26
0.25924664288, 5.9e-18, 0, 696000000.0, 3.96e+10, 1.3e+31, 0, 0, 3.857330567100, -8.800000000e-17, 0
0.95799116473, 1.0933e-14, 0, 1390000.0, 3.27e+12, 4.9e+32, 0, 0, 1.043850963160, -1.191300000e-14, 0
0.340832130441, 2.83e-17, 0, 191000000.0, 9.95e+10, 2.8e+31, 0, 0, 2.933995684930, -2.440000000e-16, 0
0.77816435331, 4.645e-15, 0, 2650000.0, 1.92e+12, 3.9e+32, 0, 0, 1.285075570150, -7.671000000e-15, 0
0.53762373255, 1.61e-15, 0, 5290000.0, 9.41e+11, 4.1e+32, 0, 0, 1.860036935600, -5.570000000e-15, 0
0.27455668472, 1.35e-15, 0, 3220000.0, 6.16e+11, 2.6e+33, 0, 0, 3.642235121700, -1.790000000e-14, 0
0.65943205053, 5.25182e-15, 0, 1990000.0, 1.88e+12, 7.2e+32, 0, 0, 1.516456470680, -1.207730000e-14, -1.8000000e-26
0.191442663494, 6.73e-17, 0, 45100000.0, 1.15e+11, 3.8e+32, 0, 0, 5.223496067960, -1.836000000e-15, 0
1.6371290072, 8.863e-15, 0, 2930000.0, 3.85e+12, 8.0e+31, 0, 0, 0.610825411810, -3.307000000e-15, 0
0.225004475404, 2.871e-16, 0, 12400000.0, 2.57e+11, 1.0e+33, 0, 0, 4.444356043160, -5.671000000e-15, 0
2.21860264699, 3.736e-15, 0, 9410000.0, 2.91e+12, 1.4e+31, 0, 0, 0.450734159790, -7.590000000e-16, 0
0.5059567391, 8.7516e-15, 0, 916000.0, 2.13e+12, 2.7e+33, 0, 0, 1.976453563600, -3.418700000e-14, 0
0.32866472679, 2.721e-16, 0, 19100000.0, 3.03e+11, 3.0e+32, 0, 0, 3.042614307190, -2.519000000e-15, 0
1.31221843801, 1.434e-15, 0, 14500000.0, 1.39e+12, 2.5e+31, 0, 0, 0.762068243394, -8.327000000e-16, 0
0.297769547307, 1.409e-17, 0, 335000000.0, 6.55e+10, 2.1e+31, 0, 0, 3.358301777480, -1.589000000e-16, 6.4000000e-27
4.30818959857, 2.328195e-14, 0, 2930000.0, 1.01e+13, 1.1e+31, 0, 0, 0.232116061079, -1.254382000e-15, 2.2000000e-28
0.038518943432, 1.4224e-14, 0, 42900.0, 7.49e+11, 9.8e+36, 0, 0, 25.961252072000, -9.590000000e-12, 0
0.67248060717, 1.114e-14, 0, 956000.0, 2.77e+12, 1.4e+33, 0, 0, 1.487031729000, -2.464000000e-14, 0
0.54215548135, 2.797e-14, 0, 307000.0, 3.94e+12, 6.9e+33, 0, 0, 1.844489329000, -9.515000000e-14, 0
0.66840782878, 2.203e-14, 0, 481000.0, 3.88e+12, 2.9e+33, 0, 0, 1.496092590390, -4.931000000e-14, 0
0.761194081655, 2.15864e-14, 0, 559000.0, 4.10e+12, 1.9e+33, 0, 0, 1.313725400789, -3.725550000e-14, 0
0.95338418817, 5.3889e-14, 0, 280000.0, 7.25e+12, 2.5e+33, 0, 0, 1.048895096440, -5.928800000e-14, 0
1.451319471078, 4.623982e-14, 0, 497000.0, 8.29e+12, 6.0e+32, 0, 0, 0.689028170522, -2.195281000e-14, -1.4000000e-26
0.27564149867101, 1.52582e-16, 0, 28600000.0, 2.08e+11, 2.9e+32, 0, 0, 3.627900750872, -2.008230000e-15, 0
2.191497968, 4.32e-15, 0, 8040000.0, 3.11e+12, 1.6e+31, 0, 0, 0.456308887620, -9.000000000e-16, 0
0.1666339242514, 3.91017e-14, 0, 67500.0, 2.58e+12, 3.3e+35, 0, 0, 6.001178958560, -1.408210000e-12, 0
1.08184378189, 3.59e-16, 0, 47700000.0, 6.31e+11, 1.1e+31, 0, 0, 0.924347874193, -3.070000000e-16, 0
0.73418485978, 1.263e-15, 0, 9210000.0, 9.75e+11, 1.3e+32, 0, 0, 1.362054783180, -2.344000000e-15, 0
0.00355976376804, 1.09e-20, 1, 5180000000.0, 1.99e+08, 9.5e+33, 0, 0, 280.917517330000, -8.600000000e-16, 0
0.0044798640471, 1.63e-19, 1, 437000000.0, 8.64e+08, 7.1e+34, 0, 0, 223.221059721000, -8.100000000e-15, 0
0.290716217162, 9.14e-17, 0, 50400000.0, 1.65e+11, 1.5e+32, 0, 0, 3.439780586590, -1.081000000e-15, 0
0.3455818980725, 1.492424e-15, 0, 3670000.0, 7.27e+11, 1.4e+33, 0, 0, 2.893670083930, -1.249655000e-14, -1.0600000e-26
0.518721435025, 4.7386e-15, 0, 1730000.0, 1.59e+12, 1.3e+33, 0, 0, 1.927816998640, -1.761100000e-14, 0
1.40906524128, 8.7e-16, 0, 25600000.0, 1.12e+12, 1.2e+31, 0, 0, 0.709690346980, -4.400000000e-16, 0
0.95318168518, 2.483e-15, 0, 6080000.0, 1.56e+12, 1.1e+32, 0, 0, 1.049117933700, -2.733000000e-15, 0
0.90697686069, 1.36705e-13, 0, 105000.0, 1.13e+13, 7.2e+33, 0, 0, 1.102563960940, -1.661850000e-13, 0
0.43519385185, 7.963e-15, 0, 866000.0, 1.88e+12, 3.8e+33, 0, 0, 2.297826579440, -4.204600000e-14, 0
0.284697472498, 1.089018e-15, 0, 4140000.0, 5.63e+11, 1.9e+33, 0, 0, 3.512500449080, -1.343593000e-14, 2.2400000e-25
1.20530328456, 1.15199e-14, 0, 1660000.0, 3.77e+12, 2.6e+32, 0, 0, 0.829666701160, -7.929700000e-15, 1.4700000e-25
0.467894113075, 5.679e-15, 0, 1310000.0, 1.65e+12, 2.2e+33, 0, 0, 2.137235695120, -2.594000000e-14, 0
0.95775094505, 1.4034e-14, 0, 1080000.0, 3.71e+12, 6.3e+32, 0, 0, 1.044112778140, -1.529900000e-14, 0
2.18019517754, 9.69549e-14, 0, 356000.0, 1.47e+13, 3.7e+32, 0, 0, 0.458674530750, -2.039760000e-14, -1.7000000e-26
0.104912611147, 8.68e-18, 0, 192000000.0, 3.05e+10, 3.0e+32, 0, 0, 9.531742552800, -7.890000000e-16, 0
0.45147285265, 1.757e-15, 0, 4070000.0, 9.01e+11, 7.5e+32, 0, 0, 2.214972603840, -8.620000000e-15, 0
0.42897892562, 5.149e-15, 0, 1320000.0, 1.50e+12, 2.6e+33, 0, 0, 2.331116845770, -2.798000000e-14, 0
1.326148567, 1e-16, 0, 206000000.0, 3.72e+11, 1.7e+30, 0, 0, 0.754063326600, -5.800000000e-17, 0
0.52415088472, 1.464e-14, 0, 567000.0, 2.80e+12, 4.0e+33, 0, 0, 1.907847585800, -5.327000000e-14, 0
0.33633713162, 8.7706e-17, 0, 60800000.0, 1.74e+11, 9.1e+31, 0, 0, 2.973207255421, -7.753200000e-16, 1.6200000e-26
0.1014357461981, 5.5745e-15, 0, 288000.0, 7.61e+11, 2.1e+35, 0, 0, 9.858457570240, -5.417800000e-13, 0
0.397881893633, 3.35381e-14, 0, 188000.0, 3.70e+12, 2.1e+34, 0, 0, 2.513308637570, -2.118510000e-13, 0
0.27557759958, 2.139e-14, 0, 204000.0, 2.46e+12, 4.0e+34, 0, 0, 3.628741964200, -2.816000000e-13, 0
0.90513735425, 1.28061e-15, 0, 11200000.0, 1.09e+12, 6.8e+31, 0, 0, 1.104804696550, -1.563100000e-15, 0
0.12640033324309, 6.124816e-16, 0, 3270000.0, 2.82e+11, 1.2e+34, 0, 0, 7.911371547390, -3.833510000e-14, -1.9000000e-25
1.048132105087, 1.548e-15, 0, 10700000.0, 1.29e+12, 5.3e+31, 0, 0, 0.954078207460, -1.410000000e-15, 0
3.9146579157, 5.13e-15, 0, 12100000.0, 4.54e+12, 3.4e+30, 0, 0, 0.255450162320, -3.350000000e-16, 0
0.00409179738146, 8.7163e-21, 1, 7440000000.0, 1.91e+08, 5.0e+33, 0, 0, 244.391377865374, -5.206000000e-16, 0
4.5578200962, 1.45125e-13, 0, 498000.0, 2.60e+13, 6.1e+31, 0, 0, 0.219403131079, -6.986000000e-15, 0
1.3664496471, 1.85e-15, 0, 11700000.0, 1.61e+12, 2.9e+31, 0, 0, 0.731823526850, -9.900000000e-16, 0
0.573196989078, 6.3887e-16, 0, 14200000.0, 6.12e+11, 1.3e+32, 0, 0, 1.744600929620, -1.944500000e-15, 7.7000000e-26
1.146594847118, 4.16118e-15, 0, 4370000.0, 2.21e+12, 1.1e+32, 0, 0, 0.872147648765, -3.165170000e-15, -1.4200000e-26
3.4532, 4.52e-15, 0, 12100000.0, 4.00e+12, 4.3e+30, 0, 0, 0.289586000000, -3.790000000e-16, 0
0.2468167699732, 6.466e-17, 0, 60500000.0, 1.28e+11, 1.7e+32, 0, 0, 4.051588553357, -1.061400000e-15, 0
0.84534757461, 1.811e-14, 0, 740000.0, 3.96e+12, 1.2e+33, 0, 0, 1.182945370680, -2.534200000e-14, 0
1.6781063295, 9.3e-16, 0, 28600000.0, 1.26e+12, 7.8e+30, 0, 0, 0.595909795710, -3.300000000e-16, 0
1.39348448168, 2.67207e-13, 0, 82600.0, 1.95e+13, 3.9e+33, 0, 0, 0.717625501500, -1.376080000e-13, 0
0.258684648071, 7.516e-16, 0, 5450000.0, 4.46e+11, 1.7e+33, 0, 0, 3.865710653720, -1.123100000e-14, 0
0.34540115992, 2.4e-16, 0, 22800000.0, 2.91e+11, 2.3e+32, 0, 0, 2.895184255400, -2.010000000e-15, 0
0.620217115135, 1.222e-15, 0, 8040000.0, 8.81e+11, 2.0e+32, 0, 0, 1.612338607880, -3.176000000e-15, 0
0.26743960987, 2.083598e-13, 0, 20300.0, 7.55e+12, 4.3e+35, 0, 0, 3.739161900800, -2.913147000e-12, 2.7600000e-23
0.08090668906, 6.2117e-14, 0, 20600.0, 2.27e+12, 4.6e+36, 0, 0, 12.359917476000, -9.489500000e-12, 0
0.42025215518, 3.7e-17, 0, 180000000.0, 1.26e+11, 2.0e+31, 0, 0, 2.379523787500, -2.100000000e-16, 0
0.370483417429, 1.6975e-15, 0, 3460000.0, 8.02e+11, 1.3e+33, 0, 0, 2.699176138410, -1.236700000e-14, 0
7.05520287, 2.98e-14, 0, 3760000.0, 1.47e+13, 3.3e+30, 0, 0, 0.141739368500, -5.980000000e-16, 0
0.356928998022, 5.459e-17, 0, 104000000.0, 1.41e+11, 4.7e+31, 0, 0, 2.801677660100, -4.284600000e-16, -4.1000000e-27
0.139760064515, 3.11674e-14, 0, 71000.0, 2.11e+12, 4.5e+35, 0, 0, 7.155119765200, -1.595640000e-12, 0
0.63098305833, 1.4034e-14, 0, 712000.0, 3.01e+12, 2.2e+33, 0, 0, 1.584828604820, -3.525000000e-14, 0
0.415823055263, 4.02719e-14, 0, 164000.0, 4.14e+12, 2.2e+34, 0, 0, 2.404869059910, -2.329083000e-13, 2.7800000e-25
0.349951177522, 6.9311e-15, 0, 800000.0, 1.58e+12, 6.4e+33, 0, 0, 2.857541463590, -5.659600000e-14, 0
0.502923870516, 4.7374e-15, 0, 1680000.0, 1.56e+12, 1.5e+33, 0, 0, 1.988372512470, -1.873000000e-14, 0
0.00536210054793, 1.78383e-20, 1, 4760000000.0, 3.13e+08, 4.6e+33, 0, 0, 186.494078404780, -6.204170000e-16, 0
3.6872190477, 1.055e-14, 0, 5540000.0, 6.31e+12, 8.3e+30, 0, 0, 0.271207104070, -7.760000000e-16, 0
0.745828032, 4.61e-15, 0, 2560000.0, 1.88e+12, 4.4e+32, 0, 0, 1.340791653200, -8.290000000e-15, 0
4.6932329333, 2.432e-14, 0, 3060000.0, 1.08e+13, 9.3e+30, 0, 0, 0.213072739880, -1.104000000e-15, 0
0.25684379795, 2.0401e-15, 0, 1990000.0, 7.33e+11, 4.8e+33, 0, 0, 3.893416963860, -3.092500000e-14, 0
0.551058591, 5.06e-15, 0, 1730000.0, 1.69e+12, 1.2e+33, 0, 0, 1.814689066000, -1.670000000e-14, 0
1.04431270179, 2.551e-14, 0, 649000.0, 5.22e+12, 8.8e+32, 0, 0, 0.957567592820, -2.339000000e-14, 0
0.933971582308, 3.9255e-15, 0, 3770000.0, 1.94e+12, 1.9e+32, 0, 0, 1.070696388350, -4.500200000e-15, 0
0.385194094862, 1.421e-16, 0, 42900000.0, 2.37e+11, 9.8e+31, 0, 0, 2.596093796190, -9.580000000e-16, 0
0.37426157516, 5.705e-15, 0, 1040000.0, 1.48e+12, 4.3e+33, 0, 0, 2.671928048140, -4.073000000e-14, 0
0.00490923901642, 5.9e-21, 1, 13200000000.0, 1.72e+08, 2.0e+33, 0, 0, 203.697558146100, -2.450000000e-16, 0
0.389869101178, 5.125e-15, 0, 1210000.0, 1.43e+12, 3.4e+33, 0, 0, 2.564963463320, -3.372000000e-14, 0
0.6122092044383, 2.04534e-16, 0, 47400000.0, 3.58e+11, 3.5e+31, 0, 0, 1.633428561267, -5.457140000e-16, -2.7600000e-27
1.2791931935, 1.86e-15, 0, 10900000.0, 1.56e+12, 3.5e+31, 0, 0, 0.781742746200, -1.137000000e-15, 0
0.318817259335, 3.241e-15, 0, 1560000.0, 1.03e+12, 3.9e+33, 0, 0, 3.136593050470, -3.189000000e-14, 0
0.2882191593441, 2.357457e-15, 0, 1940000.0, 8.34e+11, 3.9e+33, 0, 0, 3.469581974618, -2.837907000e-14, -1.6000000e-26
1.2996934495, 4.6e-16, 0, 45200000.0, 7.79e+11, 8.2e+30, 0, 0, 0.769412202860, -2.700000000e-16, 0
0.00779677625972, 4.571e-20, 1, 2700000000.0, 6.04e+08, 3.8e+33, 0, 0, 128.258137297840, -7.520000000e-16, 0
0.355725186569, 2.292e-15, 0, 2460000.0, 9.14e+11, 2.0e+33, 0, 0, 2.811158832030, -1.811000000e-14, 0
0.80169309688, 2.57e-15, 0, 4940000.0, 1.45e+12, 2.0e+32, 0, 0, 1.247360123080, -4.000000000e-15, 0
0.63658447822, 5.2e-16, 0, 19300000.0, 5.84e+11, 8.0e+31, 0, 0, 1.570883416450, -1.290000000e-15, 0
0.65545023949, 7.4593e-15, 0, 1390000.0, 2.24e+12, 1.0e+33, 0, 0, 1.525668829990, -1.736270000e-14, 3.2400000e-25
0.55475646483, 1.2741e-14, 0, 690000.0, 2.69e+12, 2.9e+33, 0, 0, 1.802592783320, -4.140000000e-14, 0
2.663079683, 1.316e-13, 0, 321000.0, 1.89e+13, 2.8e+32, 0, 0, 0.375505098990, -1.856000000e-14, 0
0.6905763581, 8.67e-15, 0, 1260000.0, 2.48e+12, 1.0e+33, 0, 0, 1.448065790700, -1.819000000e-14, 0
0.61475669408, 3.11e-14, 0, 313000.0, 4.42e+12, 5.3e+33, 0, 0, 1.626659798300, -8.229000000e-14, 0
0.83200194892, 1.8e-17, 0, 732000000.0, 1.24e+11, 1.2e+30, 0, 0, 1.201920261480, -2.600000000e-17, 0
0.64399866351, 2.2872e-15, 0, 4460000.0, 1.23e+12, 3.4e+32, 0, 0, 1.552798253580, -5.514800000e-15, 3.5600000e-25
1.781927762343, 1.63829e-15, 0, 17200000.0, 1.73e+12, 1.1e+31, 0, 0, 0.561189977020, -5.159520000e-16, 1.3000000e-27
1.830857453, 1.31e-16, 0, 221000000.0, 4.96e+11, 8.4e+29, 0, 0, 0.546192167150, -3.900000000e-17, 0
1.95685759005, 8.23e-16, 0, 37700000.0, 1.28e+12, 4.3e+30, 0, 0, 0.511023390300, -2.150000000e-16, 0
1.22377745359, 2.41e-15, 0, 8060000.0, 1.74e+12, 5.2e+31, 0, 0, 0.817142035970, -1.606000000e-15, 0
1.524672106, 2e-15, 0, 12100000.0, 1.77e+12, 2.2e+31, 0, 0, 0.655878727020, -8.600000000e-16, 0
0.7465773564336, 1.2875167e-14, 0, 919000.0, 3.14e+12, 1.2e+33, 0, 0, 1.339445927984, -2.309953500e-14, 5.2900000e-26
0.67350331693, 7.7127e-15, 0, 1380000.0, 2.31e+12, 1.0e+33, 0, 0, 1.484773682420, -1.700300000e-14, -2.1500000e-26
0.4878126283, 2.1e-16, 0, 36800000.0, 3.24e+11, 7.1e+31, 0, 0, 2.049967430100, -8.800000000e-16, 0
0.00174239994991, 9.1993e-21, 1, 3000000000.0, 1.28e+08, 6.9e+34, 0, 0, 573.921044966830, -3.030100000e-15, 0
0.729303862273, 4.03305e-15, 0, 2870000.0, 1.74e+12, 4.1e+32, 0, 0, 1.371170580235, -7.582580000e-15, 9.5000000e-27
0.301458774079, 6.791e-16, 0, 7030000.0, 4.58e+11, 9.8e+32, 0, 0, 3.317203166690, -7.473000000e-15, 0
0.00214991236435, 1.88208e-20, 1, 1810000000.0, 2.04e+08, 7.5e+34, 0, 0, 465.135238339217, -4.071900000e-15, 6.1000000e-26
0.374117028251, 1.92039e-14, 0, 309000.0, 2.71e+12, 1.4e+34, 0, 0, 2.672960396040, -1.372061000e-13, 0
0.43188708466, 3.4014e-15, 0, 2010000.0, 1.23e+12, 1.7e+33, 0, 0, 2.315420014900, -1.823550000e-14, 1.0000000e-25
0.88732464056, 1.33e-15, 0, 10600000.0, 1.10e+12, 7.5e+31, 0, 0, 1.126983241860, -1.689000000e-15, 0
0.35715482026, 3.6899e-14, 0, 153000.0, 3.67e+12, 3.2e+34, 0, 0, 2.799906212300, -2.892700000e-13, 0
0.65118538418, 4.45e-16, 0, 23200000.0, 5.45e+11, 6.4e+31, 0, 0, 1.535661002700, -1.050000000e-15, 0
0.00359789801889, 1.043e-20, 1, 5460000000.0, 1.96e+08, 8.8e+33, 0, 0, 277.940062433510, -8.060000000e-16, 0
0.1395246286237, 1.18058e-16, 0, 18700000.0, 1.30e+11, 1.7e+33, 0, 0, 7.167193418570, -6.064500000e-15, 1.1200000e-25
0.379387161967, 8.898e-16, 0, 6760000.0, 5.88e+11, 6.4e+32, 0, 0, 2.635829833610, -6.182000000e-15, 0
0.0710948973807, 1.1e-19, 1, 10200000000.0, 2.83e+09, 1.2e+31, 0, 0, 14.065707059750, -2.200000000e-17, 0
0.00609236792963, 5.7e-21, 0, 16900000000.0, 1.89e+08, 1.0e+33, 0, 0, 164.139791219200, -1.540000000e-16, 0
0.2089583321216, 4.10898e-16, 0, 8060000.0, 2.97e+11, 1.8e+33, 0, 0, 4.785643098539, -9.410540000e-15, 0
0.26334472587, 1.7317e-14, 0, 241000.0, 2.16e+12, 3.7e+34, 0, 0, 3.797304072430, -2.497000000e-13, 0
1.8565697165, 2.76e-16, 0, 107000000.0, 7.24e+11, 1.7e+30, 0, 0, 0.538627766630, -8.000000000e-17, 0
0.75080812238, 7.4236e-16, 0, 16000000.0, 7.55e+11, 6.9e+31, 0, 0, 1.331898217656, -1.316910000e-15, -3.0000000e-27
0.643181259558, 3.05164e-15, 0, 3340000.0, 1.42e+12, 4.5e+32, 0, 0, 1.554771668389, -7.376780000e-15, -1.9600000e-26
0.00378440478824, 4.9052e-21, 0, 12200000000.0, 1.38e+08, 3.6e+33, 0, 0, 264.242346143483, -3.425000000e-16, 0
0.441209731966, 1.1123e-15, 0, 6280000.0, 7.09e+11, 5.1e+32, 0, 0, 2.266495789980, -5.714000000e-15, 0
0.989706023196, 1.35232e-13, 0, 116000.0, 1.17e+13, 5.5e+33, 0, 0, 1.010401044919, -1.380597000e-13, 0
0.6480400543, 4.9416e-15, 0, 2080000.0, 1.81e+12, 7.2e+32, 0, 0, 1.543114493260, -1.176700000e-14, 6.7000000e-25
0.2182529126846, 3.49853e-15, 0, 988000.0, 8.84e+11, 1.3e+34, 0, 0, 4.581840341554, -7.344560000e-14, 0
1.043361628655, 1.1461e-14, 0, 1440000.0, 3.50e+12, 4.0e+32, 0, 0, 0.958440460657, -1.052800000e-14, 0
0.2672750082591, 2.135599e-15, 0, 1980000.0, 7.65e+11, 4.4e+33, 0, 0, 3.741464667847, -2.989530000e-14, -6.8000000e-27
1.28656437956, 1.52e-16, 0, 134000000.0, 4.48e+11, 2.8e+30, 0, 0, 0.777263863270, -9.200000000e-17, 0
0.1115241364978, 3.587895e-14, 0, 49200.0, 2.02e+12, 1.0e+36, 0, 0, 8.966668843200, -2.884709000e-12, 3.1800000e-23
0.14407315538, 2.02678e-14, 1, 113000.0, 1.73e+12, 2.7e+35, 0, 0, 6.940918295000, -9.764300000e-13, 5.0000000e-23
0.77534458995, 1.32e-16, 0, 92900000.0, 3.24e+11, 1.1e+31, 0, 0, 1.289749116670, -2.200000000e-16, 0
1.01909277135, 2.054e-16, 0, 78600000.0, 4.63e+11, 7.7e+30, 0, 0, 0.981264933000, -1.978000000e-16, 0
0.351879439822, 1.135e-15, 0, 4910000.0, 6.40e+11, 1.0e+33, 0, 0, 2.841882437080, -9.170000000e-15, 0
0.240153263208, 8.222e-15, 0, 463000.0, 1.42e+12, 2.3e+34, 0, 0, 4.164007545190, -1.425600000e-13, 0
1.1384027132, 3.15e-15, 0, 5730000.0, 1.92e+12, 8.4e+31, 0, 0, 0.878423767300, -2.430000000e-15, 0
0.106632746266, 8.68208e-14, 0, 19500.0, 3.08e+12, 2.8e+36, 0, 0, 9.377982233600, -7.635590000e-12, 1.8800000e-22
0.363676330005, 1.8416e-14, 0, 313000.0, 2.62e+12, 1.5e+34, 0, 0, 2.749697787550, -1.392400000e-13, 0
0.574697951954, 6.71e-16, 0, 13600000.0, 6.29e+11, 1.4e+32, 0, 0, 1.740044481800, -2.033000000e-15, 0
0.2261071099878, 9.42955e-14, 0, 38000.0, 4.67e+12, 3.2e+35, 0, 0, 4.422682683680, -1.844431000e-12, 0
5.198346, 9.2e-11, 0, 895.0, 7.00e+14, 2.6e+34, 0, 0, 0.192368880000, -3.400000000e-12, 0
1.42016034143, 1.5979e-13, 0, 141000.0, 1.52e+13, 2.2e+33, 0, 0, 0.704145842430, -7.922600000e-14, 0
0.82709737059, 1.948e-15, 0, 6730000.0, 1.28e+12, 1.4e+32, 0, 0, 1.209047490120, -2.848000000e-15, 0
0.63223532885, 3.084e-15, 0, 3250000.0, 1.41e+12, 4.8e+32, 0, 0, 1.581689529780, -7.715000000e-15, 0
1.235757452781, 5.40707e-16, 0, 36200000.0, 8.27e+11, 1.1e+31, 0, 0, 0.809220286513, -3.540750000e-16, -2.9000000e-28
0.8467928462, 9.8e-16, 0, 13700000.0, 9.22e+11, 6.4e+31, 0, 0, 1.180926367600, -1.370000000e-15, 0
0.29102078676, 2.5856e-15, 0, 1780000.0, 8.78e+11, 4.1e+33, 0, 0, 3.436180663000, -3.053000000e-14, 0
0.212352673319, 8.2459e-16, 0, 4080000.0, 4.23e+11, 3.4e+33, 0, 0, 4.709147214260, -1.828620000e-14, 0
0.185397243919, 2.3865e-15, 0, 1230000.0, 6.73e+11, 1.5e+34, 0, 0, 5.393823440200, -6.943000000e-14, 0
0.336554651762, 3.48712e-14, 0, 153000.0, 3.47e+12, 3.6e+34, 0, 0, 2.971285628540, -3.078620000e-13, 1.2000000e-24
0.83026988471, 9.8e-17, 0, 134000000.0, 2.89e+11, 6.8e+30, 0, 0, 1.204427642640, -1.400000000e-16, 0
0.377578026, 1.7e-17, 0, 352000000.0, 8.11e+10, 1.2e+31, 0, 0, 2.648459209000, -1.190000000e-16, 0
1.01694836198, 5.51856e-15, 0, 2920000.0, 2.40e+12, 2.1e+32, 0, 0, 0.983334097760, -5.336150000e-15, 1.7000000e-28
0.98983120721, 5.52533e-15, 0, 2840000.0, 2.37e+12, 2.2e+32, 0, 0, 1.010273259436, -5.639440000e-15, 7.4100000e-26
0.75599276085, 2.058e-14, 0, 582000.0, 3.99e+12, 1.9e+33, 0, 0, 1.322763989000, -3.601000000e-14, 0
0.741761952452, 3.2239e-15, 0, 3650000.0, 1.56e+12, 3.1e+32, 0, 0, 1.348141403983, -5.859400000e-15, 0
0.23716129322, 1.5192e-13, 0, 24700.0, 6.07e+12, 4.5e+35, 0, 0, 4.216539665600, -2.701020000e-12, 0
0.222949273318, 3.5805e-14, 0, 98700.0, 2.86e+12, 1.3e+35, 0, 0, 4.485325227200, -7.203300000e-13, 0
0.2836413311242, 2.63972e-15, 0, 1700000.0, 8.76e+11, 4.6e+33, 0, 0, 3.525579280130, -3.281100000e-14, -2.0200000e-24
0.9961077952, 2.19e-16, 0, 72100000.0, 4.73e+11, 8.7e+30, 0, 0, 1.003907413300, -2.210000000e-16, 0
0.54245109601, 9.7e-17, 0, 88600000.0, 2.32e+11, 2.4e+31, 0, 0, 1.843484154340, -3.300000000e-16, 0
0.00294710806916, 1.402541e-20, 1, 3330000000.0, 2.06e+08, 2.2e+34, 0, 0, 339.315687288245, -1.614817000e-15, 0
1.360602928, 1.8e-16, 0, 121000000.0, 4.98e+11, 2.8e+30, 0, 0, 0.734968284600, -9.600000000e-17, 0
0.337854845269, 2.623e-16, 0, 20400000.0, 3.01e+11, 2.7e+32, 0, 0, 2.959850995190, -2.298000000e-15, 0
0.504604607817, 2.18734e-15, 0, 3660000.0, 1.06e+12, 6.7e+32, 0, 0, 1.981749640230, -8.590400000e-15, -1.3000000e-25
2.33026282052, 4.4711e-15, 0, 8260000.0, 3.27e+12, 1.4e+31, 0, 0, 0.429136143440, -8.233900000e-16, 1.4000000e-26
0.45286735393, 1.92e-15, 0, 3730000.0, 9.45e+11, 8.2e+32, 0, 0, 2.208152103100, -9.380000000e-15, 0
2.7124228384, 6.122e-15, 0, 7020000.0, 4.12e+12, 1.2e+31, 0, 0, 0.368674082020, -8.320000000e-16, 0
0.325415321974, 8.3062e-15, 0, 621000.0, 1.66e+12, 9.5e+33, 0, 0, 3.072996052959, -7.843780000e-14, 0
1.441741592612, 8.22973e-15, 0, 2780000.0, 3.49e+12, 1.1e+32, 0, 0, 0.693605570599, -3.959230000e-15, 1.4000000e-27
0.00498358394057, 9.686e-21, 1, 8150000000.0, 2.22e+08, 3.1e+33, 0, 0, 200.658805375034, -3.900000000e-16, 0
0.00326618657079, 2.94703e-21, 1, 17600000000.0, 9.93e+07, 3.3e+33, 0, 0, 306.167445835148, -2.762500000e-16, 0
0.00527732693231, 2.16e-21, 0, 38700000000.0, 1.08e+08, 5.8e+32, 0, 0, 189.489871070470, -7.760000000e-17, 0
0.00903528524777, 9.6431e-19, 0, 148000000.0, 2.99e+09, 5.2e+34, 0, 0, 110.677191984320, -1.181230000e-14, 0
0.0036257455714, 1.416e-20, 1, 4060000000.0, 2.29e+08, 1.2e+34, 0, 0, 275.805342737960, -1.077000000e-15, 0
0.00462596246526, 1.712e-20, 0, 4280000000.0, 2.85e+08, 6.8e+33, 0, 0, 216.171230853890, -8.000000000e-16, 0
0.46040581878, 1.31e-17, 0, 557000000.0, 7.86e+10, 5.3e+30, 0, 0, 2.171996875800, -6.200000000e-17, 0
0.409349485862, 1.5762e-14, 0, 411000.0, 2.57e+12, 9.1e+33, 0, 0, 2.442900344420, -9.406400000e-14, 0
2.232969028273, 1.017751e-14, 0, 3480000.0, 4.82e+12, 3.6e+31, 0, 0, 0.447834245499, -2.041156000e-15, -2.6700000e-27
0.62197624506, 2.25e-16, 0, 43800000.0, 3.79e+11, 3.7e+31, 0, 0, 1.607778444820, -5.820000000e-16, 0
0.825935803096, 4.06801e-15, 0, 3220000.0, 1.85e+12, 2.9e+32, 0, 0, 1.210747852620, -5.963340000e-15, 1.6100000e-26
1.61612987171, 2.78904e-13, 0, 91800.0, 2.15e+13, 2.6e+33, 0, 0, 0.618762153650, -1.067830000e-13, 0
0.134409003575, 4.5696e-15, 0, 466000.0, 7.93e+11, 7.4e+34, 0, 0, 7.439977779800, -2.529400000e-13, -2.7000000e-24
0.163245785775, 1.76167e-14, 0, 147000.0, 1.72e+12, 1.6e+35, 0, 0, 6.125732405600, -6.610600000e-13, -2.3000000e-23
1.24196459936, 4.32e-16, 0, 45600000.0, 7.41e+11, 8.9e+30, 0, 0, 0.805175928940, -2.800000000e-16, 0
0.83714819649, 1.6737e-14, 0, 792000.0, 3.79e+12, 1.1e+33, 0, 0, 1.194531630350, -2.388200000e-14, 0
0.03590861279827, 3.36768e-15, 0, 169000.0, 3.52e+11, 2.9e+36, 0, 0, 27.848472053710, -2.611760000e-12, 0
0.30606864497, 5.016e-15, 0, 967000.0, 1.25e+12, 6.9e+33, 0, 0, 3.267240916200, -5.355000000e-14, 0
0.92339055858, 8.6799e-15, 0, 1690000.0, 2.86e+12, 4.4e+32, 0, 0, 1.082965372240, -1.017990000e-14, 0
0.5214727140817, 8.03532e-16, 0, 10300000.0, 6.55e+11, 2.2e+32, 0, 0, 1.917645876757, -2.954880000e-15, -1.7800000e-26
0.851078948902, 1.3792e-15, 0, 9780000.0, 1.10e+12, 8.8e+31, 0, 0, 1.174979126543, -1.904100000e-15, 0
0.457526573507, 1.0181e-15, 0, 7120000.0, 6.91e+11, 4.2e+32, 0, 0, 2.185665397170, -4.863700000e-15, -1.4000000e-24
0.69381120574, 3.3e-17, 0, 331000000.0, 1.54e+11, 3.9e+30, 0, 0, 1.441314282220, -6.900000000e-17, 0
0.60099749634, 6.555e-16, 0, 14500000.0, 6.35e+11, 1.2e+32, 0, 0, 1.663900442300, -1.815000000e-15, 0
0.3173062332319, 2.9898e-16, 0, 16800000.0, 3.12e+11, 3.7e+32, 0, 0, 3.151529643192, -2.969500000e-15, 0
1.54270444942, 3.306e-15, 0, 7390000.0, 2.29e+12, 3.6e+31, 0, 0, 0.648212300400, -1.389100000e-15, 0
2.05831378861, 1.39e-16, 0, 235000000.0, 5.41e+11, 6.3e+29, 0, 0, 0.485834572714, -3.300000000e-17, 0
0.34277679653, 1.571e-15, 0, 3460000.0, 7.43e+11, 1.5e+33, 0, 0, 2.917350328600, -1.337000000e-14, 0
0.404547474466, 1.52561e-14, 0, 420000.0, 2.51e+12, 9.1e+33, 0, 0, 2.471897770020, -9.321900000e-14, 1.3200000e-26
0.29749412167, 4.89e-17, 0, 96300000.0, 1.22e+11, 7.3e+31, 0, 0, 3.361410956250, -5.530000000e-16, 0
0.059030003218, 8.628e-18, 1, 108000000.0, 2.28e+10, 1.7e+33, 0, 0, 16.940537785630, -2.476100000e-15, 0
1.616231495126, 4.055e-16, 0, 63200000.0, 8.19e+11, 3.8e+30, 0, 0, 0.618723247886, -1.552310000e-16, -4.7000000e-29
0.54175211381, 1.0708e-14, 0, 802000.0, 2.44e+12, 2.7e+33, 0, 0, 1.845862664000, -3.648000000e-14, 0
0.439995272067, 2.9009e-15, 0, 2400000.0, 1.14e+12, 1.3e+33, 0, 0, 2.272751694130, -1.498450000e-14, 0
2.1827459895, 1.31e-14, 0, 2640000.0, 5.41e+12, 5.0e+31, 0, 0, 0.458138512130, -2.750000000e-15, 0
0.2702544395645, 2.518463e-15, 0, 1700000.0, 8.35e+11, 5.0e+33, 0, 0, 3.700216735057, -3.448180000e-14, -3.1400000e-26
1.6183389208, 6.8e-16, 0, 37700000.0, 1.06e+12, 6.3e+30, 0, 0, 0.617917537000, -2.600000000e-16, 0
0.62896972129, 3.4e-17, 0, 293000000.0, 1.48e+11, 5.4e+30, 0, 0, 1.589901653690, -8.600000000e-17, 0
0.227387488792, 2.34516e-14, 0, 154000.0, 2.34e+12, 7.9e+34, 0, 0, 4.397779338310, -4.535650000e-13, 0
0.2818424074, 3.6491e-15, 0, 1220000.0, 1.03e+12, 6.4e+33, 0, 0, 3.548082097400, -4.593800000e-14, -1.3500000e-24
2.129665364024, 1.74935e-14, 0, 1930000.0, 6.18e+12, 7.1e+31, 0, 0, 0.469557338394, -3.857040000e-15, 0
0.194630982798, 7.19782e-15, 0, 428000.0, 1.20e+12, 3.9e+34, 0, 0, 5.137928122350, -1.900103000e-13, 2.5500000e-25
0.33472522676, 3.24e-16, 0, 16400000.0, 3.33e+11, 3.4e+32, 0, 0, 2.987525050560, -2.892000000e-15, 0
0.425897254225, 2.86494e-15, 0, 2360000.0, 1.12e+12, 1.5e+33, 0, 0, 2.347984144250, -1.579450000e-14, -2.0000000e-26
0.00764587288391, 2.56944e-20, 1, 4710000000.0, 4.49e+08, 2.3e+33, 0, 0, 130.789514184124, -4.395250000e-16, 0
0.798692542358, 8.653e-16, 0, 14600000.0, 8.41e+11, 6.7e+31, 0, 0, 1.252046246790, -1.356000000e-15, 0
1.1810232973, 2.123644e-13, 0, 88100.0, 1.60e+13, 5.1e+33, 0, 0, 0.846723347700, -1.522526000e-13, -3.0200000e-25
0.37088299877, 2.543e-15, 0, 2310000.0, 9.83e+11, 2.0e+33, 0, 0, 2.696268104300, -1.849000000e-14, 0
1.27226037471, 7.66978e-15, 0, 2630000.0, 3.16e+12, 1.5e+32, 0, 0, 0.786002629557, -4.738390000e-15, 1.6600000e-26
1.60398355528, 5.89e-16, 0, 43100000.0, 9.84e+11, 5.6e+30, 0, 0, 0.623447788290, -2.290000000e-16, 0
0.571399860595, 3.78771e-15, 0, 2390000.0, 1.49e+12, 8.0e+32, 0, 0, 1.750087931346, -1.160103000e-14, 0
0.562789986697, 2.161e-16, 0, 41300000.0, 3.53e+11, 4.8e+31, 0, 0, 1.776861748854, -6.823000000e-16, 0
2.081343459724, 1.705e-15, 0, 19300000.0, 1.91e+12, 7.5e+30, 0, 0, 0.480458905198, -3.935800000e-16, 0
2.21580173889, 6.48e-15, 0, 5420000.0, 3.83e+12, 2.4e+31, 0, 0, 0.451303915170, -1.319000000e-15, 0
0.50988582045, 1.56e-16, 0, 51800000.0, 2.85e+11, 4.6e+31, 0, 0, 1.961223395300, -6.000000000e-16, 0
0.785521849527, 3.436e-17, 0, 362000000.0, 1.66e+11, 2.8e+30, 0, 0, 1.273039063907, -5.568000000e-17, 2.9000000e-28
0.2106484121028, 5.3633e-15, 0, 622000.0, 1.08e+12, 2.3e+34, 0, 0, 4.747246798670, -1.208690000e-13, 0
0.618182590832, 5.60066e-15, 0, 1750000.0, 1.88e+12, 9.4e+32, 0, 0, 1.617645036970, -1.465567000e-14, 3.7000000e-26
0.1435756814094, 9.8036e-16, 0, 2320000.0, 3.80e+11, 1.3e+34, 0, 0, 6.964967814769, -4.755800000e-14, 0
0.821035080573, 8.9551e-16, 0, 14500000.0, 8.68e+11, 6.4e+31, 0, 0, 1.217974753651, -1.328450000e-15, 1.7000000e-27
0.76068138902, 5e-17, 0, 241000000.0, 1.97e+11, 4.5e+30, 0, 0, 1.314610840274, -8.640000000e-17, 0
1.3373021601895, 1.348207e-15, 0, 15700000.0, 1.36e+12, 2.2e+31, 0, 0, 0.747774160372, -7.538720000e-16, -1.1000000e-28
0.2361708772317, 1.338394e-14, 0, 280000.0, 1.80e+12, 4.0e+34, 0, 0, 4.234222321235, -2.399558000e-13, 0
1.17276340202, 6.4875e-16, 0, 28600000.0, 8.83e+11, 1.6e+31, 0, 0, 0.852686908781, -4.716900000e-16, -1.3000000e-27
1.07792434298, 8.1803e-15, 0, 2090000.0, 3.00e+12, 2.6e+32, 0, 0, 0.927708893960, -7.040300000e-15, 1.3000000e-26
0.547209201831, 4.3e-17, 0, 202000000.0, 1.55e+11, 1.0e+31, 0, 0, 1.827454649250, -1.440000000e-16, 0
0.00378815551961, 9.42e-21, 0, 6370000000.0, 1.91e+08, 6.8e+33, 0, 0, 263.980714314010, -6.560000000e-16, 0
2.9351864592, 3.64212e-13, 0, 128000.0, 3.31e+13, 5.7e+32, 0, 0, 0.340693858430, -4.227490000e-14, 0
0.1580429177826, 2.56384e-15, 0, 977000.0, 6.44e+11, 2.6e+34, 0, 0, 6.327395203976, -1.026457000e-13, 0
0.237790138, 2.09e-15, 0, 1800000.0, 7.13e+11, 6.1e+33, 0, 0, 4.205388870000, -3.700000000e-14, 0
1.074078173597, 2.45892e-15, 0, 6920000.0, 1.64e+12, 7.8e+31, 0, 0, 0.931030929202, -2.131441000e-15, 1.4000000e-26
0.318062050971, 3.75e-16, 0, 13400000.0, 3.49e+11, 4.6e+32, 0, 0, 3.144040595060, -3.710000000e-15, 0
4.86428379983, 3.644e-14, 0, 2110000.0, 1.35e+13, 1.2e+31, 0, 0, 0.205580110280, -1.540100000e-15, 0
1.324921971385, 2.1948e-16, 0, 95600000.0, 5.46e+11, 3.7e+30, 0, 0, 0.754761428671, -1.250300000e-16, 5.0000000e-28
0.57982281497, 1.79944e-14, 0, 511000.0, 3.27e+12, 3.6e+33, 0, 0, 1.724664801350, -5.352370000e-14, 4.1000000e-26
1.34601218493, 1.43e-15, 0, 14900000.0, 1.40e+12, 2.3e+31, 0, 0, 0.742935324950, -7.890000000e-16, 0
0.2990717782966, 3.50084e-15, 0, 1350000.0, 1.04e+12, 5.2e+33, 0, 0, 3.343678917802, -3.914010000e-14, 0
0.290305256197, 6.35e-17, 0, 72400000.0, 1.37e+11, 1.0e+32, 0, 0, 3.444649997390, -7.540000000e-16, 0
0.482766273821, 1.16e-16, 0, 65900000.0, 2.39e+11, 4.1e+31, 0, 0, 2.071395733770, -4.980000000e-16, 0
0.298313497249, 2.243e-15, 0, 2110000.0, 8.28e+11, 3.3e+33, 0, 0, 3.352178192480, -2.520500000e-14, 0
1.431066414236, 7.71e-16, 0, 29400000.0, 1.06e+12, 1.0e+31, 0, 0, 0.698779588461, -3.765000000e-16, 0
0.0687304058253, 1.31907e-14, 0, 82600.0, 9.64e+11, 1.6e+36, 0, 0, 14.549601271700, -2.792351100e-12, 0
0.817329808312, 6.3495e-15, 0, 2040000.0, 2.31e+12, 4.6e+32, 0, 0, 1.223496304466, -9.504800000e-15, 0
1.22047000453, 2.36e-15, 0, 8190000.0, 1.72e+12, 5.1e+31, 0, 0, 0.819356474380, -1.584000000e-15, 0
0.2578319398983, 2.5553e-15, 0, 1600000.0, 8.21e+11, 5.9e+33, 0, 0, 3.878495427659, -3.843870000e-14, 0
0.723598503258, 2.1386e-15, 0, 5360000.0, 1.26e+12, 2.2e+32, 0, 0, 1.381981852502, -4.084500000e-15, 0
0.76003196831, 3.661e-15, 0, 3290000.0, 1.69e+12, 3.3e+32, 0, 0, 1.315734129220, -6.338000000e-15, 0
0.18552016047926, 1.8001e-17, 1, 163000000.0, 5.85e+10, 1.1e+32, 0, 0, 5.390249757313, -5.230200000e-16, 0
0.136855046957, 7.5057e-13, 0, 2890.0, 1.03e+13, 1.2e+37, 0, 0, 7.307001256000, -4.007460000e-11, 0
0.314355396469, 5.0148e-15, 0, 993000.0, 1.27e+12, 6.4e+33, 0, 0, 3.181112878080, -5.074700000e-14, 0
0.501123112694, 1.008e-16, 0, 78800000.0, 2.27e+11, 3.2e+31, 0, 0, 1.995517617665, -4.010000000e-16, 0
0.226517635038, 1.157426e-15, 0, 3100000.0, 5.18e+11, 3.9e+33, 0, 0, 4.414667316440, -2.255740000e-14, 1.5000000e-26
0.208214903876, 9.31735e-14, 0, 35400.0, 4.46e+12, 4.1e+35, 0, 0, 4.802730166700, -2.149160000e-12, -3.0000000e-24
0.268217402985, 4.21706e-15, 0, 1010000.0, 1.08e+12, 8.6e+33, 0, 0, 3.728318852060, -5.861870000e-14, -1.5700000e-25
0.14446976514, 5.75717e-14, 0, 39800.0, 2.92e+12, 7.5e+35, 0, 0, 6.921863540100, -2.758388000e-12, 4.3900000e-23
0.5714203197, 2.84e-16, 0, 31900000.0, 4.08e+11, 6.0e+31, 0, 0, 1.750025271300, -8.700000000e-16, 0
0.437454407217, 2.183e-16, 0, 31800000.0, 3.13e+11, 1.0e+32, 0, 0, 2.285952509570, -1.140700000e-15, 0
0.928323751417, 3.182e-16, 0, 46200000.0, 5.50e+11, 1.6e+31, 0, 0, 1.077210400438, -3.692000000e-16, 0
0.81369030283, 8.1098e-15, 0, 1590000.0, 2.60e+12, 5.9e+32, 0, 0, 1.228968806090, -1.224880000e-14, 1.1600000e-24
0.00354343143885, 3.7e-21, 1, 15200000000.0, 1.16e+08, 3.3e+33, 0, 0, 282.212317991230, -2.950000000e-16, 0
0.17843152366, 1.30699e-13, 0, 21600.0, 4.89e+12, 9.1e+35, 0, 0, 5.604390858100, -4.105150000e-12, 0
0.3587384107696, 6.0025237e-15, 0, 947000.0, 1.48e+12, 5.1e+33, 0, 0, 2.787546496219, -4.664210300e-14, 1.4490000e-26
0.654408146583, 3.78e-16, 0, 27400000.0, 5.03e+11, 5.3e+31, 0, 0, 1.528098336216, -8.830000000e-16, 0
0.080118133455, 6.07579e-14, 0, 20900.0, 2.23e+12, 4.7e+36, 0, 0, 12.481568864300, -9.465447000e-12, 0
0.96733836953, 4.039e-15, 0, 3790000.0, 2.00e+12, 1.8e+32, 0, 0, 1.033764431870, -4.316000000e-15, 0
2.8727736506, 5.6e-15, 0, 8110000.0, 4.06e+12, 9.3e+30, 0, 0, 0.348095646100, -6.800000000e-16, 0
0.20098020244218, 6.429167e-16, 0, 4950000.0, 3.64e+11, 3.1e+33, 0, 0, 4.975614452810, -1.591652000e-14, 2.3000000e-28
1.65742878336, 3.4811e-15, 0, 7540000.0, 2.43e+12, 3.0e+31, 0, 0, 0.603344173844, -1.267200000e-15, 0
1.121561892, 5.68e-15, 0, 3130000.0, 2.55e+12, 1.6e+32, 0, 0, 0.891613746000, -4.515000000e-15, 0
0.68708185664, 3.399e-15, 0, 3200000.0, 1.55e+12, 4.1e+32, 0, 0, 1.455430659880, -7.200000000e-15, 0
0.1661155731566, 4.24423e-14, 0, 62000.0, 2.69e+12, 3.7e+35, 0, 0, 6.019905184070, -1.538077000e-12, 0
0.00155780655654, 1.051045e-19, 0, 235000000.0, 4.09e+08, 1.1e+36, 0, 0, 641.928226453420, -4.331060000e-14, 0
0.6453024694, 1.8271e-14, 0, 560000.0, 3.47e+12, 2.7e+33, 0, 0, 1.549660891500, -4.387800000e-14, 9.3000000e-25
0.546824157964, 7.67965e-14, 0, 113000.0, 6.56e+12, 1.9e+34, 0, 0, 1.828741443540, -2.568302000e-13, 0
0.217317451828, 1.913e-16, 0, 18000000.0, 2.06e+11, 7.4e+32, 0, 0, 4.601563250400, -4.051000000e-15, 0
0.9053938883, 9.962e-16, 0, 14400000.0, 9.61e+11, 5.3e+31, 0, 0, 1.104491661500, -1.215300000e-15, 0
0.559084099229, 1.2387e-15, 0, 7150000.0, 8.42e+11, 2.8e+32, 0, 0, 1.788639672240, -3.963000000e-15, 0
2.306152697, 1.608349e-13, 0, 227000.0, 1.95e+13, 5.2e+32, 0, 0, 0.433622631017, -3.024156000e-14, 0
0.4028579088754, 9.561486e-16, 0, 6680000.0, 6.28e+11, 5.8e+32, 0, 0, 2.482264783609, -5.891442000e-15, -7.8000000e-27
0.69626221476, 1.01e-16, 0, 109000000.0, 2.68e+11, 1.2e+31, 0, 0, 1.436240512270, -2.080000000e-16, 0
0.446226281658, 4.659e-16, 0, 15200000.0, 4.61e+11, 2.1e+32, 0, 0, 2.241015469291, -2.340000000e-15, 0
0.9724288509136, 1.655686e-15, 0, 9310000.0, 1.28e+12, 7.1e+31, 0, 0, 1.028352870301, -1.750904000e-15, -2.9000000e-28
0.00508417368995, 8.8e-21, 1, 9170000000.0, 2.14e+08, 2.6e+33, 0, 0, 196.688795659400, -3.400000000e-16, 0
0.00518520190413, 1.713e-20, 0, 4800000000.0, 3.02e+08, 4.9e+33, 0, 0, 192.856521016910, -6.371000000e-16, 0
0.841157774341, 9.8619e-16, 0, 13500000.0, 9.22e+11, 6.5e+31, 0, 0, 1.188837612282, -1.393820000e-15, 1.4100000e-26
1.9968990135, 7.3e-16, 0, 43300000.0, 1.22e+12, 3.6e+30, 0, 0, 0.500776450510, -1.830000000e-16, 0
0.00361799307811, 7.5e-21, 0, 7680000000.0, 1.66e+08, 6.2e+33, 0, 0, 276.396327580100, -5.700000000e-16, 0
1.045632444772, 5.3466e-16, 0, 31000000.0, 7.57e+11, 1.8e+31, 0, 0, 0.956359000718, -4.890100000e-16, 5.3000000e-29
1.06870769134, 2.42e-16, 0, 70000000.0, 5.15e+11, 7.8e+30, 0, 0, 0.935709556600, -2.120000000e-16, 0
0.491865489484, 1.9866e-15, 0, 3920000.0, 1.00e+12, 6.6e+32, 0, 0, 2.033076158790, -8.211400000e-15, 0
0.4406184769108, 2.4092e-17, 0, 290000000.0, 1.04e+11, 1.1e+31, 0, 0, 2.269537144722, -1.240950000e-16, 2.0000000e-29
1.33444985809, 8.89e-16, 0, 23800000.0, 1.10e+12, 1.5e+31, 0, 0, 0.749372480310, -4.990000000e-16, 0
0.51516705131, 5.641e-15, 0, 1450000.0, 1.73e+12, 1.6e+33, 0, 0, 1.941117929500, -2.125500000e-14, 0
0.4350602546, 2.197e-14, 0, 314000.0, 3.13e+12, 1.1e+34, 0, 0, 2.298532190500, -1.160700000e-13, 0
0.959447931541, 1.48834e-15, 0, 10200000.0, 1.21e+12, 6.7e+31, 0, 0, 1.042266043967, -1.616811000e-15, -1.2600000e-27
0.00317013922781, 3.7e-21, 1, 13600000000.0, 1.10e+08, 4.6e+33, 0, 0, 315.443558828200, -3.680000000e-16, 0
1.48074382424, 4.78e-16, 0, 49100000.0, 8.51e+11, 5.8e+30, 0, 0, 0.675336262510, -2.180000000e-16, 0
0.157508542541, 5.226e-16, 0, 4780000.0, 2.90e+11, 5.3e+33, 0, 0, 6.348861997370, -2.106500000e-14, 0
0.1966268136138, 9.02244e-15, 0, 345000.0, 1.35e+12, 4.7e+34, 0, 0, 5.085776357868, -2.333665000e-13, 0
0.717311174076, 7.0612e-15, 0, 1610000.0, 2.28e+12, 7.6e+32, 0, 0, 1.394095109822, -1.372346000e-14, 7.9000000e-27
1.3193733853, 1.231e-16, 0, 170000000.0, 4.08e+11, 2.1e+30, 0, 0, 0.757935555728, -7.072000000e-17, 0
0.957616630291, 3.270565e-15, 0, 4640000.0, 1.79e+12, 1.5e+32, 0, 0, 1.044259224797, -3.566477000e-15, 2.1000000e-28
0.0131381833437, 9.3913e-20, 1, 2220000000.0, 1.12e+09, 1.6e+33, 0, 0, 76.114023821963, -5.440700000e-16, 0
0.00430477554974, 1.89e-20, 1, 3610000000.0, 2.89e+08, 9.4e+33, 0, 0, 232.300148624620, -1.020000000e-15, 0
5.0940830275, 3.031e-15, 0, 26600000.0, 3.98e+12, 9.1e+29, 0, 0, 0.196306183979, -1.168000000e-16, 0
0.27502568252, 1.2815e-16, 0, 34000000.0, 1.90e+11, 2.4e+32, 0, 0, 3.636024064510, -1.694200000e-15, -2.4000000e-29
0.02073236056267, 4.2721e-18, 1, 76900000.0, 9.52e+09, 1.9e+34, 0, 0, 48.233774295845, -9.939000000e-15, 0
0.0395311928548, 5.844803e-15, 0, 107000.0, 4.86e+11, 3.7e+36, 0, 0, 25.296479255600, -3.740159000e-12, 1.4620000e-23
0.8518902768, 2.865e-15, 0, 4710000.0, 1.58e+12, 1.8e+32, 0, 0, 1.173860093500, -3.950000000e-15, 0
1.33396499366, 1.773e-15, 0, 11900000.0, 1.56e+12, 2.9e+31, 0, 0, 0.749644859312, -9.964000000e-16, 0
0.0927090547, 2.1163e-14, 0, 69400.0, 1.42e+12, 1.0e+36, 0, 0, 10.786432920000, -2.462200000e-12, 0
0.4266767865302, 1.711e-18, 0, 3950000000.0, 2.73e+10, 8.7e+29, 0, 0, 2.343694411248, -9.396000000e-18, -2.8000000e-28
0.00487276586298, 9.12e-21, 0, 8470000000.0, 2.13e+08, 3.1e+33, 0, 0, 205.222255310370, -3.840000000e-16, 0
0.00613316651024, 2.972e-20, 1, 3270000000.0, 4.32e+08, 5.1e+33, 0, 0, 163.047913069110, -7.901000000e-16, 0
0.5189379874091, 1.372366e-15, 0, 5990000.0, 8.54e+11, 3.9e+32, 0, 0, 1.927012522234, -5.096111000e-15, -9.8200000e-27
0.303910924347, 2.199e-16, 0, 21900000.0, 2.62e+11, 3.1e+32, 0, 0, 3.290437822030, -2.381000000e-15, 0
0.3076828651978, 3.10989e-15, 0, 1570000.0, 9.90e+11, 4.2e+33, 0, 0, 3.250099739409, -3.285020000e-14, -7.3000000e-26
0.3748062242, 7.08e-15, 0, 839000.0, 1.65e+12, 5.3e+33, 0, 0, 2.668045340000, -5.040000000e-14, 0
0.29038924475, 2.12038e-13, 0, 21700.0, 7.94e+12, 3.4e+35, 0, 0, 3.443653709900, -2.514500000e-12, 3.0000000e-23
0.00160740168481, 1.68515e-20, 1, 1510000000.0, 1.67e+08, 1.6e+35, 0, 0, 622.122030511927, -6.522100000e-15, 5.5000000e-26
0.406081181, 3.6e-17, 0, 179000000.0, 1.22e+11, 2.1e+31, 0, 0, 2.462561790080, -2.180000000e-16, 0
0.27649748362, 2.25e-16, 0, 19500000.0, 2.52e+11, 4.2e+32, 0, 0, 3.616669443000, -2.940000000e-15, 0
0.6967605102, 1.05139e-13, 0, 105000.0, 8.66e+12, 1.2e+34, 0, 0, 1.435213370200, -2.165690000e-13, -8.7000000e-25
0.9050668203089, 1.738783e-15, 0, 8250000.0, 1.27e+12, 9.3e+31, 0, 0, 1.104890796526, -2.122678000e-15, -2.1800000e-27
2.11126473382, 7.45504e-14, 0, 449000.0, 1.27e+13, 3.1e+32, 0, 0, 0.473649743674, -1.672494000e-14, -1.1000000e-27
0.24095264193, 2.06825e-13, 0, 18500.0, 7.14e+12, 5.8e+35, 0, 0, 4.150193133350, -3.562380000e-12, 0
2.27966105858, 2.56626e-14, 0, 1410000.0, 7.74e+12, 8.6e+31, 0, 0, 0.438661702026, -4.938110000e-15, 7.8000000e-28
0.615033894871, 2.808e-16, 0, 34700000.0, 4.21e+11, 4.8e+31, 0, 0, 1.625926649473, -7.423000000e-16, 0
0.30794290464, 2.99e-15, 0, 1630000.0, 9.71e+11, 4.0e+33, 0, 0, 3.247355223800, -3.153000000e-14, 0
0.580871337031, 4.601e-17, 0, 200000000.0, 1.65e+11, 9.3e+30, 0, 0, 1.721551635017, -1.363700000e-16, -4.8000000e-27
0.16369523645, 2.4872e-14, 0, 104000.0, 2.04e+12, 2.2e+35, 0, 0, 6.108913257000, -9.282000000e-13, 0
0.32572436605, 1.37e-16, 0, 37700000.0, 2.14e+11, 1.6e+32, 0, 0, 3.070080424500, -1.290000000e-15, 0
0.4587348258074, 3.3244e-16, 0, 21900000.0, 3.95e+11, 1.4e+32, 0, 0, 2.179908617664, -1.579800000e-15, 0
0.02449738854593, 9.611e-19, 0, 404000000.0, 4.91e+09, 2.6e+33, 0, 0, 40.820677605083, -1.601500000e-15, 0
0.60820531457, 1.5604e-14, 0, 618000.0, 3.12e+12, 2.7e+33, 0, 0, 1.644181620980, -4.218300000e-14, 0
0.58919550332, 5.395e-15, 0, 1730000.0, 1.80e+12, 1.0e+33, 0, 0, 1.697229517820, -1.554100000e-14, 0
1.43836860189, 1.468e-15, 0, 15500000.0, 1.47e+12, 1.9e+31, 0, 0, 0.695232083547, -7.096000000e-16, 0
0.00522327101519, 4.82e-21, 0, 17200000000.0, 1.61e+08, 1.3e+33, 0, 0, 191.450912099310, -1.770000000e-16, 0
0.5653693451984, 9.072e-17, 0, 98700000.0, 2.29e+11, 2.0e+31, 0, 0, 1.768755254406, -2.838200000e-16, 0
1.4424475206, 3.616e-15, 0, 6320000.0, 2.31e+12, 4.8e+31, 0, 0, 0.693266122835, -1.737900000e-15, 0
0.93173309347, 1.7857e-15, 0, 8270000.0, 1.31e+12, 8.7e+31, 0, 0, 1.073268736517, -2.056960000e-15, 0
0.54400187061, 5.475e-16, 0, 15700000.0, 5.52e+11, 1.3e+32, 0, 0, 1.838228973140, -1.850000000e-15, 0
0.580187269001, 6.007e-16, 0, 15300000.0, 5.97e+11, 1.2e+32, 0, 0, 1.723581425221, -1.785000000e-15, 0
0.276027693446, 1.5194e-16, 0, 28800000.0, 2.07e+11, 2.9e+32, 0, 0, 3.622824896719, -1.994200000e-15, 0
0.2301936138595, 8.851045e-15, 0, 412000.0, 1.44e+12, 2.9e+34, 0, 0, 4.344169168005, -1.670352000e-13, 2.6000000e-26
2.3032990816, 5.1e-16, 0, 71600000.0, 1.10e+12, 1.6e+30, 0, 0, 0.434159857050, -9.600000000e-17, 0
0.06494038824151, 4.0063e-19, 1, 2570000000.0, 5.16e+09, 5.8e+31, 0, 0, 15.398737628130, -9.499700000e-17, 0
0.00289621581556, 8.3e-21, 1, 5530000000.0, 1.57e+08, 1.3e+34, 0, 0, 345.278136603900, -9.900000000e-16, 0
0.537143086032, 9.9555e-16, 0, 8550000.0, 7.40e+11, 2.5e+32, 0, 0, 1.861701334345, -3.450510000e-15, 0
0.5579534804225, 1.481058e-16, 0, 59700000.0, 2.91e+11, 3.4e+31, 0, 0, 1.792264113565, -4.757470000e-16, 4.8600000e-27
0.3876640866385, 1.83649e-15, 0, 3340000.0, 8.54e+11, 1.2e+33, 0, 0, 2.579552851210, -1.222018000e-14, 0
0.00393452408033, 7.0237e-21, 1, 8880000000.0, 1.68e+08, 4.6e+33, 0, 0, 254.160345592754, -4.537100000e-16, 0
0.103740952074, 9.57209e-14, 0, 17200.0, 3.19e+12, 3.4e+36, 0, 0, 9.639394858100, -8.894190000e-12, 1.0900000e-21
0.26531766093, 5.4682e-14, 0, 76900.0, 3.85e+12, 1.2e+35, 0, 0, 3.769066848000, -7.768100000e-13, 3.9000000e-22
0.343402157786, 1.894195e-15, 0, 2870000.0, 8.16e+11, 1.8e+33, 0, 0, 2.912037613413, -1.606270000e-14, 2.4000000e-26
0.048578779636, 8.61e-14, 0, 8940.0, 2.07e+12, 3.0e+37, 0, 0, 20.585119830000, -3.648000000e-11, 0
0.529196917808, 3.06337e-15, 0, 2740000.0, 1.29e+12, 8.2e+32, 0, 0, 1.889655752610, -1.093868000e-14, -2.2700000e-26
0.372619054536, 2.512052e-15, 0, 2350000.0, 9.79e+11, 1.9e+33, 0, 0, 2.683706020472, -1.809250000e-14, 3.5000000e-26
0.398173021652, 2.028e-16, 0, 31100000.0, 2.88e+11, 1.3e+32, 0, 0, 2.511471007883, -1.279200000e-15, 0
1.099651368044, 3.094e-16, 0, 56300000.0, 5.90e+11, 9.2e+30, 0, 0, 0.909379126021, -2.559000000e-16, 0
0.1767074151138, 4.85753e-15, 0, 576000.0, 9.38e+11, 3.5e+34, 0, 0, 5.659072084530, -1.555630000e-13, 0
1.21680465774, 1.231961e-14, 0, 1560000.0, 3.92e+12, 2.7e+32, 0, 0, 0.821824599075, -8.320610000e-15, -6.3400000e-26
0.630512646679, 8.8535e-16, 0, 11300000.0, 7.56e+11, 1.4e+32, 0, 0, 1.586011010670, -2.227030000e-15, 1.7000000e-26
0.2001285881663, 6.5001e-15, 0, 488000.0, 1.15e+12, 3.2e+34, 0, 0, 4.996787361380, -1.622940000e-13, 2.2000000e-24
0.22707017739, 6.4843e-15, 0, 555000.0, 1.23e+12, 2.2e+34, 0, 0, 4.403924863700, -1.257600000e-13, 0
0.1432499, 1.25e-14, 1, 181000.0, 1.36e+12, 1.7e+35, 0, 0, 6.980808000000, -6.100000000e-13, 0
5.01339800063, 1.013e-14, 0, 7840000.0, 7.21e+12, 3.2e+30, 0, 0, 0.199465512190, -4.000000000e-16, 0
0.00594895753485, 1.1112e-20, 1, 8480000000.0, 2.60e+08, 2.1e+33, 0, 0, 168.096678139288, -3.140000000e-16, 0
1.28171902379, 4.55e-16, 0, 44600000.0, 7.73e+11, 8.5e+30, 0, 0, 0.780202198330, -2.770000000e-16, 0
1.35872676315, 2.09e-15, 0, 10300000.0, 1.71e+12, 3.3e+31, 0, 0, 0.735983147695, -1.132100000e-15, 0
2.0743770781, 2.04e-15, 0, 16100000.0, 2.08e+12, 9.0e+30, 0, 0, 0.482072430590, -4.740000000e-16, 0
0.61871508419, 4.5024e-15, 0, 2180000.0, 1.69e+12, 7.5e+32, 0, 0, 1.616252820660, -1.176140000e-14, -2.9400000e-25
1.5772861505, 4.134e-15, 0, 6050000.0, 2.58e+12, 4.2e+31, 0, 0, 0.634000368090, -1.661700000e-15, 0
1.424568215153, 9.4418e-16, 0, 23900000.0, 1.17e+12, 1.3e+31, 0, 0, 0.701967086843, -4.652500000e-16, 9.6000000e-28
0.865606225032, 5.949e-16, 0, 23100000.0, 7.26e+11, 3.6e+31, 0, 0, 1.155259714038, -7.940000000e-16, 0
0.00237987896026, 5.24e-21, 1, 7200000000.0, 1.13e+08, 1.5e+34, 0, 0, 420.189436815000, -9.250000000e-16, 0
0.09613056295, 1.27e-15, 0, 1200000.0, 3.54e+11, 5.6e+34, 0, 0, 10.402518921000, -1.374000000e-13, 0
1.3927154635, 6.3e-16, 0, 35000000.0, 9.48e+11, 9.2e+30, 0, 0, 0.718021754050, -3.200000000e-16, 0
0.3955551117394, 1.952e-16, 0, 32100000.0, 2.81e+11, 1.2e+32, 0, 0, 2.528092724179, -1.247600000e-15, 0
1.5469381168652, 1.471483e-15, 0, 16700000.0, 1.53e+12, 1.6e+31, 0, 0, 0.646438269959, -6.149070000e-16, 1.6000000e-28
1.1382856833155, 1.82318e-16, 0, 98900000.0, 4.61e+11, 4.9e+30, 0, 0, 0.878514080127, -1.407110000e-16, -1.1000000e-29
0.476734842147, 1.11216e-14, 0, 679000.0, 2.33e+12, 4.1e+33, 0, 0, 2.097602087350, -4.893429000e-14, 5.0000000e-27
0.445944557385, 4.17572e-15, 0, 1690000.0, 1.38e+12, 1.9e+33, 0, 0, 2.242431224778, -2.099760000e-14, -7.4100000e-24
1.961572303613, 1.095816e-14, 0, 2840000.0, 4.69e+12, 5.7e+31, 0, 0, 0.509795126164, -2.847929000e-15, -9.2000000e-28
0.2839009641977, 1.516e-17, 0, 297000000.0, 6.64e+10, 2.6e+31, 0, 0, 3.522355067817, -1.881000000e-16, 0
0.00450864174497, 1.2737e-20, 1, 5610000000.0, 2.42e+08, 5.5e+33, 0, 0, 221.796287344250, -6.266000000e-16, 0
0.341336231373, 1.957e-16, 0, 27600000.0, 2.62e+11, 1.9e+32, 0, 0, 2.929662626140, -1.679700000e-15, 0
0.8151811027646, 1.340139e-15, 0, 9640000.0, 1.06e+12, 9.8e+31, 0, 0, 1.226721272866, -2.016701000e-15, -4.8000000e-28
0.3195611745, 4.08e-15, 0, 1240000.0, 1.16e+12, 4.9e+33, 0, 0, 3.129291290000, -4.000000000e-14, 0
0.221507638277, 3.691271e-16, 0, 9510000.0, 2.89e+11, 1.3e+33, 0, 0, 4.514517006178, -7.523130000e-15, -1.0700000e-26
2.30487883766, 5.219e-15, 0, 7000000.0, 3.51e+12, 1.7e+31, 0, 0, 0.433862285366, -9.824000000e-16, 0
1.4231018383, 3.503e-15, 0, 6440000.0, 2.26e+12, 4.8e+31, 0, 0, 0.702690400000, -1.729700000e-15, 0
0.4148705368737, 8.621e-17, 0, 76200000.0, 1.91e+11, 4.8e+31, 0, 0, 2.410390498047, -5.008800000e-16, 6.1000000e-28
3.9538529596, 3.24e-15, 0, 19300000.0, 3.62e+12, 2.1e+30, 0, 0, 0.252917852590, -2.073000000e-16, 0
0.157829924735, 1.430393e-13, 0, 17500.0, 4.81e+12, 1.4e+36, 0, 0, 6.335934086500, -5.742180000e-12, 0
1.2028517540847, 2.622965e-15, 0, 7270000.0, 1.80e+12, 5.9e+31, 0, 0, 0.831357643703, -1.812877000e-15, 4.9000000e-29
1.014684793189, 7.14612e-16, 0, 22500000.0, 8.62e+11, 2.7e+31, 0, 0, 0.985527729116, -6.940780000e-16, 1.8530000e-26
0.4401530669475, 2.89263e-16, 0, 24100000.0, 3.61e+11, 1.3e+32, 0, 0, 2.271936912618, -1.493090000e-15, -8.5000000e-27
0.694053479086, 7.6801e-16, 0, 14300000.0, 7.39e+11, 9.1e+31, 0, 0, 1.440811162444, -1.594340000e-15, 4.1000000e-27
0.0049311149431, 2.05705e-20, 0, 3800000000.0, 3.22e+08, 6.8e+33, 0, 0, 202.793893782574, -8.459700000e-16, 0
0.32577128742, 2.26e-16, 0, 22800000.0, 2.75e+11, 2.6e+32, 0, 0, 3.069638235800, -2.130000000e-15, 0
0.05613303552473, 9.5406e-18, 0, 93200000.0, 2.34e+10, 2.1e+33, 0, 0, 17.814821355230, -3.027880000e-15, 0
0.03052929614864, 4.98789e-18, 1, 97000000.0, 1.25e+10, 6.9e+33, 0, 0, 32.755422697308, -5.351600000e-15, 0
0.00465143521539, 1.78e-19, 0, 414000000.0, 9.21e+08, 7.0e+34, 0, 0, 214.987407906000, -8.200000000e-15, 0
0.0040270427071, 3.2e-20, 0, 1990000000.0, 3.63e+08, 1.9e+34, 0, 0, 248.321180760000, -2.000000000e-15, 0
0.037660166953, 2e-18, 0, 298000000.0, 8.78e+09, 1.5e+33, 0, 0, 26.553254563000, -1.400000000e-15, 0
0.0067433942397, 2.4e-20, 0, 4450000000.0, 4.07e+08, 3.1e+33, 0, 0, 148.293272565000, -5.300000000e-16, 0
0.00372634848387, 2.085328e-20, 1, 2830000000.0, 2.82e+08, 1.6e+34, 0, 0, 268.359227358734, -1.501784000e-15, 0
1.22723540015, 1.6e-17, 0, 1220000000.0, 1.42e+11, 3.4e+29, 0, 0, 0.814839597910, -1.060000000e-17, 0
1.08351351364, 1.421e-15, 0, 12100000.0, 1.26e+12, 4.4e+31, 0, 0, 0.922923422192, -1.210400000e-15, 0
0.282849345409, 1.7857e-15, 0, 2510000.0, 7.19e+11, 3.1e+33, 0, 0, 3.535450996200, -2.232000000e-14, 0
9.42822888, 4.1e-14, 0, 3650000.0, 1.99e+13, 1.9e+30, 0, 0, 0.106064459500, -4.600000000e-16, 0
8.509827491, 4.96e-16, 0, 272000000.0, 2.08e+12, 3.2e+28, 0, 0, 0.117511195270, -6.850000000e-18, 0
0.01605242391809, 2.97876e-20, 1, 8540000000.0, 7.00e+08, 2.8e+32, 0, 0, 62.295887842383, -1.155990000e-16, 0
0.38014034472, 1.681e-16, 0, 35800000.0, 2.56e+11, 1.2e+32, 0, 0, 2.630607389850, -1.163000000e-15, 0
0.3322056715409, 1.0105979e-14, 0, 521000.0, 1.85e+12, 1.1e+34, 0, 0, 3.010183406447, -9.157234000e-14, -1.1000000e-26
0.593533613, 7.08e-16, 0, 13300000.0, 6.56e+11, 1.3e+32, 0, 0, 1.684824546000, -2.010000000e-15, 0
1.6090199964, 9.164e-16, 0, 27800000.0, 1.23e+12, 8.7e+30, 0, 0, 0.621496315900, -3.540000000e-16, 0
1.03000211204, 1.24089e-15, 0, 13200000.0, 1.14e+12, 4.5e+31, 0, 0, 0.970871795612, -1.169650000e-15, 2.3000000e-27
1.373654387, 4.23e-15, 0, 5150000.0, 2.44e+12, 6.4e+31, 0, 0, 0.727985153700, -2.240000000e-15, 0
0.49814907254, 1.42e-17, 0, 556000000.0, 8.51e+10, 4.5e+30, 0, 0, 2.007431219140, -5.700000000e-17, 0
1.525265633965, 3.43256e-15, 0, 7040000.0, 2.32e+12, 3.8e+31, 0, 0, 0.655623504347, -1.475460000e-15, -4.2200000e-26
0.93801422813, 9e-16, 0, 16500000.0, 9.30e+11, 4.3e+31, 0, 0, 1.066081910070, -1.023000000e-15, 0
0.322673549948, 3.97e-16, 0, 12900000.0, 3.62e+11, 4.7e+32, 0, 0, 3.099107442060, -3.810000000e-15, 0
0.93316107478, 6.9878e-15, 0, 2120000.0, 2.58e+12, 3.4e+32, 0, 0, 1.071626353720, -8.024700000e-15, 0
1.004592528853, 4.9517e-16, 0, 32100000.0, 7.14e+11, 1.9e+31, 0, 0, 0.995428466049, -4.906500000e-16, -2.8000000e-27
0.00311922657908, 1.4e-20, 1, 3530000000.0, 2.12e+08, 1.8e+34, 0, 0, 320.592292559700, -1.440000000e-15, 1.7000000e-23
0.3741958930416, 2.36723e-15, 0, 2500000.0, 9.52e+11, 1.8e+33, 0, 0, 2.672397048165, -1.690610000e-14, 0
0.00260961972345, 3.34e-20, 1, 1240000000.0, 2.99e+08, 7.4e+34, 0, 0, 383.197594276100, -4.900000000e-15, 0
0.41910226464, 6.9048e-14, 0, 96200.0, 5.44e+12, 3.7e+34, 0, 0, 2.386052484970, -3.931070000e-13, 0
1.05684421944, 6.51e-16, 0, 25700000.0, 8.39e+11, 2.2e+31, 0, 0, 0.946213246570, -5.829000000e-16, 0
0.5384688219194, 2.765209e-15, 0, 3090000.0, 1.23e+12, 7.0e+32, 0, 0, 1.857117736985, -9.536891000e-15, -3.1800000e-27
0.03281785905307, 5.865e-20, 1, 8870000000.0, 1.40e+09, 6.6e+31, 0, 0, 30.471213810232, -5.446000000e-17, 0
0.2813991427542, 6.17e-18, 0, 723000000.0, 4.22e+10, 1.1e+31, 0, 0, 3.553671095841, -7.790000000e-17, 2.4000000e-27
0.682542497406, 9.6606e-15, 0, 1120000.0, 2.60e+12, 1.2e+33, 0, 0, 1.465110236800, -2.073700000e-14, -8.6000000e-27
0.00297781929476, 1.46e-21, 1, 32300000000.0, 6.67e+07, 2.2e+33, 0, 0, 335.816213482520, -1.650000000e-16, 0
0.05162357393, 7.827e-14, 0, 10500.0, 2.03e+12, 2.2e+37, 0, 0, 19.370995150000, -2.937000000e-11, 0
0.443054560638, 2.25534e-15, 0, 3110000.0, 1.01e+12, 1.0e+33, 0, 0, 2.257058359945, -1.148942000e-14, -1.2000000e-26
1.35874531269, 2.22e-16, 0, 97000000.0, 5.56e+11, 3.5e+30, 0, 0, 0.735973100080, -1.200000000e-16, 0
0.05976735798455, 1.576e-19, 0, 6010000000.0, 3.11e+09, 2.9e+31, 0, 0, 16.731540990294, -4.412000000e-17, 0
0.00690754939292, 9.6e-21, 1, 11400000000.0, 2.61e+08, 1.1e+33, 0, 0, 144.769142154060, -2.010000000e-16, 0
0.16273385299, 9.7034e-14, 0, 26600.0, 4.02e+12, 8.9e+35, 0, 0, 6.145002908900, -3.664100000e-12, 1.1000000e-22
0.1399345, 1.5358e-14, 0, 144000.0, 1.48e+12, 2.2e+35, 0, 0, 7.146200000000, -7.843000000e-13, 0
0.00218669977155, 6.64e-21, 1, 5220000000.0, 1.22e+08, 2.5e+34, 0, 0, 457.310149755900, -1.388000000e-15, 0
1.664500786185, 4.82385e-15, 0, 5470000.0, 2.87e+12, 4.1e+31, 0, 0, 0.600780731556, -1.741110000e-15, -1.2000000e-27
0.596799464458, 1.125e-16, 0, 84100000.0, 2.62e+11, 2.1e+31, 0, 0, 1.675604720772, -3.159000000e-16, 0
0.477233119123, 6.5935e-16, 0, 11500000.0, 5.68e+11, 2.4e+32, 0, 0, 2.095411990345, -2.895050000e-15, 3.5000000e-26
0.792235920118, 6.65e-17, 0, 189000000.0, 2.32e+11, 5.3e+30, 0, 0, 1.262250264859, -1.060000000e-16, 0
0.368246454342, 5.75295e-15, 0, 1010000.0, 1.47e+12, 4.5e+33, 0, 0, 2.715572650350, -4.242420000e-14, -8.1000000e-26
6.9790709703, 4.7123e-13, 0, 235000.0, 5.80e+13, 5.5e+31, 0, 0, 0.143285546780, -9.674800000e-15, 0
0.00519232464641, 1.33e-20, 1, 6190000000.0, 2.66e+08, 3.8e+33, 0, 0, 192.591963734600, -4.930000000e-16, 0
1.20640428819, 2.04e-15, 0, 9370000.0, 1.59e+12, 4.6e+31, 0, 0, 0.828909520456, -1.402000000e-15, 0
1.575886338359, 2.8925e-15, 0, 8630000.0, 2.16e+12, 2.9e+31, 0, 0, 0.634563531429, -1.164725000e-15, 2.1200000e-27
1.066371071565, 5.6909e-16, 1, 29700000.0, 7.88e+11, 1.9e+31, 0, 0, 0.937759872398, -5.004500000e-16, 0
0.535828895432, 8.7e-18, 0, 976000000.0, 6.91e+10, 2.2e+30, 0, 0, 1.866267400890, -3.000000000e-17, 0
0.4750676748022, 1.99491e-16, 0, 37700000.0, 3.12e+11, 7.3e+31, 0, 0, 2.104963256901, -8.839200000e-16, -4.2000000e-27
0.3494336821331, 1.123699e-16, 0, 49300000.0, 2.01e+11, 1.0e+32, 0, 0, 2.861773352516, -9.202810000e-16, 5.8000000e-27
0.00344525107102, 2.42e-21, 1, 22600000000.0, 9.24e+07, 2.3e+33, 0, 0, 290.254608266681, -2.039000000e-16, 0
1.444653102317, 1.047047e-15, 0, 21900000.0, 1.24e+12, 1.4e+31, 0, 0, 0.692207699133, -5.016940000e-16, -1.7000000e-28
0.21601827884014, 1.632e-16, 0, 21000000.0, 1.90e+11, 6.4e+32, 0, 0, 4.629237883800, -3.497000000e-15, 0
2.256488426824, 7.03689e-15, 0, 5080000.0, 4.03e+12, 2.4e+31, 0, 0, 0.443166465253, -1.382020000e-15, -1.0600000e-27
0.00480842820984, 9.7e-21, 0, 7850000000.0, 2.19e+08, 3.4e+33, 0, 0, 207.968166802197, -4.195000000e-16, 0
2.3474860533, 2.586e-15, 0, 14400000.0, 2.49e+12, 7.9e+30, 0, 0, 0.425987621350, -4.693000000e-16, 0
0.868735115025, 1.0287e-15, 0, 13400000.0, 9.57e+11, 6.2e+31, 0, 0, 1.151098859370, -1.363000000e-15, 0
1.436309536149, 2.82546e-15, 0, 8050000.0, 2.04e+12, 3.8e+31, 0, 0, 0.696228754897, -1.369600000e-15, 6.9000000e-28
0.2336519694946, 3.525632e-16, 0, 10500000.0, 2.90e+11, 1.1e+33, 0, 0, 4.279869765973, -6.458000000e-15, 2.9000000e-27
1.643622185327, 4.63038e-15, 0, 5620000.0, 2.79e+12, 4.1e+31, 0, 0, 0.608412327923, -1.714007000e-15, 3.4000000e-29
0.756899382059, 1.1761e-15, 0, 10200000.0, 9.55e+11, 1.1e+32, 0, 0, 1.321179569839, -2.052900000e-15, 0
0.495369868028, 1.934498e-13, 0, 40600.0, 9.91e+12, 6.3e+34, 0, 0, 2.018693635890, -7.883320000e-13, 1.4460000e-23
0.00288422674155, 1.4102e-20, 1, 3240000000.0, 2.04e+08, 2.3e+34, 0, 0, 346.713379220510, -1.695200000e-15, 0
1.181463382967, 1.36305e-15, 0, 13700000.0, 1.28e+12, 3.3e+31, 0, 0, 0.846407950019, -9.765000000e-16, -1.1000000e-27
0.944783886655, 1.626279e-14, 0, 920000.0, 3.97e+12, 7.6e+32, 0, 0, 1.058443115007, -1.821923000e-14, 2.4000000e-26
