T [K], logg, M [Msun], GMAG, plx [mas]
5966.81, 8.437169, 0.871187, 14.70221, 14.8631
6338.31, 8.02144, 0.602328, 13.83718, 20.6921
5100.09, 8.02276, 0.594415, 14.80393, 16.6556
8530.44, 8.213624, 0.729164, 13.05457, 14.7786
6399.11, 8.437497, 0.872552, 14.42174, 19.8745
7199.76, 8.501454, 0.916223, 14.11682, 10.5887
7842.13, 8.113416, 0.663564, 13.19488, 14.902
12729.22, 8.810461, 1.107213, 12.94283, 10.909
5834.07, 8.04252, 0.612697, 14.21281, 14.0409
13405.01, 9.0745, 1.228636, 13.36944, 18.1442
5411.91, 8.046592, 0.612043, 14.55681, 13.3707
5271.99, 7.79245, 0.464737, 14.35634, 11.0502
12169.27, 8.276595, 0.777704, 12.10519, 10.7824
16017.65, 8.759393, 1.082252, 12.48565, 31.9335
7014.03, 8.106789, 0.657262, 13.59541, 11.7789
4720.54, 7.797221, 0.461846, 14.91115, 12.2341
4401.8, 8.400481, 0.84177, 16.04158, 17.0029
6527.7, 7.806374, 0.481236, 13.43438, 33.9367
13376.68, 8.074788, 0.653236, 11.67321, 10.651
6086.42, 8.228299, 0.732458, 14.32737, 10.3059
6507.79, 7.916901, 0.541556, 13.63005, 10.7559
10103.8, 7.978033, 0.587816, 12.12625, 15.156
5123.14, 7.976655, 0.566558, 14.73616, 15.8126
6249.18, 8.055278, 0.622636, 13.97467, 10.8009
19302.36, 8.001042, 0.622704, 10.90622, 10.3071
5918.86, 8.183125, 0.702214, 14.37639, 10.9779
4845.7, 8.351167, 0.808942, 15.55713, 10.7996
6138.78, 8.111406, 0.657193, 14.12218, 10.3515
7110.37, 8.440814, 0.876137, 14.0485, 20.4827
6269.09, 8.098708, 0.649746, 14.02216, 10.334
5156.52, 7.717766, 0.439976, 14.3458, 11.0124
7615.14, 7.972252, 0.577147, 13.12728, 10.2226
7466.55, 8.47307, 0.897998, 13.95853, 10.3882
6919.82, 8.09369, 0.64879, 13.64015, 10.9976
12555.68, 8.233217, 0.750495, 11.99266, 16.367
4997.02, 7.794724, 0.462636, 14.6334, 14.1246
7982.8, 8.448972, 0.88296, 13.66683, 15.3582
4730.69, 8.108657, 0.646791, 15.31676, 10.4064
5586.18, 8.115383, 0.656705, 14.52376, 13.3891
4977.38, 8.177791, 0.692758, 15.15539, 15.9399
9807.84, 7.969368, 0.581914, 12.23992, 10.7691
3856.9, 7.669211, 0.411243, 15.5686, 12.7401
12861.89, 8.624583, 1.001325, 12.59904, 11.311
4881.57, 8.003259, 0.581012, 15.00058, 14.5752
13498.72, 8.096544, 0.6667, 11.66278, 16.7686
10934.32, 8.029809, 0.62064, 11.96963, 12.5137
7496.12, 8.319201, 0.796241, 13.668, 12.7751
6172.86, 7.870745, 0.514154, 13.74806, 13.666
5875.29, 8.06653, 0.627768, 14.21715, 12.226
5629.24, 7.787489, 0.474774, 14.02245, 10.2098
5980.52, 8.127392, 0.666607, 14.21804, 25.7018
4201.91, 7.646047, 0.4025, 15.20417, 12.4007
6169.86, 8.002414, 0.590112, 13.92703, 12.5
4985.19, 7.934718, 0.540568, 14.80685, 16.8249
4623.47, 7.864478, 0.498166, 15.07629, 26.3153
5332.13, 7.822636, 0.481468, 14.33081, 15.3897
5535.38, 8.056101, 0.619069, 14.47367, 10.1248
5257.04, 8.008099, 0.586809, 14.64318, 21.5043
4977.43, 8.000069, 0.579625, 14.89767, 12.2637
5977.52, 7.223122, 0.272885, 12.97671, 11.4171
4871.63, 7.997626, 0.577514, 15.00274, 12.2337
10318.87, 8.689228, 1.0372, 13.24911, 13.4915
5941.83, 8.445555, 0.876693, 14.7506, 10.659
8282.82, 8.409989, 0.857744, 13.45466, 29.5091
6326.98, 8.094716, 0.647469, 13.96333, 10.7607
5406.27, 8.374516, 0.826625, 15.04976, 14.3278
7184.41, 8.024125, 0.60675, 13.39102, 11.6325
4892.71, 7.956368, 0.552727, 14.94176, 10.6769
4441.18, 7.735383, 0.441994, 15.09235, 12.9841
5254.17, 7.843037, 0.49145, 14.44513, 10.9087
5584.95, 8.139607, 0.672184, 14.55133, 16.9523
5249.15, 7.996765, 0.579854, 14.6524, 11.8359
10345.9, 8.405819, 0.858556, 12.7466, 13.4265
5092.18, 7.964687, 0.559141, 14.76569, 10.7874
6612.02, 8.166602, 0.694165, 13.9075, 12.4309
21623.36, 7.980938, 0.616723, 10.65378, 12.2632
7768.22, 8.357085, 0.821852, 13.60595, 19.2803
6222.1, 8.100679, 0.650791, 14.04475, 13.1034
4538.34, 8.052703, 0.610521, 15.41907, 17.1783
4277.4, 7.670268, 0.413082, 15.16953, 13.3289
5835.81, 8.177257, 0.69801, 14.40343, 14.7284
5025.83, 7.759931, 0.457344, 14.52343, 12.6368
6283.02, 8.469244, 0.893339, 14.56298, 11.5754
7399.01, 8.386833, 0.840883, 13.83077, 12.2856
20299.47, 8.779112, 1.096131, 12.11564, 12.1681
10949.51, 8.272733, 0.772818, 12.33934, 22.1782
4793.71, 7.958545, 0.553501, 15.03882, 16.3658
4849.61, 7.792346, 0.470905, 14.75606, 11.5514
6041.41, 7.412771, 0.332049, 13.1889, 14.021
4574.77, 7.913569, 0.526057, 15.19528, 22.0848
5168.52, 7.75536, 0.456913, 14.37809, 13.824
5397.44, 8.104853, 0.648385, 14.66896, 11.0241
12561.24, 8.276409, 0.778284, 12.0539, 11.7143
5076.31, 8.047293, 0.609454, 14.88354, 12.769
4583.6, 8.109831, 0.647131, 15.46848, 10.76
10181.59, 8.652568, 1.01515, 13.24372, 11.1075
13323.87, 8.089202, 0.661862, 11.70153, 10.0602
5568.56, 8.180089, 0.698256, 14.62225, 16.02
13064.75, 8.077245, 0.654058, 11.70589, 13.8006
14669.09, 8.361361, 0.836627, 11.9318, 24.0981
7277.85, 8.338809, 0.808804, 13.78724, 27.0783
4785.23, 7.806708, 0.467285, 14.87188, 10.3651
5015.15, 8.152565, 0.67638, 15.09004, 12.7806
4664.45, 8.092571, 0.636244, 15.36166, 11.2554
10177.86, 7.9407, 0.566541, 12.07802, 10.6114
6532.82, 8.193236, 0.711129, 13.99938, 10.1898
5775.66, 8.364539, 0.821916, 14.75742, 10.8352
7954.6, 8.186392, 0.710248, 13.28121, 11.0377
4810.53, 8.268695, 0.752963, 15.46181, 11.7671
7392.16, 8.348969, 0.815763, 13.78216, 12.8744
6999.64, 8.33573, 0.806188, 13.95421, 11.7065
8318.69, 8.21391, 0.728863, 13.14677, 18.5241
8285.48, 7.945199, 0.563494, 12.76989, 18.367
5129.08, 7.896524, 0.519751, 14.64188, 11.9572
5235.47, 8.04906, 0.611808, 14.73544, 13.4539
8705.79, 7.987503, 0.589353, 12.67586, 10.4272
7626.62, 8.17701, 0.703459, 13.39826, 16.9575
6965.23, 8.161382, 0.691812, 13.6774, 52.9577
5539.41, 8.054587, 0.618162, 14.4768, 13.1056
5979.78, 8.09269, 0.644648, 14.19603, 12.4067
5131.37, 8.238618, 0.733855, 15.10544, 11.7345
15424.96, 8.37154, 0.844325, 11.85959, 19.9856
4859.51, 8.035477, 0.600822, 15.08204, 11.896
8365.05, 7.776449, 0.47231, 12.52555, 10.0245
5076.3, 8.241896, 0.73579, 15.16736, 10.2434
12984.79, 7.990745, 0.602609, 11.56034, 29.3167
4607.16, 7.747341, 0.448049, 14.93812, 18.2326
6292.49, 8.107118, 0.655132, 14.00969, 12.3752
11761.99, 8.408343, 0.862625, 12.39387, 16.7628
12243.59, 8.065966, 0.645476, 11.78937, 11.0059
4957.78, 8.180384, 0.694387, 15.18428, 12.0577
4998.43, 7.748807, 0.451613, 14.55271, 10.5242
4964.77, 8.179574, 0.693881, 15.15233, 34.3308
6394.07, 8.23068, 0.735132, 14.13741, 11.0391
6506.79, 8.016402, 0.599949, 13.7446, 15.6808
6032.69, 8.112761, 0.657559, 14.182, 15.5555
4755.51, 7.323315, 0.280621, 14.2562, 12.6722
4927.75, 7.933628, 0.539506, 14.88748, 11.1295
5353.3, 7.792091, 0.465592, 14.2893, 12.6518
5092.01, 8.021514, 0.593587, 14.84209, 11.5017
5162.52, 7.990577, 0.575285, 14.72464, 14.4655
4737.6, 7.645865, 0.405088, 14.68029, 10.9174
7497.61, 8.473667, 0.89844, 13.9441, 10.6533
6076.85, 8.683863, 1.029511, 15.06241, 19.5372
18204.96, 9.029713, 1.212772, 12.83181, 14.0311
4377.15, 7.586555, 0.378525, 14.97483, 11.2571
6777.15, 8.214833, 0.725905, 13.85669, 27.6734
12205.62, 8.662007, 1.023093, 12.76291, 12.4044
5668.82, 8.152251, 0.680883, 14.48343, 25.9143
5088.98, 8.144125, 0.671281, 15.00682, 12.0728
8924.45, 8.480727, 0.905229, 13.36391, 10.4733
5255.82, 8.277803, 0.76074, 15.03975, 14.6267
5783.56, 8.032964, 0.606536, 14.23712, 22.2334
8117.29, 8.039038, 0.618438, 12.97445, 15.1969
6187.6, 8.038711, 0.612195, 13.97298, 16.0002
12569.11, 8.305266, 0.796961, 12.10177, 12.1613
5674.4, 8.232224, 0.733158, 14.61517, 14.5074
5323.58, 8.0673, 0.624002, 14.67207, 17.2612
4335.42, 7.788189, 0.465336, 15.26112, 23.7788
10965.04, 8.405246, 0.859273, 12.58212, 11.417
9304.99, 7.53266, 0.391782, 11.72345, 15.0395
7692.96, 8.076459, 0.640157, 13.22795, 12.4578
14130.75, 8.429781, 0.880011, 12.13367, 10.0688
18184.9, 7.872532, 0.549975, 10.79461, 20.7849
17945.53, 7.953075, 0.592742, 10.95537, 11.5654
5291.44, 8.342857, 0.804749, 15.11738, 12.602
12340.63, 7.974659, 0.591795, 11.6429, 11.3961
6611.66, 8.332945, 0.803436, 14.14786, 15.0321
4324.51, 7.778849, 0.460926, 15.27644, 13.0519
5317.19, 8.115353, 0.654323, 14.76229, 10.8977
7361.8, 8.306739, 0.787727, 13.73611, 10.4862
6828.81, 8.245935, 0.746405, 13.90571, 11.0868
13734.46, 8.160423, 0.706635, 11.73676, 17.9208
6666.4, 8.305336, 0.785227, 14.08383, 12.4419
18721.47, 9.330526, 1.311573, 13.44967, 10.1642
5655.25, 8.228246, 0.730419, 14.61582, 18.3851
18700.46, 7.978044, 0.608389, 10.92745, 10.3632
6190.47, 7.278933, 0.28978, 12.90685, 15.8512
7580.31, 8.529546, 0.935069, 13.99363, 11.5582
12865.75, 8.303368, 0.79624, 12.0672, 10.1216
12551.15, 8.228316, 0.74735, 11.95035, 35.3986
7117.19, 8.439021, 0.874962, 14.03143, 48.1773
5590.12, 7.820138, 0.482751, 14.12348, 13.2608
8057.78, 8.492874, 0.911891, 13.71017, 15.6032
11811.19, 8.440617, 0.883689, 12.4488, 11.5876
8626.0, 8.542488, 0.944839, 13.58624, 10.8944
6758.51, 8.318844, 0.794424, 14.04591, 17.8112
12317.58, 8.038848, 0.629364, 11.70414, 37.7735
5672.37, 7.946477, 0.55402, 14.20391, 22.0808
21711.36, 7.982932, 0.61803, 10.66384, 10.4106
4067.41, 7.827455, 0.475921, 15.58844, 25.2941
7296.23, 8.332757, 0.804828, 13.81168, 10.2083
6021.25, 8.098411, 0.648448, 14.163, 14.7779
21966.14, 7.914726, 0.58174, 10.52379, 11.4582
6257.02, 8.073486, 0.633937, 13.984, 11.7284
6673.86, 8.157569, 0.688553, 13.85993, 11.1785
5231.46, 8.010201, 0.587837, 14.68614, 13.3168
5513.16, 7.792176, 0.476845, 14.12853, 13.6574
5068.38, 7.953261, 0.552157, 14.76361, 11.3754
4081.69, 7.916345, 0.526348, 15.6813, 18.9576
4328.7, 8.200173, 0.705965, 15.81639, 19.963
6270.86, 8.262802, 0.755897, 14.24371, 17.5044
7583.49, 8.442873, 0.878288, 13.83679, 15.0892
4400.33, 7.672514, 0.414526, 15.05457, 11.93
7452.17, 8.107427, 0.658813, 13.38551, 11.459
7973.24, 8.441216, 0.877836, 13.65203, 15.4753
5746.3, 8.292068, 0.773288, 14.64951, 11.8168
23770.8, 7.67145, 0.506605, 9.91541, 11.9834
5674.73, 7.771934, 0.467712, 13.9729, 10.7825
5308.73, 8.116058, 0.654701, 14.74657, 15.9967
6831.54, 8.101703, 0.653558, 13.67435, 16.1033
9766.5, 8.376252, 0.83811, 12.84634, 26.1474
4882.85, 8.200717, 0.707588, 15.26014, 30.9887
4593.76, 7.750214, 0.449194, 14.94539, 15.0909
7966.14, 8.006901, 0.598683, 12.98346, 14.7544
9070.16, 8.396711, 0.850306, 13.14184, 14.8697
5567.47, 8.123241, 0.661578, 14.52313, 31.3372
6609.43, 8.106724, 0.656034, 13.80309, 23.6988
6614.93, 8.1341, 0.673376, 13.84005, 17.852
9307.99, 8.065294, 0.63768, 12.53892, 13.9931
7770.33, 8.302195, 0.785542, 13.52854, 13.4257
5782.9, 8.531471, 0.932962, 15.01059, 11.7925
6972.42, 8.460577, 0.888966, 14.16971, 11.2912
6926.62, 8.169337, 0.696822, 13.73869, 12.4219
8540.34, 7.92948, 0.555271, 12.63548, 26.726
6837.64, 8.412394, 0.856793, 14.1596, 11.1693
5342.85, 7.923676, 0.537757, 14.46037, 12.2363
6812.65, 8.162498, 0.692118, 13.78134, 14.3583
4982.07, 7.992716, 0.575179, 14.90279, 11.7719
4420.32, 7.819506, 0.472553, 15.23724, 25.9862
11967.99, 8.049393, 0.634891, 11.80073, 14.3113
7034.34, 8.308077, 0.787921, 13.89381, 10.1507
4729.52, 7.858173, 0.495118, 14.95716, 35.1148
5068.67, 7.933641, 0.540614, 14.72965, 13.0836
18382.28, 7.791598, 0.509699, 10.68886, 11.4099
4193.78, 7.657452, 0.407276, 15.24599, 11.8725
5182.62, 7.963181, 0.55905, 14.6511, 23.6325
6101.49, 8.21428, 0.723314, 14.2895, 10.859
4495.96, 7.815413, 0.470611, 15.16431, 10.1759
7626.91, 8.422861, 0.865141, 13.78388, 11.1993
6246.59, 8.273555, 0.762936, 14.27499, 11.096
5713.55, 7.963839, 0.564505, 14.19692, 13.3904
6153.51, 8.196256, 0.711746, 14.21838, 12.0346
17160.34, 7.968204, 0.599385, 11.05989, 11.3491
4666.83, 7.992791, 0.573691, 15.20741, 10.7491
9421.9, 8.488919, 0.911278, 13.16439, 21.7209
5383.5, 7.915274, 0.533403, 14.41295, 12.9249
4285.12, 7.802803, 0.463091, 15.34329, 27.4508
5076.36, 8.060411, 0.617666, 14.8939, 12.3155
23115.37, 9.179578, 1.268131, 12.72639, 11.7119
5211.06, 8.006914, 0.58564, 14.69385, 13.1508
11695.16, 8.263728, 0.76849, 12.16462, 21.0901
5029.45, 8.066496, 0.621185, 14.94755, 11.5147
4847.27, 7.788327, 0.468971, 14.74153, 11.3051
7197.03, 8.375536, 0.833016, 13.89788, 19.5023
8592.6, 7.899836, 0.538732, 12.60091, 10.0494
5541.11, 8.488513, 0.903612, 15.12183, 19.0142
6655.39, 7.914614, 0.540813, 13.52228, 11.9247
9164.85, 8.291584, 0.781367, 12.91823, 37.7158
7975.35, 8.596623, 0.978276, 13.93729, 10.3406
7996.74, 8.211512, 0.726582, 13.27241, 18.8552
11561.34, 8.674832, 1.030014, 12.89447, 16.8188
15325.04, 8.006781, 0.617302, 11.31846, 12.7047
8925.6, 7.870077, 0.523349, 12.40401, 13.9135
6154.93, 8.074316, 0.634008, 14.04468, 12.9493
5393.73, 8.497244, 0.908825, 15.28362, 10.2902
3905.61, 7.438491, 0.316157, 15.25509, 14.8218
4086.02, 7.736942, 0.441089, 15.44533, 13.2893
4976.06, 7.845272, 0.489664, 14.71009, 16.1621
9051.25, 8.360231, 0.826255, 13.09576, 13.5349
5178.69, 7.794461, 0.475158, 14.42105, 14.8175
5828.17, 7.988564, 0.579932, 14.16035, 11.3251
6207.81, 7.981731, 0.577943, 13.88158, 13.71
6574.84, 8.313725, 0.790562, 14.1571, 10.7799
7476.35, 7.904122, 0.537621, 13.08247, 11.9815
5037.76, 7.827367, 0.480487, 14.64148, 10.7572
7279.53, 7.672062, 0.432992, 12.85194, 10.5112
16931.41, 7.480096, 0.40701, 10.2695, 25.5865
3761.25, 7.508037, 0.343607, 15.44495, 26.1285
5755.62, 7.696693, 0.436746, 13.81022, 10.2605
4773.45, 8.01339, 0.586752, 15.13125, 16.7576
10941.31, 7.961986, 0.580935, 11.88795, 11.1865
5637.75, 8.0379, 0.608587, 14.36553, 11.8739
7626.71, 8.227117, 0.735923, 13.47039, 16.9248
5077.78, 8.0199, 0.592486, 14.84407, 10.3919
9873.44, 8.558277, 0.956488, 13.1574, 11.0888
5594.58, 7.818727, 0.482038, 14.11795, 11.6781
4836.19, 7.914722, 0.527892, 14.94677, 10.6766
5546.89, 8.193875, 0.707096, 14.66879, 11.1078
7044.48, 8.238421, 0.742009, 13.78158, 11.1305
6137.13, 7.949168, 0.558451, 13.87486, 20.0905
4809.06, 7.840133, 0.485567, 14.88245, 12.0068
11331.04, 8.010248, 0.610084, 11.86994, 11.3899
9242.44, 8.486608, 0.909518, 13.22631, 20.6946
4900.06, 8.146105, 0.671659, 15.19516, 10.8388
5332.31, 7.855836, 0.499454, 14.38294, 14.5271
6241.17, 7.973394, 0.57316, 13.85787, 10.2061
5763.27, 8.051185, 0.617617, 14.29365, 10.1785
4685.44, 7.874458, 0.504056, 15.04307, 14.5314
5296.11, 8.182399, 0.697574, 14.86107, 13.5765
8036.25, 7.826079, 0.496904, 12.7284, 10.6639
5555.91, 8.134708, 0.668828, 14.56856, 15.0061
5797.49, 7.943258, 0.553007, 14.12108, 10.3628
6450.01, 8.393947, 0.843684, 14.33925, 12.5504
5200.47, 7.929958, 0.539706, 14.59058, 21.5239
5562.85, 8.172606, 0.693345, 14.60832, 18.9835
4988.79, 8.140982, 0.668698, 15.09617, 11.3419
6463.19, 8.041489, 0.615027, 13.81648, 10.7866
7902.49, 8.003108, 0.596235, 13.02875, 10.6036
6793.36, 7.955317, 0.5647, 13.50364, 13.2132
6179.27, 8.000528, 0.589025, 13.91588, 20.6579
5536.02, 8.09928, 0.646119, 14.52297, 22.0878
9166.12, 8.551761, 0.951472, 13.38164, 14.4068
14885.18, 9.204545, 1.273783, 13.51794, 11.4936
6660.12, 8.859028, 1.128337, 15.04858, 13.325
5283.89, 7.874853, 0.509351, 14.4404, 20.8008
10274.88, 7.980983, 0.59003, 12.07672, 21.0854
6141.19, 8.14483, 0.678469, 14.16143, 10.2866
7018.76, 7.866819, 0.515419, 13.27137, 10.6432
5033.98, 7.908522, 0.525754, 14.72408, 18.2983
7700.92, 9.336248, 1.311392, 15.56474, 10.5416
5227.35, 7.73257, 0.447445, 14.2969, 10.0377
8986.86, 8.005156, 0.600586, 12.5815, 11.0108
15657.58, 7.687495, 0.462837, 10.78558, 20.4277
14255.24, 8.660601, 1.024359, 12.50403, 11.1534
13225.61, 8.527935, 0.941816, 12.37763, 10.4683
6453.87, 8.03492, 0.610981, 13.81139, 11.3851
6649.76, 8.0602, 0.627178, 13.72552, 13.1075
5553.19, 7.997067, 0.583111, 14.35585, 47.9289
5224.31, 8.357986, 0.814667, 15.18404, 21.4651
4479.14, 8.15873, 0.678778, 15.63009, 11.1388
4778.65, 7.813406, 0.470842, 14.85264, 35.5168
5416.58, 8.104987, 0.648659, 14.64359, 13.379
5338.45, 7.906438, 0.527828, 14.44155, 12.8972
7966.95, 8.183431, 0.708371, 13.26291, 10.442
4871.66, 7.219967, 0.253135, 13.98102, 12.6557
5484.89, 8.170909, 0.691627, 14.67866, 14.4115
7217.41, 8.245155, 0.746828, 13.69627, 11.9718
14790.54, 8.415397, 0.871672, 12.0226, 13.1911
10302.74, 9.387971, 1.327443, 14.77333, 10.1557
7696.46, 7.682467, 0.438254, 12.66093, 10.3435
9788.86, 8.034211, 0.62015, 12.32262, 13.121
6204.7, 8.095754, 0.647624, 14.05022, 10.3945
6985.04, 7.563081, 0.392448, 12.79871, 35.8824
9897.95, 7.949501, 0.570727, 12.16507, 11.6242
7122.35, 8.036322, 0.613967, 13.41578, 30.2448
13429.85, 8.269923, 0.775635, 11.93415, 13.5428
8395.83, 7.923098, 0.551211, 12.68409, 17.0322
5133.04, 8.218808, 0.72066, 15.06543, 12.9337
5419.58, 8.126396, 0.662328, 14.67798, 10.0446
4522.25, 7.72789, 0.439274, 14.9982, 14.2639
15089.25, 7.924034, 0.570008, 11.23445, 10.2244
11052.76, 8.291504, 0.785221, 12.35714, 13.738
5931.48, 8.243219, 0.741682, 14.43967, 12.9958
12371.15, 8.012668, 0.613985, 11.69231, 11.4123
4144.9, 7.517876, 0.349223, 15.12396, 10.5059
6738.2, 7.872256, 0.517424, 13.42871, 10.9286
11587.07, 8.047281, 0.63274, 11.86483, 14.4783
4933.74, 7.96044, 0.555415, 14.88911, 19.4527
6839.8, 8.307789, 0.787282, 13.98485, 11.8222
5670.54, 8.00797, 0.59057, 14.29686, 12.0956
7281.73, 7.940636, 0.557757, 13.22459, 13.7798
5294.21, 7.948845, 0.551807, 14.54781, 10.2584
5667.57, 7.959468, 0.561598, 14.22285, 28.0065
6004.1, 7.971029, 0.570546, 14.00341, 12.8422
12303.08, 8.111397, 0.673326, 11.839, 11.4359
7618.84, 7.997771, 0.592219, 13.1446, 12.0465
8416.48, 7.9457, 0.564176, 12.7168, 16.7409
4875.28, 7.666786, 0.414936, 14.5578, 10.1886
6571.68, 7.954136, 0.563241, 13.61124, 27.0061
6372.77, 8.351906, 0.81546, 14.30413, 23.5681
5150.61, 8.322253, 0.790205, 15.20472, 16.2068
5502.48, 7.999221, 0.583994, 14.42251, 13.7546
4954.52, 8.04377, 0.606474, 14.98161, 19.2503
8729.84, 8.40476, 0.855041, 13.28116, 22.9977
14635.19, 8.506567, 0.929969, 12.19682, 10.515
8913.03, 8.230839, 0.741198, 12.93833, 13.9535
8193.27, 8.033388, 0.615239, 12.93455, 12.2987
23987.19, 8.330264, 0.830409, 11.00939, 11.287
4609.35, 7.558452, 0.368038, 14.69146, 10.0355
5411.16, 8.018993, 0.595095, 14.53543, 10.6951
6958.79, 8.384839, 0.838729, 14.05359, 12.731
6047.86, 8.146544, 0.679156, 14.23429, 11.2799
4981.78, 8.062515, 0.618388, 15.001, 10.073
5493.02, 7.982263, 0.57373, 14.39918, 22.4522
4661.29, 7.80954, 0.478077, 14.97296, 11.6084
6789.69, 8.045804, 0.618777, 13.63596, 11.2535
6288.99, 8.086475, 0.642161, 13.9736, 15.6737
6959.35, 8.088072, 0.645392, 13.60467, 10.9688
5533.91, 8.022267, 0.598238, 14.40819, 57.4718
5487.57, 8.136576, 0.669479, 14.62713, 15.919
11343.27, 7.843094, 0.516486, 11.61283, 20.7244
13666.94, 7.898495, 0.552466, 11.38492, 13.5564
6154.95, 8.176049, 0.698628, 14.18671, 15.495
7668.34, 8.233051, 0.739886, 13.46119, 16.4261
5295.22, 8.059704, 0.618985, 14.69249, 10.5443
21143.23, 8.173725, 0.728452, 10.97461, 19.3859
7513.13, 8.312138, 0.791601, 13.65736, 11.9596
10850.41, 8.238614, 0.750536, 12.33079, 11.3228
4817.49, 7.875252, 0.505181, 14.8999, 20.1047
5894.87, 8.204189, 0.71585, 14.39915, 23.2368
6023.43, 8.244576, 0.742944, 14.3866, 10.256
10917.77, 8.415697, 0.866012, 12.60414, 12.154
8124.28, 7.970393, 0.577607, 12.88322, 11.1151
6336.09, 8.295015, 0.777467, 14.25985, 11.032
9588.77, 8.362073, 0.828467, 12.90272, 15.2987
4854.1, 8.064826, 0.619224, 15.12797, 10.9051
8285.7, 8.013665, 0.603658, 12.87385, 10.5485
7138.97, 8.288343, 0.775094, 13.8096, 10.0296
4807.86, 8.197695, 0.705366, 15.35634, 10.2363
5371.64, 8.098187, 0.643907, 14.67337, 14.4612
5009.6, 7.897725, 0.519357, 14.74191, 16.5762
4987.9, 7.865224, 0.500819, 14.7219, 16.1993
6669.41, 8.212497, 0.724081, 13.95138, 10.1204
4988.44, 8.070323, 0.623353, 14.98281, 19.7713
4763.97, 8.042382, 0.604746, 15.16146, 29.3475
5381.95, 8.019408, 0.595034, 14.57202, 10.7095
6526.72, 8.046227, 0.618164, 13.79296, 10.465
4842.79, 8.019686, 0.59094, 15.08563, 10.2298
6417.11, 8.044111, 0.616454, 13.83689, 14.348
5632.68, 8.258295, 0.750185, 14.70398, 10.0806
8272.36, 9.42151, 1.337933, 15.52374, 12.6459
7102.75, 7.508289, 0.37347, 12.69466, 11.3397
3989.95, 7.725784, 0.435687, 15.51006, 23.5449
6530.85, 8.263863, 0.757398, 14.09824, 13.0654
7865.16, 7.969564, 0.576336, 12.98551, 16.1154
4800.47, 7.479944, 0.337279, 14.40512, 10.1125
6311.3, 7.884915, 0.522694, 13.69722, 13.2708
7844.44, 8.35202, 0.818643, 13.58773, 10.1627
7990.81, 8.345919, 0.814884, 13.5138, 10.7035
6665.37, 8.202593, 0.717618, 13.93746, 10.8121
6846.67, 7.575162, 0.396058, 12.93655, 10.3222
6603.74, 8.349878, 0.814686, 14.19773, 11.7093
5721.89, 8.521763, 0.926375, 15.04502, 13.1334
5930.07, 8.357664, 0.817937, 14.63433, 10.5835
6427.44, 8.563229, 0.955056, 14.65147, 10.4015
9445.9, 8.102353, 0.660846, 12.55531, 12.6668
8232.31, 8.577114, 0.96635, 13.803, 10.8855
5055.3, 7.96874, 0.561264, 14.7979, 13.9852
4512.32, 7.862448, 0.496602, 15.21145, 12.5182
5282.59, 8.095241, 0.641225, 14.76552, 11.954
26379.97, 7.761538, 0.518204, 9.92518, 10.1413
4364.49, 7.534804, 0.357067, 14.91976, 12.9223
6924.62, 8.294228, 0.778498, 13.91934, 15.502
9158.62, 8.053256, 0.62995, 12.59438, 10.5867
7394.25, 8.118142, 0.665404, 13.42788, 13.9073
4862.47, 7.827175, 0.478841, 14.81171, 13.5994
4679.86, 7.742853, 0.446765, 14.86537, 14.3997
6524.61, 8.316683, 0.792398, 14.17513, 16.7551
4777.2, 8.213783, 0.716005, 15.42153, 10.5319
5674.4, 8.392337, 0.84008, 14.87227, 12.8677
16643.32, 7.971106, 0.59985, 11.13184, 10.5572
4702.2, 7.947058, 0.546249, 15.13363, 10.5432
4948.71, 8.312396, 0.782864, 15.3983, 10.5048
12516.78, 8.82433, 1.114341, 13.02268, 16.4366
11937.05, 8.30109, 0.793143, 12.21213, 10.1625
17334.86, 7.874864, 0.549036, 10.90681, 13.7537
6590.87, 7.862116, 0.511313, 13.50713, 10.7885
7448.94, 8.162533, 0.693753, 13.46741, 12.9903
4556.12, 7.977108, 0.563774, 15.31963, 10.0625
5018.96, 8.060674, 0.617453, 14.95786, 12.7873
5732.54, 7.960218, 0.562503, 14.19374, 15.1037
11205.73, 7.871989, 0.531494, 11.69354, 16.0504
4688.46, 7.888163, 0.511856, 15.07678, 10.4914
4755.12, 8.230524, 0.727153, 15.45956, 14.1247
5509.3, 8.09401, 0.642577, 14.56456, 10.8267
6208.83, 7.872287, 0.515189, 13.75631, 11.217
5728.3, 8.215642, 0.72253, 14.56472, 11.552
5571.49, 8.066602, 0.625873, 14.47341, 11.353
5289.99, 7.955453, 0.555641, 14.54903, 12.851
6383.44, 8.103749, 0.653359, 13.93757, 14.8058
8885.7, 7.951451, 0.568874, 12.52253, 19.7288
7071.31, 8.2854, 0.772997, 13.83957, 10.3706
5520.23, 7.970822, 0.567151, 14.3698, 15.7663
14262.69, 8.182041, 0.721205, 11.72479, 13.3376
4887.69, 7.71998, 0.43806, 14.61487, 10.4186
6190.93, 8.047973, 0.617887, 13.98281, 16.2437
6067.41, 7.845508, 0.499785, 13.78617, 18.9677
19825.01, 8.106518, 0.685294, 11.00454, 13.4028
5656.32, 7.603844, 0.398682, 13.73473, 16.4418
8365.71, 8.284669, 0.77519, 13.24952, 10.2698
4976.69, 8.349245, 0.807922, 15.40496, 17.9428
5132.41, 7.395313, 0.308965, 13.94132, 11.3075
4482.77, 7.720297, 0.435416, 15.02841, 12.1737
6388.73, 7.942786, 0.555917, 13.72565, 10.7215
9422.12, 8.36354, 0.829114, 12.9734, 11.2846
11282.99, 8.026943, 0.619842, 11.9098, 10.7355
5482.6, 7.927544, 0.541471, 14.32412, 29.5305
5820.35, 8.217834, 0.72445, 14.46305, 27.4819
8522.2, 7.958865, 0.57209, 12.69503, 11.3306
10224.36, 8.585572, 0.974069, 13.08892, 14.3799
6411.92, 8.564649, 0.955937, 14.65502, 11.1708
5528.03, 8.095845, 0.643886, 14.53382, 11.478
12965.42, 8.871439, 1.138731, 13.02045, 21.614
6705.06, 7.807012, 0.482265, 13.36312, 10.2928
6113.57, 7.972085, 0.57177, 13.92905, 12.1723
4600.72, 8.148562, 0.672389, 15.48452, 14.0402
14154.93, 7.985226, 0.602177, 11.42179, 18.3656
7398.64, 7.234636, 0.285965, 12.11215, 31.1045
5825.49, 7.448656, 0.342277, 13.39216, 10.8771
9610.23, 8.288795, 0.780483, 12.7566, 27.8414
7788.98, 8.026501, 0.609919, 13.09518, 18.2371
14419.72, 8.171739, 0.715045, 11.68295, 10.4393
6071.4, 8.005492, 0.591468, 14.00591, 13.3318
6097.5, 8.235439, 0.737201, 14.3019, 25.4328
6125.79, 7.989427, 0.582124, 13.93366, 22.6326
7113.44, 8.143567, 0.680807, 13.5937, 14.4589
5118.06, 7.894475, 0.51848, 14.61328, 33.3658
5402.76, 8.16646, 0.688008, 14.75065, 11.9657
4757.18, 7.912332, 0.526091, 15.01747, 15.0166
4543.13, 7.757485, 0.452762, 15.02416, 12.8436
5063.23, 8.033712, 0.600913, 14.85093, 30.9975
6348.97, 8.035433, 0.610879, 13.8746, 12.2929
9838.92, 7.930852, 0.559928, 12.16179, 12.5101
6950.53, 8.300746, 0.782874, 13.90438, 19.7022
15162.26, 8.018127, 0.623528, 11.35942, 12.5658
5669.45, 7.992691, 0.581356, 14.27816, 14.8567
11057.92, 7.968367, 0.584935, 11.8748, 10.1996
14265.91, 7.784191, 0.494751, 11.11678, 26.2394
4467.01, 7.710993, 0.431245, 15.03208, 14.2981
4851.37, 7.980198, 0.566812, 15.015, 10.3625
6322.65, 8.294704, 0.777219, 14.26832, 10.8138
4333.53, 7.825016, 0.475271, 15.34631, 14.3717
5472.63, 8.172404, 0.692493, 14.69987, 10.7193
5265.31, 7.947871, 0.550896, 14.57093, 12.288
7001.62, 8.374699, 0.832077, 14.01496, 12.184
16782.9, 9.003635, 1.201372, 12.91532, 10.2662
9981.98, 8.009349, 0.605859, 12.22725, 13.413
7392.57, 8.178817, 0.704081, 13.51967, 14.3839
16948.77, 8.030563, 0.634618, 11.1654, 18.5503
4334.37, 7.828446, 0.47715, 15.35681, 10.0237
7291.81, 8.197455, 0.715889, 13.58303, 15.4144
5770.14, 8.038416, 0.609796, 14.27183, 11.8262
5909.31, 8.355921, 0.816692, 14.63775, 11.7115
4798.79, 8.101393, 0.642331, 15.21646, 18.357
14976.38, 7.95688, 0.588011, 11.29358, 10.9793
5429.12, 8.284454, 0.766204, 14.90579, 10.3073
5675.39, 7.63766, 0.412246, 13.78171, 10.3136
5338.5, 7.945338, 0.550279, 14.49344, 11.8024
4231.96, 7.810673, 0.476187, 15.39211, 21.8208
5316.57, 7.987894, 0.575241, 14.57811, 10.2261
5168.71, 8.169863, 0.688551, 14.95991, 10.9685
6928.91, 8.206427, 0.720828, 13.77294, 21.0293
8834.72, 8.431396, 0.872749, 13.30489, 10.0084
4680.42, 7.851093, 0.49094, 15.01013, 25.7134
7374.77, 8.314997, 0.793218, 13.72727, 11.28
5875.78, 8.069479, 0.629605, 14.22643, 13.3512
13189.75, 7.986062, 0.600383, 11.54977, 11.9765
10745.96, 8.20733, 0.730205, 12.29944, 11.297
5254.55, 7.983266, 0.571779, 14.62058, 11.5842
10816.31, 7.993158, 0.598666, 11.95691, 10.7863
5898.44, 9.011011, 1.199637, 15.8407, 11.115
5146.92, 7.983542, 0.570903, 14.72164, 13.3287
5391.03, 8.370578, 0.8239, 15.06045, 12.4681
4816.22, 7.885087, 0.510746, 14.91335, 17.3859
3847.69, 7.797196, 0.468911, 15.7235, 17.6029
6595.69, 8.445595, 0.878348, 14.33845, 10.9049
6162.54, 8.150737, 0.682346, 14.14832, 11.1871
12760.66, 8.104757, 0.670193, 11.76545, 14.8375
8635.96, 8.047736, 0.625172, 12.76994, 11.1486
7308.14, 8.010931, 0.599165, 13.3087, 11.7183
16165.68, 8.281394, 0.787632, 11.62986, 24.9206
8720.18, 8.526159, 0.934462, 13.51192, 12.3146
4828.26, 7.864362, 0.499124, 14.89204, 14.2881
4962.78, 7.839022, 0.486117, 14.72235, 12.163
14008.26, 8.388827, 0.853376, 12.05073, 23.6167
5200.01, 8.034709, 0.6026, 14.7488, 14.2587
8188.6, 8.432081, 0.87216, 13.57319, 10.5067
5104.77, 7.991697, 0.575474, 14.78728, 10.0075
6519.74, 8.209354, 0.721576, 14.02148, 11.7076
13805.9, 8.947284, 1.175355, 13.08855, 10.0686
7244.41, 8.416477, 0.860255, 13.9572, 10.4168
13819.05, 7.949228, 0.580911, 11.43467, 12.972
7313.53, 8.372987, 0.831544, 13.86619, 10.7306
9126.17, 8.28992, 0.780196, 12.96028, 14.0857
7020.81, 8.333978, 0.80507, 13.9469, 10.8969
9636.5, 8.175731, 0.707458, 12.60694, 10.3322
6933.66, 8.260257, 0.756087, 13.85999, 15.9028
7534.25, 8.011756, 0.600317, 13.21827, 11.3303
4512.93, 7.903853, 0.520207, 15.27027, 11.0887
4706.64, 7.832611, 0.480876, 14.96916, 16.6946
4713.94, 7.828801, 0.47883, 14.95631, 18.1129
5567.73, 8.12901, 0.665266, 14.56512, 11.4329
5363.34, 8.00075, 0.583504, 14.56241, 10.6362
7748.94, 8.385275, 0.840485, 13.67565, 11.709
5843.82, 7.993577, 0.583028, 14.16436, 10.2322
5054.48, 7.847859, 0.491822, 14.61506, 33.717
5910.21, 8.18132, 0.701002, 14.38042, 10.4319
5922.75, 8.248562, 0.745179, 14.46084, 14.4236
4658.69, 8.265465, 0.750452, 15.60478, 13.1711
7431.43, 8.279698, 0.770008, 13.66159, 10.4227
4948.67, 7.784512, 0.468076, 14.64348, 10.8957
8007.87, 7.8578, 0.513789, 12.78253, 10.2848
7812.54, 7.993057, 0.589999, 13.02378, 37.652
5476.89, 7.945893, 0.552083, 14.37233, 17.9769
8037.38, 7.919126, 0.547857, 12.83986, 15.5911
8700.03, 8.394274, 0.848078, 13.29135, 12.3726
7194.89, 8.324219, 0.798963, 13.79881, 31.1737
9402.71, 8.299707, 0.787186, 12.85471, 26.4119
8369.65, 8.41757, 0.862887, 13.46463, 11.0407
16176.21, 8.222891, 0.750458, 11.5677, 10.336
4917.38, 8.088261, 0.63438, 15.09475, 12.6034
7213.62, 8.381036, 0.836697, 13.91882, 10.4758
9144.38, 8.592632, 0.97719, 13.47079, 13.0263
5585.16, 8.124769, 0.662681, 14.53511, 10.7676
4937.49, 8.537525, 0.934462, 15.76638, 10.3995
11535.64, 8.371864, 0.83848, 12.36143, 32.7062
6015.13, 8.081071, 0.637545, 14.15348, 10.3513
5169.95, 7.896554, 0.520183, 14.5951, 10.2551
6560.06, 8.172367, 0.697712, 13.94486, 10.0174
8555.56, 8.327934, 0.804054, 13.24172, 13.1428
6355.78, 7.999227, 0.589022, 13.82256, 12.1479
8105.56, 7.830802, 0.499631, 12.69831, 11.7122
8276.78, 8.337641, 0.809944, 13.36014, 17.2899
13659.81, 7.998685, 0.608787, 11.49262, 31.3388
17739.52, 8.426402, 0.882781, 11.72988, 10.5837
5113.7, 7.935223, 0.541929, 14.66957, 31.7764
4821.76, 7.966425, 0.558359, 15.02912, 10.7436
5785.99, 8.737433, 1.060561, 15.3835, 11.172
12271.31, 7.403311, 0.36498, 10.79483, 10.9816
8873.57, 8.069354, 0.639005, 12.71921, 11.0529
15276.12, 8.196354, 0.732102, 11.62527, 10.5307
5241.98, 8.114589, 0.653233, 14.82352, 12.0986
10082.49, 8.159733, 0.698375, 12.41044, 14.7284
5085.0, 8.071065, 0.624432, 14.8995, 16.3312
5349.77, 8.046455, 0.611302, 14.6118, 21.373
4948.47, 7.87632, 0.506702, 14.76817, 21.6579
4903.11, 7.873008, 0.504483, 14.82612, 13.6494
5477.01, 8.433073, 0.866323, 15.09792, 12.0306
8695.67, 8.029798, 0.614499, 12.74036, 11.603
4955.1, 7.990755, 0.57381, 14.91805, 15.8375
7360.33, 8.133259, 0.674876, 13.45508, 17.7014
5318.33, 8.149347, 0.676199, 14.80133, 11.61
5134.07, 8.26594, 0.752171, 15.11395, 39.8357
7132.79, 8.315213, 0.792864, 13.86181, 10.021
18568.03, 7.841152, 0.534826, 10.73018, 12.4517
4920.87, 7.88274, 0.510109, 14.81135, 14.93
5252.29, 7.812078, 0.474798, 14.40971, 10.9369
5357.88, 7.960592, 0.559464, 14.5062, 11.6414
5692.64, 8.039031, 0.609666, 14.33151, 12.4142
8458.05, 8.084088, 0.64694, 12.9055, 11.9586
5520.59, 8.146274, 0.675988, 14.61283, 13.2396
4961.14, 7.958334, 0.554347, 14.87715, 11.3175
6014.91, 7.771226, 0.460437, 13.74411, 20.6839
6604.17, 8.331377, 0.802374, 14.1387, 22.6961
20610.18, 9.355759, 1.319354, 13.3259, 10.4313
6223.51, 8.077062, 0.63602, 14.01322, 10.9951
5961.07, 8.216482, 0.724192, 14.38674, 10.5673
4843.51, 8.47603, 0.893398, 15.73597, 17.768
3662.96, 7.366838, 0.288963, 15.38473, 20.7244
6137.94, 8.233092, 0.73581, 14.28512, 12.6479
5383.17, 8.077682, 0.6311, 14.63303, 11.0659
4479.0, 8.248798, 0.738839, 15.74141, 26.6339
10391.93, 7.581835, 0.412715, 11.45081, 12.0771
6796.32, 8.010119, 0.59715, 13.58227, 10.9178
5541.21, 8.246533, 0.741759, 14.75195, 11.7129
5792.22, 7.434375, 0.336446, 13.40001, 14.1812
7868.98, 8.276115, 0.768548, 13.44772, 12.3369
11433.26, 7.966296, 0.584755, 11.77909, 15.2536
8406.36, 7.987692, 0.588595, 12.76776, 18.522
8518.87, 7.982359, 0.585787, 12.71158, 23.1696
4860.34, 8.120071, 0.65459, 15.18824, 13.3446
5013.22, 7.740352, 0.448149, 14.50801, 13.2383
5663.06, 8.112879, 0.655638, 14.44964, 10.1893
6070.3, 7.656555, 0.422487, 13.50959, 15.7217
5168.38, 7.749195, 0.454124, 14.3709, 10.8091
9583.68, 7.982151, 0.588711, 12.30331, 25.9631
7747.46, 7.950983, 0.565176, 13.01404, 12.7743
8006.99, 8.797718, 1.096769, 14.29144, 11.979
4647.06, 7.885988, 0.510437, 15.09616, 11.3269
4766.96, 8.081873, 0.629724, 15.23059, 10.3834
7347.97, 8.56446, 0.957197, 14.15265, 13.917
21183.46, 9.104098, 1.242387, 12.70101, 25.5615
5365.25, 8.11313, 0.653337, 14.69562, 11.3932
6343.93, 8.090968, 0.645187, 13.94728, 12.0538
5235.04, 8.463311, 0.885679, 15.34665, 14.5044
7556.08, 8.436223, 0.873852, 13.83305, 17.6758
6205.45, 8.207483, 0.719275, 14.19339, 12.9511
7901.33, 8.390776, 0.844399, 13.60032, 17.7816
65545.58, 7.61554, 0.575866, 8.11788, 19.0497
11138.69, 8.034167, 0.623774, 11.92817, 21.7164
6588.84, 8.081996, 0.640482, 13.79139, 11.4771
6780.85, 8.487505, 0.906394, 14.30396, 13.7492
9725.28, 8.539005, 0.944042, 13.16442, 10.4765
4888.37, 7.892378, 0.515354, 14.84839, 24.3702
9783.68, 8.025159, 0.614713, 12.29568, 22.0278
10696.63, 8.290879, 0.784098, 12.43532, 18.3614
4791.92, 8.174474, 0.689942, 15.34368, 10.6954
4339.86, 7.809052, 0.466623, 15.31193, 11.893
4003.69, 7.821235, 0.472375, 15.65574, 10.875
4501.09, 8.0199, 0.589887, 15.41224, 15.2359
22172.09, 8.054135, 0.659303, 10.70859, 13.6905
18381.0, 7.857497, 0.542687, 10.76282, 11.2968
4558.46, 8.380689, 0.828506, 15.86998, 11.9538
5619.28, 8.13911, 0.672102, 14.52295, 13.5282
5059.35, 8.046885, 0.609081, 14.89126, 12.0593
17014.91, 8.020915, 0.62915, 11.14499, 14.2576
5015.76, 7.522873, 0.356965, 14.22268, 12.9633
8372.99, 8.302458, 0.786912, 13.26264, 13.7264
7558.03, 8.397534, 0.84826, 13.7636, 16.9022
9003.56, 7.999724, 0.597413, 12.55888, 13.4609
8755.22, 8.004292, 0.599421, 12.64759, 22.2323
7347.49, 8.212398, 0.72572, 13.58288, 13.4364
5559.63, 8.087627, 0.63895, 14.4881, 14.0358
4709.16, 7.977553, 0.564577, 15.14921, 11.0307
5441.28, 8.234396, 0.732938, 14.81017, 12.6576
11668.87, 8.022233, 0.618008, 11.80398, 14.6603
6201.8, 8.027127, 0.605195, 13.94793, 10.1785
5535.64, 8.542615, 0.939229, 15.21781, 13.7148
6550.69, 8.34169, 0.809105, 14.19659, 11.4153
8190.32, 7.90239, 0.538919, 12.75376, 10.3369
7336.91, 7.81692, 0.489721, 13.03263, 11.118
4951.73, 7.989249, 0.572873, 14.91774, 11.7129
9182.17, 7.757085, 0.465396, 12.15078, 10.1736
10584.54, 8.661029, 1.020677, 13.11265, 13.2733
4906.44, 7.973558, 0.563108, 14.93521, 17.5426
11873.91, 7.988394, 0.598634, 11.71275, 15.5678
6727.96, 8.229769, 0.735535, 13.92702, 10.4364
4835.46, 7.948648, 0.547812, 14.98208, 10.9796
6477.95, 7.957602, 0.564903, 13.68091, 10.4488
4979.32, 7.303414, 0.277312, 13.9714, 11.582
6564.02, 8.015913, 0.599864, 13.7029, 12.5878
8071.1, 8.309474, 0.790951, 13.393, 12.656
6728.77, 7.454413, 0.352245, 12.79827, 11.8505
9777.45, 8.02809, 0.616449, 12.31538, 13.3598
8304.55, 8.411558, 0.858814, 13.47244, 11.3913
5154.6, 7.895117, 0.519207, 14.59979, 12.0283
5060.84, 7.832827, 0.483675, 14.61013, 13.7247
6204.14, 7.971404, 0.571814, 13.87188, 11.954
4885.83, 7.94291, 0.544698, 14.92388, 14.0587
8671.63, 8.23798, 0.745292, 13.04343, 13.6068
8412.99, 8.258676, 0.758235, 13.1784, 16.3428
12988.72, 8.080242, 0.655714, 11.6853, 33.9807
9845.03, 8.335776, 0.811718, 12.76403, 22.8938
18466.68, 8.865056, 1.139079, 12.46311, 10.8712
41210.86, 9.049774, 1.230107, 11.37054, 12.3297
13266.04, 8.028332, 0.62524, 11.61298, 10.5783
6342.25, 8.393253, 0.842957, 14.40262, 10.7578
8983.36, 8.260621, 0.760733, 12.96193, 11.3072
5878.46, 8.140017, 0.674192, 14.32467, 11.0933
6143.85, 7.937278, 0.551589, 13.86384, 13.214
8788.38, 8.388227, 0.844242, 13.23099, 18.169
4098.15, 7.522017, 0.35082, 15.16534, 15.7009
4212.45, 7.364784, 0.290601, 14.87544, 12.2487
5916.12, 8.184323, 0.702981, 14.37091, 10.0434
5482.53, 8.298261, 0.775817, 14.87274, 10.7377
14393.54, 8.193174, 0.728459, 11.69754, 17.5185
6241.43, 8.177341, 0.69981, 14.13607, 10.8689
5409.73, 7.951482, 0.554684, 14.4383, 14.5373
9286.89, 7.987641, 0.591087, 12.43635, 10.5741
7062.84, 8.286678, 0.773823, 13.84581, 11.2471
7727.06, 7.88145, 0.525814, 12.91707, 28.6876
14384.73, 8.113264, 0.678757, 11.5943, 11.2291
7374.48, 8.181878, 0.706011, 13.52719, 15.7226
12363.8, 8.598113, 0.984586, 12.61134, 13.9281
5291.83, 8.308927, 0.781866, 15.04534, 21.4504
5689.88, 8.79712, 1.094016, 15.57157, 10.3654
6524.46, 8.006186, 0.593864, 13.73183, 10.2122
6917.95, 8.328362, 0.801116, 13.97658, 10.691
15263.95, 7.98054, 0.602087, 11.27012, 21.2433
9845.03, 8.050098, 0.629878, 12.32308, 12.7243
10163.59, 8.113598, 0.669658, 12.31748, 12.0053
12075.44, 8.156654, 0.700997, 11.92884, 13.0857
5017.76, 7.979232, 0.567275, 14.83217, 16.668
5136.76, 8.11848, 0.654993, 14.90812, 24.5872
8876.74, 8.355772, 0.823002, 13.15374, 10.2601
3980.61, 7.83291, 0.478727, 15.68256, 13.9534
4565.56, 7.835225, 0.481688, 15.11817, 10.1529
6175.22, 8.133517, 0.671387, 14.10984, 10.2643
5669.06, 8.592481, 0.971836, 15.20671, 10.3085
8964.7, 7.584177, 0.408055, 11.92623, 27.309
6025.06, 8.378808, 0.832404, 14.58553, 11.4691
6785.3, 8.331564, 0.802938, 14.05166, 10.9877
5075.43, 8.056715, 0.615341, 14.88996, 10.4109
5791.34, 8.013398, 0.594662, 14.21226, 11.3212
5587.09, 8.29856, 0.776745, 14.78612, 12.4342
17031.54, 8.518589, 0.940507, 11.94638, 11.1671
6211.05, 8.461344, 0.887929, 14.59513, 13.8971
7613.65, 8.474299, 0.899038, 13.87314, 15.3179
14434.75, 7.993217, 0.607428, 11.39418, 17.803
5580.06, 7.946976, 0.553593, 14.2887, 11.9407
6284.1, 7.581956, 0.395672, 13.25472, 26.3122
7196.62, 7.95913, 0.568201, 13.29361, 12.5061
18632.93, 9.087041, 1.235234, 12.90478, 17.0065
4800.19, 7.871816, 0.503144, 14.9217, 15.8939
5193.38, 7.813846, 0.474955, 14.45766, 10.3833
4861.98, 7.988748, 0.572053, 15.0103, 10.561
5133.6, 8.146321, 0.672976, 14.95874, 12.6415
5139.54, 8.030198, 0.599312, 14.79115, 12.0849
5583.34, 8.071175, 0.628813, 14.45403, 11.0791
4215.95, 7.655938, 0.406649, 15.20935, 10.7879
4956.06, 7.926569, 0.53558, 14.83399, 12.5642
7657.49, 8.382758, 0.838651, 13.70471, 14.5516
10445.98, 8.321524, 0.803582, 12.56707, 11.3982
6081.07, 8.211643, 0.721506, 14.29044, 11.2216
5832.55, 7.924826, 0.542569, 14.06259, 11.7959
5312.48, 7.858561, 0.500701, 14.40322, 11.4495
7038.8, 8.445186, 0.878906, 14.10298, 16.5287
7762.47, 7.972828, 0.577932, 13.04129, 11.9881
15783.6, 7.918687, 0.568758, 11.13528, 11.5794
4622.56, 7.9884, 0.570857, 15.24208, 19.4209
6141.02, 8.367248, 0.825034, 14.48929, 13.5551
5585.95, 7.960531, 0.561596, 14.30012, 15.0882
5957.57, 8.24803, 0.744969, 14.42808, 10.8658
7008.6, 8.035562, 0.613177, 13.48757, 16.9145
4349.13, 7.771933, 0.457788, 15.23532, 10.028
6105.04, 8.046135, 0.616353, 14.02648, 28.4162
4933.85, 8.120483, 0.655149, 15.1146, 11.9424
7493.94, 8.321052, 0.797463, 13.6682, 25.7806
6241.72, 8.041314, 0.614027, 13.93358, 17.2968
8813.55, 7.96626, 0.577235, 12.5857, 10.2591
5791.71, 8.954364, 1.174177, 15.80293, 13.0271
6256.57, 8.589298, 0.971336, 14.78571, 10.2596
5265.19, 8.159482, 0.682391, 14.8567, 10.8441
5188.49, 7.978093, 0.568007, 14.67501, 15.9028
3946.56, 7.72081, 0.433911, 15.54858, 13.3303
4813.16, 8.077186, 0.626902, 15.17562, 11.2825
4676.06, 7.797051, 0.47204, 14.93285, 11.4706
4873.48, 8.082337, 0.630415, 15.12452, 11.0949
6131.14, 7.443212, 0.343898, 13.17561, 10.1726
7587.68, 8.454538, 0.88599, 13.84395, 17.1334
5496.41, 8.07606, 0.631188, 14.52557, 18.1237
5716.34, 8.019517, 0.597895, 14.26763, 22.4986
5497.39, 7.943511, 0.550877, 14.36003, 10.751
4926.06, 7.80907, 0.479872, 14.69457, 11.9254
5756.67, 8.14803, 0.678691, 14.41889, 23.8297
34369.44, 8.712888, 1.071284, 10.93162, 11.474
8503.64, 8.100392, 0.657165, 12.8897, 24.4729
6404.54, 8.330883, 0.801533, 14.26685, 15.3516
4677.42, 7.692928, 0.424724, 14.79108, 11.6243
13432.12, 8.164023, 0.708298, 11.78703, 10.003
5414.22, 8.058357, 0.619356, 14.58742, 10.8951
5688.51, 8.541949, 0.939434, 15.0929, 30.2706
4972.75, 7.909033, 0.525539, 14.78487, 21.3894
14957.64, 8.174281, 0.717664, 11.60881, 11.962
6540.51, 7.925137, 0.546381, 13.60265, 12.0124
9202.62, 8.347988, 0.818479, 12.99555, 49.1971
7196.0, 7.932026, 0.552543, 13.23108, 58.2306
4756.01, 7.917231, 0.528934, 15.02401, 18.5758
4734.1, 7.843208, 0.486838, 14.95412, 13.9334
8535.34, 8.038272, 0.619159, 12.79843, 12.0878
8434.5, 8.327538, 0.803566, 13.29018, 11.2524
5184.24, 8.156297, 0.679785, 14.92594, 15.3877
23821.49, 8.966704, 1.18897, 12.2112, 10.8051
6442.72, 8.05332, 0.622205, 13.83563, 11.7956
5824.53, 7.664552, 0.424132, 13.69396, 15.9939
11012.6, 8.528147, 0.938975, 12.76327, 15.6103
5769.14, 8.43964, 0.872135, 14.87534, 10.4503
11693.07, 8.139019, 0.689144, 11.98834, 10.77
4231.42, 7.797377, 0.460028, 15.39762, 20.2969
5250.2, 8.134829, 0.666305, 14.83316, 14.4394
7885.98, 7.73512, 0.458764, 12.65193, 10.1045
4652.26, 7.789693, 0.468413, 14.94619, 18.8655
5839.42, 7.931633, 0.546535, 14.05621, 23.9545
5975.04, 8.247824, 0.744902, 14.41635, 12.9332
6255.62, 7.938496, 0.552837, 13.79194, 19.7947
4349.22, 7.967223, 0.557215, 15.48764, 20.1056
5443.0, 8.203116, 0.712311, 14.77078, 13.1062
14531.7, 7.961041, 0.589295, 11.35356, 12.4844
7277.19, 8.34687, 0.814149, 13.81417, 22.8705
7713.17, 7.994319, 0.59045, 13.09392, 12.0699
4370.41, 8.053014, 0.610308, 15.58421, 15.1073
5195.58, 8.005894, 0.584876, 14.70512, 15.0626
7293.39, 8.563207, 0.956329, 14.18576, 10.9401
6510.12, 8.232995, 0.737014, 14.06074, 10.1791
4751.66, 7.70227, 0.429244, 14.73331, 11.8585
4879.94, 7.911776, 0.526449, 14.89011, 17.7266
5653.42, 8.06885, 0.627856, 14.39599, 13.0964
5097.07, 7.512307, 0.353672, 14.12892, 10.1565
10328.13, 8.031908, 0.620261, 12.15069, 10.5787
12069.93, 7.506909, 0.395627, 10.98708, 12.2613
6721.72, 8.114322, 0.661176, 13.7695, 11.2637
5871.42, 8.001281, 0.587817, 14.14674, 11.4188
5409.26, 7.999442, 0.583218, 14.47864, 48.6995
5954.16, 7.996408, 0.585364, 14.08022, 10.7894
6810.38, 8.44107, 0.875767, 14.22223, 10.8143
10190.12, 8.134131, 0.682531, 12.35107, 10.0427
5646.61, 8.338605, 0.803918, 14.79945, 15.8341
7352.56, 8.007918, 0.597489, 13.29131, 13.072
7545.7, 8.022955, 0.60708, 13.22867, 10.2848
4940.71, 8.309483, 0.780869, 15.40285, 10.7209
16505.47, 8.007953, 0.620562, 11.18882, 16.6996
6900.51, 8.368004, 0.827419, 14.0506, 16.6113
4861.47, 7.757475, 0.454557, 14.67739, 36.9787
12625.82, 8.812673, 1.108301, 12.98022, 10.2193
5638.68, 8.003421, 0.58759, 14.32528, 14.3291
14291.48, 7.998112, 0.609921, 11.40667, 60.5643
4389.19, 7.653937, 0.406599, 15.04327, 12.1158
8682.74, 8.355126, 0.822225, 13.22517, 17.6436
9762.73, 7.974479, 0.584753, 12.24602, 11.8548
8104.32, 8.311066, 0.792067, 13.39969, 12.9572
7172.55, 8.403094, 0.851255, 13.9639, 18.3917
5483.77, 8.606939, 0.980375, 15.39634, 10.4686
7990.68, 8.095525, 0.652772, 13.12511, 13.6296
6399.43, 8.279862, 0.767601, 14.19355, 17.5349
4663.43, 7.794113, 0.470565, 14.94965, 13.4886
5516.06, 8.020077, 0.596757, 14.44659, 12.3517
4758.26, 8.123755, 0.656643, 15.30219, 12.5401
6276.91, 8.343284, 0.80944, 14.37263, 11.2233
14929.21, 9.295514, 1.300667, 13.69989, 13.2765
11910.12, 7.987918, 0.598443, 11.72563, 11.6709
9014.2, 7.96595, 0.577634, 12.51404, 10.2517
4998.36, 8.246101, 0.738293, 15.24362, 10.4734
5477.92, 7.95154, 0.555399, 14.3684, 23.2635
5588.88, 7.904491, 0.52918, 14.22365, 13.4937
4789.45, 7.810255, 0.479515, 14.83269, 14.3157
4167.44, 7.792426, 0.467351, 15.43015, 23.413
5439.9, 8.586549, 0.967305, 15.38431, 17.067
27281.08, 7.928479, 0.601828, 10.08611, 13.8298
10073.29, 8.197676, 0.722494, 12.48665, 11.4237
5283.71, 8.109602, 0.650371, 14.77609, 13.1744
4991.25, 7.886222, 0.512655, 14.75393, 13.7092
8894.1, 8.142797, 0.684754, 12.82456, 10.0907
5697.98, 8.267476, 0.756658, 14.65854, 15.0663
26147.34, 9.225758, 1.282864, 12.58093, 17.0103
4458.99, 8.120216, 0.653556, 15.59824, 11.197
9523.17, 8.489378, 0.911722, 13.16432, 10.0098
5575.25, 7.368186, 0.308801, 13.49289, 12.6041
4073.19, 8.021041, 0.589629, 15.8254, 19.6076
9964.8, 7.98552, 0.59178, 12.19943, 10.3094
7520.74, 7.942966, 0.559846, 13.09661, 20.7985
8952.63, 7.97948, 0.585349, 12.55565, 10.057
8679.95, 8.245539, 0.750233, 13.06263, 10.9371
8792.95, 8.005075, 0.599993, 12.64596, 11.8869
16568.17, 7.995172, 0.613356, 11.15515, 17.0919
3927.1, 7.638384, 0.398526, 15.4597, 16.4537
10013.37, 7.790447, 0.485007, 11.89311, 19.4147
5256.3, 8.084954, 0.634492, 14.74686, 36.9737
6252.47, 8.299069, 0.779901, 14.31045, 16.7479
5618.13, 8.019779, 0.597359, 14.35641, 14.0138
11377.0, 7.991625, 0.599283, 11.83532, 11.3237
7607.07, 7.227863, 0.285505, 12.01483, 18.5088
5501.18, 7.98701, 0.576642, 14.40651, 16.7737
7226.83, 8.430955, 0.869812, 13.9847, 19.8082
12653.97, 7.989773, 0.60127, 11.6154, 13.6638
11098.69, 8.081678, 0.652353, 12.01636, 13.7318
5675.93, 7.776394, 0.460589, 13.99139, 14.4637
12858.7, 8.004019, 0.610036, 11.62198, 13.2838
7060.54, 8.011553, 0.598814, 13.44423, 11.0404
12380.26, 8.237907, 0.753176, 12.02263, 13.2363
6311.06, 7.549791, 0.383993, 13.21291, 10.2681
5718.36, 8.039199, 0.609944, 14.3119, 10.7056
13618.2, 7.92793, 0.568511, 11.42832, 11.8272
9994.12, 7.918761, 0.553584, 12.09167, 13.1829
4699.21, 7.937027, 0.540292, 15.11469, 10.4226
6875.94, 8.05723, 0.626047, 13.61165, 10.1688
13502.41, 7.970351, 0.592111, 11.51151, 10.2768
7973.06, 8.28281, 0.773171, 13.42246, 10.4195
6407.57, 8.154226, 0.685526, 14.00621, 15.2325
7078.71, 7.988138, 0.584892, 13.37114, 42.6766
5692.16, 7.593237, 0.394869, 13.68228, 28.9899
9800.77, 8.322303, 0.802802, 12.77264, 11.5549
6314.94, 8.388114, 0.839458, 14.41412, 20.8389
5262.22, 7.906599, 0.526975, 14.5114, 22.0
4512.35, 8.170912, 0.686883, 15.62345, 11.1567
10147.86, 8.196728, 0.72206, 12.46001, 10.2212
12417.03, 8.061281, 0.643027, 11.75779, 10.4347
10610.73, 8.081238, 0.650854, 12.14403, 13.0793
10279.1, 7.99311, 0.597133, 12.11633, 13.0179
5018.68, 8.108466, 0.64783, 15.02516, 10.3499
12209.54, 7.96215, 0.584301, 11.64204, 10.7567
21364.05, 8.382957, 0.859934, 11.30688, 18.6797
5266.37, 8.000705, 0.582417, 14.64147, 10.6527
16425.95, 7.951515, 0.588378, 11.10457, 18.1717
6785.08, 8.265437, 0.75913, 13.95429, 17.2798
5397.41, 7.847082, 0.495429, 14.31986, 10.6585
8847.26, 8.205934, 0.724938, 12.94548, 10.5254
20116.89, 8.164405, 0.720898, 11.06608, 13.83
6935.07, 8.04304, 0.617521, 13.54085, 21.0
5182.22, 7.988815, 0.574398, 14.70294, 14.0707
7191.15, 8.207521, 0.722187, 13.66785, 13.0667
8508.6, 8.063949, 0.6347, 12.86528, 10.0662
6927.61, 8.34807, 0.814228, 14.00708, 13.9912
6483.37, 8.23647, 0.739214, 14.05443, 91.9646
6126.41, 8.351202, 0.814269, 14.48954, 10.3657
4853.05, 8.094166, 0.637888, 15.17712, 13.4572
23148.07, 7.879741, 0.566577, 10.36066, 12.0091
4963.83, 7.965847, 0.558851, 14.86562, 26.1975
8685.96, 7.917125, 0.54871, 12.56486, 14.513
10472.08, 8.01554, 0.610904, 12.06613, 25.8382
7246.41, 8.38777, 0.841226, 13.91532, 11.6451
4783.81, 7.87532, 0.505029, 14.94946, 13.2876
5023.22, 8.156064, 0.678707, 15.08801, 10.4762
13975.9, 8.981588, 1.190696, 13.13798, 12.0102
7372.05, 8.473046, 0.897834, 13.99337, 10.0489
5851.51, 8.104327, 0.651337, 14.30374, 11.7944
6200.59, 8.216617, 0.725232, 14.21602, 21.1191
5155.47, 8.040771, 0.605988, 14.79084, 19.4394
5283.21, 8.054209, 0.615448, 14.6993, 10.2847
6276.68, 8.153777, 0.684756, 14.08718, 12.3539
16468.19, 8.075717, 0.66029, 11.2938, 10.3583
7822.17, 8.057786, 0.629023, 13.13133, 15.4365
14108.41, 8.546383, 0.954475, 12.32613, 11.7287
22089.9, 7.995154, 0.625688, 10.61549, 26.0649
6940.33, 7.501939, 0.370385, 12.7683, 10.7279
8499.95, 8.137588, 0.680457, 12.96627, 13.4845
10063.29, 8.609334, 0.988612, 13.18794, 10.9467
7508.93, 8.313507, 0.792498, 13.66734, 12.5248
8633.48, 8.5356, 0.940427, 13.56134, 12.7
10769.7, 8.000932, 0.603097, 11.97723, 18.3263
10325.11, 8.604918, 0.986192, 13.1032, 13.4852
8362.61, 7.963282, 0.574179, 12.76708, 14.6851
5612.71, 8.136267, 0.670233, 14.53115, 10.7793
4856.5, 8.025787, 0.594782, 15.07204, 12.8423
13856.92, 8.024592, 0.624367, 11.54369, 14.4851
6805.22, 8.386663, 0.839624, 14.12478, 20.7143
13209.48, 8.943287, 1.173208, 13.13623, 19.6653
14793.67, 8.004771, 0.614932, 11.38384, 10.3132
8457.97, 8.540985, 0.943653, 13.64017, 13.3091
10136.4, 8.253671, 0.758729, 12.5428, 18.8828
5384.32, 8.018513, 0.594514, 14.55939, 14.2175
7359.56, 8.275276, 0.766943, 13.68024, 10.5637
12717.49, 8.30472, 0.796861, 12.07327, 10.5219
5132.28, 8.060092, 0.617867, 14.84669, 11.7831
6103.09, 8.23014, 0.733734, 14.31094, 15.1327
5473.99, 8.104681, 0.649017, 14.60111, 12.1418
4853.65, 8.250692, 0.740934, 15.39154, 11.1829
14786.88, 8.095905, 0.669008, 11.53604, 10.2802
5355.52, 8.048736, 0.612774, 14.62723, 10.8186
10987.41, 8.192602, 0.721334, 12.19842, 43.6594
8831.84, 8.019446, 0.608669, 12.65225, 21.87
19947.04, 8.008713, 0.628485, 10.85505, 10.5592
4827.79, 8.354789, 0.811367, 15.57336, 14.4854
5817.59, 8.129128, 0.666915, 14.35467, 22.9981
4954.42, 8.330002, 0.794814, 15.4204, 12.6241
4123.05, 7.774699, 0.45869, 15.45192, 30.9766
9037.31, 8.268193, 0.765794, 12.96208, 13.857
4998.14, 7.971298, 0.562361, 14.86405, 10.0752
4495.93, 7.974488, 0.562008, 15.37547, 13.3055
6698.8, 8.318454, 0.794018, 14.09503, 11.5682
18135.05, 8.000202, 0.619655, 11.01428, 10.639
10710.3, 8.223975, 0.740806, 12.34051, 14.8649
11524.8, 8.129341, 0.682735, 12.01122, 11.336
5198.09, 8.115546, 0.653527, 14.87082, 10.8927
6341.72, 8.206077, 0.718853, 14.12364, 15.1646
7314.95, 8.375896, 0.833476, 13.86727, 11.0834
4644.85, 7.835405, 0.482117, 15.01204, 43.7745
5730.63, 7.876575, 0.514596, 14.08393, 14.5837
5749.05, 8.033275, 0.60651, 14.26872, 21.3873
4067.65, 7.863094, 0.495734, 15.6556, 11.7921
10908.35, 8.572434, 0.966794, 12.88464, 11.5508
4892.52, 8.003152, 0.581004, 15.00612, 16.1252
9163.47, 7.974863, 0.583254, 12.48191, 11.7113
5400.07, 8.112096, 0.653013, 14.6827, 10.1494
7063.8, 8.66051, 1.016695, 14.47955, 10.6962
8848.77, 7.891955, 0.535134, 12.47119, 15.7048
6083.08, 8.1007, 0.650184, 14.14438, 10.0059
4878.76, 7.937555, 0.541496, 14.91164, 38.0576
5388.72, 8.009279, 0.588947, 14.53913, 13.3311
9951.25, 8.284313, 0.778271, 12.67641, 10.7675
5676.72, 7.890552, 0.522011, 14.14617, 12.3262
5313.56, 7.998696, 0.581711, 14.585, 14.8126
4809.91, 7.8008, 0.474993, 14.80781, 11.9928
5112.47, 8.070379, 0.62419, 14.87336, 15.4341
4588.7, 7.311036, 0.275644, 14.42701, 10.6059
12057.77, 8.043379, 0.63149, 11.78044, 12.4635
5116.2, 8.318591, 0.787592, 15.24829, 10.3255
8307.34, 8.156753, 0.692115, 13.08726, 10.3785
5988.45, 7.797367, 0.473732, 13.8041, 10.3043
16350.72, 7.950361, 0.587565, 11.11573, 17.4022
5983.21, 8.11824, 0.660799, 14.2122, 26.509
4910.83, 7.923305, 0.533351, 14.8907, 10.2641
6425.82, 7.990495, 0.584096, 13.77096, 11.7402
6035.37, 7.814059, 0.482782, 13.79684, 11.3555
5224.93, 8.000131, 0.58165, 14.66065, 27.2095
5298.35, 8.393468, 0.838927, 15.19818, 10.0878
19589.87, 8.131525, 0.6999, 11.07701, 14.5515
5280.26, 8.251454, 0.743218, 14.99068, 10.3335
5511.95, 8.226301, 0.728146, 14.75197, 10.4753
9549.82, 8.270374, 0.768329, 12.75855, 19.141
5492.92, 7.92344, 0.539198, 14.34642, 10.187
5626.94, 8.238538, 0.737048, 14.67893, 10.3986
4841.95, 8.155517, 0.677617, 15.26529, 13.855
4968.12, 7.850754, 0.492612, 14.72155, 16.4343
5077.38, 8.086299, 0.634027, 14.93689, 11.6022
13273.34, 7.552799, 0.414383, 10.88653, 10.6921
6290.62, 8.22792, 0.732973, 14.17957, 14.1296
5391.26, 8.03452, 0.604385, 14.5649, 11.3578
5975.65, 8.513161, 0.921551, 14.84671, 12.214
9129.47, 8.288796, 0.779467, 12.96961, 10.2462
8684.09, 7.937906, 0.560506, 12.60223, 14.3903
5239.38, 7.972499, 0.565176, 14.62739, 12.2051
7675.98, 8.035842, 0.615243, 13.15699, 20.6285
9278.58, 8.4455, 0.88269, 13.16397, 11.4536
5542.58, 8.140026, 0.672141, 14.59503, 10.3268
9413.25, 8.355716, 0.823958, 12.96518, 10.782
6015.97, 8.246324, 0.74407, 14.39328, 13.8154
6035.48, 8.185851, 0.704487, 14.29, 12.7731
4902.18, 7.987752, 0.571665, 14.975, 13.6278
5550.92, 8.240556, 0.737868, 14.7358, 12.0796
18117.49, 7.878797, 0.553081, 10.83081, 13.407
9173.91, 7.952127, 0.570103, 12.43435, 12.5038
17349.83, 8.323223, 0.816245, 11.57035, 34.67
6426.67, 8.361214, 0.821807, 14.2994, 17.7002
4406.26, 7.801314, 0.462685, 15.23813, 16.4019
8407.86, 8.561353, 0.956598, 13.69529, 11.2142
4201.84, 7.720338, 0.434257, 15.31934, 10.9694
4942.27, 8.017376, 0.590023, 14.93694, 92.0362
6440.85, 8.102205, 0.652602, 13.91454, 11.2548
6781.74, 8.385737, 0.838958, 14.13962, 13.7052
4753.41, 7.843907, 0.487325, 14.94326, 13.1665
6841.47, 8.219844, 0.729347, 13.84115, 34.4284
5378.88, 7.961459, 0.560215, 14.48652, 12.2012
5717.29, 7.965214, 0.565343, 14.21237, 10.4409
17047.85, 8.065981, 0.65566, 11.2198, 11.7072
6993.04, 8.340826, 0.809557, 13.94283, 26.1115
12657.18, 8.045645, 0.634172, 11.67107, 37.5106
7640.51, 7.875036, 0.522001, 12.97393, 11.4293
22259.86, 8.02385, 0.642188, 10.64377, 25.158
7008.59, 8.197284, 0.715091, 13.7288, 16.369
7202.94, 8.605389, 0.982848, 14.28659, 18.6274
7531.61, 8.131409, 0.674129, 13.38103, 11.2853
7360.64, 7.858844, 0.512226, 13.06374, 26.5299
5496.35, 7.852905, 0.499592, 14.23184, 13.9085
5029.01, 7.893154, 0.516919, 14.72664, 11.6086
7973.44, 7.892216, 0.532565, 12.84294, 11.3917
4140.44, 7.842238, 0.484236, 15.54628, 14.8864
5838.12, 7.957739, 0.561727, 14.10544, 15.1644
4462.81, 7.434194, 0.317014, 14.69349, 10.0027
11225.3, 8.048469, 0.63256, 11.93957, 14.905
5183.94, 7.967324, 0.561528, 14.66407, 11.8883
5409.71, 8.187689, 0.701913, 14.76694, 12.617
9019.97, 8.211572, 0.72898, 12.8684, 10.9027
5401.85, 7.887164, 0.517659, 14.36863, 10.8478
11031.8, 8.124409, 0.678511, 12.08507, 26.226
4127.21, 7.566895, 0.369409, 15.19903, 10.6585
5347.91, 8.097735, 0.643392, 14.69168, 11.7591
7327.41, 7.905426, 0.537872, 13.15416, 13.1359
8282.72, 7.97784, 0.58244, 12.80252, 18.1426
4669.48, 8.104415, 0.643874, 15.35751, 12.8358
14589.13, 7.938549, 0.576821, 11.30715, 10.4616
28862.21, 7.845642, 0.56403, 9.83502, 10.5217
7582.72, 8.365243, 0.826909, 13.69305, 26.765
7431.06, 8.290951, 0.777432, 13.62786, 181.273
6715.34, 8.045212, 0.618182, 13.66781, 10.8983
4716.78, 8.437538, 0.867284, 15.80426, 12.916
4833.77, 7.871682, 0.503267, 14.87783, 13.7581
5284.81, 8.027884, 0.599187, 14.65263, 11.1599
7648.21, 8.449773, 0.882947, 13.81047, 14.9583
9986.79, 8.034254, 0.620721, 12.24234, 23.3579
3848.0, 7.611617, 0.387071, 15.49012, 16.4165
6133.26, 8.35424, 0.816319, 14.47371, 10.0025
5084.59, 8.13485, 0.665235, 14.98057, 20.1254
4459.73, 7.948323, 0.546175, 15.3556, 14.6148
10964.82, 8.248982, 0.757469, 12.29849, 13.4961
4956.23, 8.357166, 0.813246, 15.44324, 10.6451
8075.51, 8.364531, 0.827351, 13.48991, 10.2996
7009.46, 8.161958, 0.692298, 13.67643, 10.55
5833.5, 8.399056, 0.845265, 14.74501, 16.2813
4203.54, 7.781148, 0.461995, 15.38362, 10.4048
6802.93, 8.369833, 0.828425, 14.09501, 10.7035
7782.56, 8.333207, 0.806071, 13.54301, 28.5627
4874.27, 7.864864, 0.499707, 14.82718, 19.0612
6643.51, 8.043781, 0.617073, 13.69464, 18.532
5070.83, 8.024363, 0.595185, 14.84034, 19.0282
5376.61, 8.313096, 0.785116, 14.97454, 19.112
6099.21, 8.211071, 0.721203, 14.26673, 17.934
5978.58, 8.310418, 0.786531, 14.50094, 10.9213
5664.23, 8.247129, 0.742962, 14.63567, 15.5461
7569.21, 8.193328, 0.713851, 13.43663, 15.8966
8940.23, 8.283756, 0.77577, 13.0023, 11.139
5849.23, 8.013137, 0.594848, 14.1617, 10.7119
4957.84, 7.924485, 0.534378, 14.81986, 19.6012
4831.97, 7.962861, 0.556273, 14.99645, 13.7655
5804.18, 8.285706, 0.769323, 14.58737, 13.8713
5152.34, 8.14093, 0.669593, 14.93301, 10.4486
5153.77, 8.210566, 0.715296, 15.03339, 11.6765
8827.27, 8.227136, 0.738601, 12.95365, 13.4714
5202.43, 7.960152, 0.55745, 14.63786, 10.1747
6990.52, 7.987717, 0.584373, 13.43842, 10.4217
14695.71, 8.474582, 0.909614, 12.12792, 10.2466
4397.39, 7.844392, 0.486137, 15.28852, 15.1055
4567.91, 7.921117, 0.530439, 15.21099, 20.5931
5379.8, 8.241558, 0.737238, 14.86397, 20.5635
3882.9, 7.809512, 0.465729, 15.73253, 16.663
4783.82, 8.048559, 0.608696, 15.15892, 14.3426
5597.92, 8.045331, 0.612877, 14.40463, 10.8715
4681.27, 7.815554, 0.471475, 14.96403, 26.0437
6183.02, 8.424967, 0.863674, 14.55187, 11.3439
5979.44, 8.053993, 0.620549, 14.13168, 12.7226
5278.11, 8.241938, 0.736853, 14.95633, 12.8375
6736.24, 8.245012, 0.745556, 13.94498, 12.0383
10476.59, 8.319025, 0.802011, 12.55244, 10.9515
7495.24, 7.99759, 0.591746, 13.1999, 10.3808
5360.65, 7.95357, 0.555361, 14.4751, 16.2858
5044.99, 7.940727, 0.544572, 14.75484, 17.2664
5482.64, 7.963426, 0.562442, 14.38431, 15.1212
10011.41, 8.604665, 0.985669, 13.1763, 13.0018
7666.69, 8.388174, 0.842255, 13.70315, 19.8025
5346.89, 7.886163, 0.516466, 14.40041, 11.6582
6683.59, 8.230709, 0.736027, 13.94523, 11.9032
9326.2, 8.245874, 0.75189, 12.81237, 10.1081
6088.64, 7.986298, 0.580067, 13.95725, 17.7695
9232.46, 7.993811, 0.594565, 12.44868, 17.7573
6050.37, 7.953542, 0.560537, 13.93859, 11.8352
5059.37, 7.993577, 0.57626, 14.81034, 12.9766
7293.99, 8.037718, 0.615303, 13.34162, 10.8697
6295.63, 8.258551, 0.753169, 14.21422, 11.0085
4791.74, 7.836931, 0.483704, 14.87838, 16.1286
8427.99, 8.416562, 0.862318, 13.42011, 14.359
5759.84, 8.181205, 0.700176, 14.4651, 13.956
11960.02, 7.567999, 0.414414, 11.07357, 18.3027
5310.35, 8.012996, 0.590349, 14.60151, 13.4777
5383.56, 8.547268, 0.941777, 15.35658, 11.1042
5108.45, 8.031848, 0.600091, 14.81493, 13.0745
5033.09, 7.977684, 0.566458, 14.81619, 16.8658
4602.07, 7.843339, 0.486304, 15.08167, 10.6326
6090.68, 7.948045, 0.557554, 13.90463, 15.1114
5024.15, 8.053415, 0.61293, 14.92668, 10.2314
5969.11, 8.452171, 0.881181, 14.73272, 13.2976
5640.83, 8.262306, 0.7529, 14.67881, 13.5239
7426.64, 8.266781, 0.76149, 13.61506, 21.565
5236.96, 8.700409, 1.037601, 15.75768, 22.0122
13884.8, 7.912142, 0.560478, 11.34967, 11.5863
4733.43, 7.878222, 0.506411, 14.98913, 17.89
10671.76, 8.384044, 0.844903, 12.59656, 16.473
10743.67, 8.221403, 0.739226, 12.32843, 11.6649
4400.55, 8.319808, 0.786858, 15.92838, 15.0253
5373.56, 8.159073, 0.682958, 14.7532, 13.5291
4711.48, 7.870776, 0.502098, 15.01194, 17.7454
4606.17, 7.88223, 0.508132, 15.15087, 10.2633
6548.03, 8.053098, 0.622457, 13.78185, 11.7694
7240.16, 8.196995, 0.71547, 13.6238, 12.6793
4814.29, 7.988194, 0.571485, 15.06174, 11.6953
5960.66, 8.059598, 0.623916, 14.16238, 11.1235
16696.81, 7.945191, 0.585481, 11.08804, 12.4413
4976.56, 8.207972, 0.712739, 15.20896, 10.2304
4916.96, 8.153085, 0.676285, 15.18402, 11.2401
7867.39, 8.499628, 0.916023, 13.81128, 12.5692
9978.87, 7.854067, 0.518052, 12.00721, 10.0413
5148.69, 7.985688, 0.572212, 14.72181, 12.4739
5285.4, 8.186722, 0.700339, 14.87628, 13.0164
11781.8, 8.218397, 0.739516, 12.0939, 10.7436
6631.19, 8.299079, 0.780984, 14.07622, 18.3664
10558.66, 8.282713, 0.778497, 12.46871, 13.0061
7782.93, 8.523784, 0.931622, 13.89238, 10.6359
5066.88, 7.993436, 0.576231, 14.82044, 10.7506
5459.3, 8.095692, 0.643194, 14.59873, 11.7095
5480.19, 8.041212, 0.609401, 14.49635, 13.4772
5551.57, 7.980657, 0.57326, 14.35662, 13.3128
4713.18, 7.933979, 0.538553, 15.08791, 11.4249
4189.4, 7.812396, 0.468003, 15.4438, 32.3041
7363.67, 8.048149, 0.621858, 13.33086, 13.4063
8030.19, 8.446585, 0.881464, 13.64269, 11.3753
4726.07, 7.77316, 0.460842, 14.84925, 11.2186
11554.4, 8.01957, 0.616152, 11.82026, 17.6745
7731.3, 8.241891, 0.745798, 13.44651, 12.4924
8794.36, 8.097247, 0.655987, 12.75703, 57.7992
5842.22, 8.051558, 0.618311, 14.22628, 15.8083
5532.1, 8.134126, 0.668274, 14.58789, 13.8404
13918.52, 7.987689, 0.603038, 11.46917, 10.897
31038.72, 7.698278, 0.509223, 9.41555, 10.0232
6501.1, 8.25009, 0.748227, 14.08632, 11.1133
13269.97, 7.921545, 0.564086, 11.44594, 16.1485
6556.62, 8.293668, 0.777197, 14.11873, 12.073
6606.72, 8.043803, 0.616962, 13.72623, 12.3034
5109.36, 8.037131, 0.603371, 14.81084, 37.0874
8980.69, 8.308182, 0.791878, 13.02757, 16.74
6971.95, 7.965011, 0.570936, 13.40682, 15.191
4730.4, 8.194777, 0.70323, 15.42296, 11.1205
4386.15, 7.771974, 0.458433, 15.18712, 23.1354
8016.05, 7.958944, 0.570613, 12.90092, 13.8092
8371.97, 8.427173, 0.86922, 13.4763, 11.3124
4815.01, 7.883715, 0.509959, 14.92839, 13.3255
5876.09, 8.029958, 0.605233, 14.17262, 18.1056
5799.83, 8.342106, 0.806996, 14.68406, 27.7575
6692.66, 8.255143, 0.752103, 13.99394, 11.0868
4565.89, 7.804955, 0.465258, 15.07847, 18.0939
5858.35, 8.106766, 0.652916, 14.29314, 12.679
10514.1, 8.567644, 0.963241, 12.97327, 10.9635
6337.22, 8.251366, 0.748561, 14.18813, 10.8609
6070.12, 8.085786, 0.640762, 14.1158, 10.8064
4832.31, 7.865401, 0.499731, 14.87982, 15.1269
5609.5, 8.079181, 0.634008, 14.44247, 11.5918
5290.9, 8.159761, 0.682753, 14.83285, 11.2039
6162.77, 8.102779, 0.651857, 14.07751, 12.1336
5958.99, 8.240486, 0.739989, 14.40489, 16.8678
7157.96, 7.920647, 0.545928, 13.25587, 18.6664
7025.49, 8.219113, 0.729336, 13.75781, 14.763
5058.34, 8.211147, 0.715201, 15.13311, 10.3039
4870.18, 8.080942, 0.629513, 15.13369, 10.5604
6127.25, 8.004121, 0.59093, 13.96267, 19.9893
11114.68, 8.297991, 0.789563, 12.35082, 17.8771
7129.32, 8.041952, 0.617416, 13.4494, 13.1448
14165.29, 8.088991, 0.663508, 11.58333, 28.9825
20014.7, 7.925436, 0.582601, 10.70433, 11.3202
4288.68, 7.814889, 0.469624, 15.37918, 10.8108
5079.82, 8.443077, 0.871664, 15.45612, 19.4427
6060.27, 8.007438, 0.592581, 14.01247, 14.8204
10197.55, 7.99858, 0.600116, 12.12249, 13.5252
11099.01, 8.062705, 0.640823, 11.98735, 10.6861
4940.17, 7.801985, 0.465934, 14.69178, 10.2955
10183.57, 8.051014, 0.631355, 12.22091, 12.8998
5456.9, 7.537809, 0.36945, 13.80458, 14.4587
4891.67, 7.879353, 0.507977, 14.82875, 12.4513
6623.29, 7.901977, 0.533553, 13.51441, 12.7527
7041.3, 8.671336, 1.023238, 14.48278, 14.6074
6080.63, 8.297383, 0.778199, 14.41988, 10.6573
6642.26, 8.035292, 0.611886, 13.68595, 11.3001
7738.76, 8.453482, 0.885539, 13.773, 15.7483
8546.73, 8.254521, 0.755804, 13.11043, 18.5071
7738.67, 8.14297, 0.681965, 13.28739, 12.3916
9082.22, 8.381105, 0.840053, 13.12441, 11.3394
6092.13, 8.111992, 0.657351, 14.13742, 10.471
8036.83, 7.982397, 0.58438, 12.91849, 15.2767
16888.94, 8.166096, 0.716172, 11.38372, 10.8904
6373.15, 8.431622, 0.868586, 14.44378, 10.1814
8601.23, 8.341833, 0.813306, 13.22663, 16.361
6118.8, 8.159374, 0.687711, 14.17827, 20.7508
9135.51, 7.997533, 0.596488, 12.49171, 20.5357
8777.53, 8.001166, 0.59763, 12.63933, 10.4714
4626.74, 8.069502, 0.621406, 15.34435, 13.718
8597.87, 8.264035, 0.762134, 13.09177, 28.5347
13104.95, 8.050519, 0.638065, 11.6515, 13.5508
4208.09, 7.741676, 0.443757, 15.32628, 10.74
5454.04, 7.833875, 0.488849, 14.23457, 15.5663
8290.11, 8.420798, 0.864885, 13.48478, 12.561
4125.07, 7.919621, 0.528353, 15.64489, 13.5897
4045.36, 7.050509, 0.199411, 14.68305, 10.8757
6366.15, 8.114644, 0.660165, 13.95737, 16.0417
4647.76, 7.90522, 0.521487, 15.11161, 14.4042
5277.01, 8.104991, 0.647376, 14.75958, 13.004
6083.0, 8.047218, 0.616908, 14.04327, 16.2588
5021.58, 7.92821, 0.537053, 14.76178, 14.6136
5128.8, 8.01552, 0.590189, 14.77244, 19.5744
5286.64, 8.055372, 0.616204, 14.67904, 16.9279
13232.26, 7.992564, 0.604242, 11.54322, 16.1683
10900.95, 8.757983, 1.077183, 13.22219, 11.3916
10206.34, 8.023619, 0.614973, 12.16922, 10.8297
5779.96, 8.451398, 0.880015, 14.87873, 13.1529
5387.43, 8.0053, 0.586522, 14.53101, 10.2758
4962.29, 8.144504, 0.670869, 15.12236, 14.1783
12582.36, 7.268173, 0.327237, 10.52854, 13.3782
6580.28, 7.941262, 0.555803, 13.59754, 10.0924
4798.4, 8.173926, 0.689598, 15.31784, 25.2
4832.46, 8.269917, 0.753838, 15.43278, 10.293
5176.93, 7.996157, 0.578791, 14.71018, 10.3395
5599.9, 7.943084, 0.551481, 14.25747, 14.2714
7378.1, 8.224525, 0.733689, 13.58682, 10.6699
6506.45, 8.072843, 0.634503, 13.82489, 13.2249
7038.17, 8.104966, 0.656183, 13.57961, 12.2872
6154.42, 8.012841, 0.596317, 13.94605, 19.3831
7107.18, 7.615843, 0.411774, 12.92276, 13.4804
5956.97, 8.432826, 0.868261, 14.7185, 12.5732
4973.66, 7.76692, 0.459796, 14.58534, 11.5466
4954.36, 7.232807, 0.257842, 13.91359, 11.4126
6369.94, 8.438767, 0.873328, 14.45068, 12.2273
5354.69, 7.977535, 0.569476, 14.51391, 10.7343
7007.0, 8.258398, 0.75504, 13.81168, 16.5918
6109.92, 8.11546, 0.659627, 14.12319, 17.1581
5496.35, 8.273621, 0.759445, 14.8146, 11.6372
4605.62, 7.958959, 0.552991, 15.22617, 10.5344
6239.11, 7.97363, 0.573291, 13.84254, 12.2977
6932.22, 8.383293, 0.837648, 14.0471, 11.746
13434.63, 7.995636, 0.606495, 11.52421, 12.2624
7583.18, 8.013179, 0.601313, 13.17229, 11.4222
13574.06, 7.757097, 0.479533, 11.17568, 10.8551
4281.95, 7.516792, 0.349281, 14.96566, 12.5638
8863.64, 8.235656, 0.744213, 12.96679, 10.6942
19003.01, 8.044448, 0.646996, 10.95822, 36.8957
6190.89, 8.352137, 0.815092, 14.43242, 10.3442
3884.03, 7.674092, 0.41331, 15.53585, 15.2162
4338.73, 7.713047, 0.431205, 15.16742, 10.2317
5476.86, 7.960984, 0.560947, 14.38213, 14.7378
5001.23, 8.029201, 0.597695, 14.91558, 12.724
11379.91, 8.716776, 1.05433, 13.02453, 11.113
12983.89, 8.523471, 0.938693, 12.3905, 10.0688
7637.84, 8.055343, 0.627017, 13.20362, 14.5392
7263.78, 8.559634, 0.954009, 14.17471, 10.428
7052.86, 8.379283, 0.835224, 13.97926, 10.6661
6379.09, 8.372601, 0.829279, 14.3306, 14.0867
4619.33, 7.998842, 0.577235, 15.25836, 11.7333
5313.25, 8.180364, 0.69636, 14.82491, 14.6913
5690.49, 8.124053, 0.66293, 14.42727, 14.5855
6417.43, 8.062189, 0.627574, 13.84446, 17.5601
6366.78, 7.929829, 0.54835, 13.70369, 12.1975
14864.42, 7.990243, 0.606715, 11.34008, 10.6845
5185.07, 7.836378, 0.486951, 14.48504, 10.707
16840.57, 7.91049, 0.566815, 10.99482, 13.05
7959.98, 8.234367, 0.741374, 13.32677, 13.2586
5334.61, 8.090544, 0.638717, 14.68598, 18.945
5753.52, 8.152402, 0.681488, 14.41824, 19.6298
5977.71, 7.990504, 0.581965, 14.03894, 12.0418
5777.51, 7.170753, 0.257957, 13.04129, 12.7253
5166.96, 8.239866, 0.734867, 15.05369, 11.4142
7170.93, 8.894458, 1.146612, 14.83715, 17.0249
10321.07, 8.188819, 0.717413, 12.38084, 10.2644
8488.81, 8.011068, 0.602693, 12.76977, 12.2274
9565.64, 7.75607, 0.466247, 12.00033, 11.169
6288.47, 7.970453, 0.571639, 13.80774, 11.1254
5205.59, 7.901653, 0.523477, 14.5411, 20.4572
4269.72, 7.891504, 0.512365, 15.47134, 11.3559
5121.51, 8.105697, 0.64669, 14.90631, 14.136
5225.59, 8.006308, 0.585409, 14.65969, 22.1014
8446.22, 8.049377, 0.625641, 12.84543, 10.5626
9888.49, 8.507798, 0.924203, 13.04427, 11.3331
7219.01, 8.32556, 0.799902, 13.80939, 15.7994
6453.69, 8.046711, 0.618188, 13.81236, 10.3173
5866.56, 8.141675, 0.675196, 14.32812, 11.8651
9461.04, 8.289042, 0.780329, 12.81047, 25.903
6677.27, 7.819061, 0.488496, 13.38236, 10.9536
9486.47, 8.278023, 0.773183, 12.79125, 16.7802
7548.6, 7.845752, 0.505778, 12.95968, 12.0686
5192.53, 7.962231, 0.558583, 14.6412, 19.4728
4678.23, 8.24222, 0.73483, 15.53705, 10.8672
5346.55, 8.141789, 0.671546, 14.74794, 11.4917
9423.11, 7.909311, 0.546539, 12.26602, 10.4232
5065.47, 7.945245, 0.547398, 14.73991, 10.3709
4619.45, 8.216112, 0.717186, 15.55631, 10.9848
8569.9, 7.975802, 0.582092, 12.68725, 10.1976
5095.82, 7.925705, 0.536222, 14.68627, 12.8939
10186.9, 8.162927, 0.700647, 12.37837, 10.8004
6466.51, 8.167861, 0.694497, 13.97734, 11.669
4727.4, 7.881184, 0.508062, 14.99002, 21.541
4381.47, 7.308837, 0.27369, 14.62088, 19.0256
7550.02, 8.422935, 0.865058, 13.80695, 13.2596
7930.88, 7.733239, 0.45829, 12.6107, 11.8345
4370.71, 7.954921, 0.549872, 15.45206, 11.5673
26562.64, 9.178809, 1.268874, 12.4244, 10.1207
5561.99, 8.049925, 0.615448, 14.43429, 16.9896
6923.36, 8.223794, 0.732137, 13.80622, 12.371
7178.93, 8.268344, 0.761985, 13.74119, 10.8613
11450.46, 8.486826, 0.913077, 12.57549, 12.8276
9468.6, 8.07078, 0.641457, 12.48018, 12.8587
8117.89, 7.956024, 0.569231, 12.84744, 17.7429
9509.5, 7.986846, 0.59125, 12.33927, 17.695
14510.49, 7.96729, 0.592782, 11.35745, 10.5432
4831.58, 7.912741, 0.526716, 14.93188, 18.1557
5432.74, 8.279299, 0.762779, 14.87778, 14.1895
6570.29, 8.093888, 0.647845, 13.81181, 10.872
8218.97, 8.242983, 0.74756, 13.22815, 10.1182
7103.27, 8.296019, 0.78009, 13.82232, 10.0314
4567.99, 7.273131, 0.264709, 14.3783, 21.3221
15869.32, 7.933904, 0.577325, 11.13578, 11.7645
4728.63, 8.298362, 0.772861, 15.57001, 15.4789
4970.32, 8.464491, 0.885852, 15.59642, 20.1725
4945.35, 7.32041, 0.281948, 14.02516, 30.6761
17456.96, 8.16299, 0.715276, 11.31317, 13.865
6033.71, 8.110491, 0.656128, 14.15514, 32.4005
5287.32, 8.361023, 0.816991, 15.13319, 10.9324
6753.41, 7.984408, 0.581664, 13.55109, 19.2669
5535.13, 8.109805, 0.65278, 14.53984, 12.7722
4195.4, 7.762573, 0.453273, 15.36483, 15.9204
7618.99, 8.284476, 0.773542, 13.55666, 12.2353
5959.03, 8.172837, 0.695713, 14.30376, 17.7597
6736.29, 8.001189, 0.591603, 13.58363, 18.537
16634.3, 8.418229, 0.87605, 11.8018, 11.7182
6872.41, 8.010072, 0.597359, 13.52275, 15.1017
11969.99, 7.992348, 0.601163, 11.70632, 10.6021
4533.68, 7.792131, 0.469032, 15.06551, 10.9056
4677.33, 8.070986, 0.622502, 15.29621, 10.3869
7494.77, 8.27807, 0.769065, 13.60449, 15.1091
6910.04, 8.270476, 0.762766, 13.86819, 51.5357
4824.73, 8.212947, 0.715567, 15.34703, 15.8771
5418.21, 7.971809, 0.566772, 14.441, 25.5017
7607.04, 8.288174, 0.775956, 13.56256, 12.5739
5634.5, 8.884419, 1.140086, 15.77145, 10.0583
7478.19, 7.89963, 0.53511, 13.06765, 12.5517
4571.97, 7.773267, 0.45982, 14.99829, 10.8356
5250.22, 7.820291, 0.479141, 14.40172, 16.4317
6295.85, 8.063123, 0.627672, 13.92936, 13.421
6722.77, 8.114128, 0.661057, 13.7522, 10.5964
5102.44, 8.163974, 0.684307, 15.00593, 10.1974
5620.72, 8.322901, 0.793248, 14.78802, 22.1449
4982.41, 8.183861, 0.696785, 15.14946, 10.278
4395.65, 7.763848, 0.45477, 15.16657, 18.0636
5587.59, 8.352132, 0.812646, 14.86083, 13.193
5773.7, 8.03337, 0.606724, 14.24475, 11.2596
5404.36, 8.251724, 0.744176, 14.8603, 12.3069
7464.4, 8.0137, 0.60128, 13.22486, 13.8321
10924.41, 8.688108, 1.03716, 13.07424, 11.7936
7449.42, 8.509269, 0.921699, 14.00153, 11.1285
12164.49, 7.913218, 0.556637, 11.563, 10.8534
4936.6, 7.929297, 0.537031, 14.84855, 18.3137
7026.1, 8.291727, 0.777077, 13.85487, 10.2823
7178.61, 8.387503, 0.840923, 13.91993, 22.1133
6288.17, 7.930421, 0.548334, 13.7544, 11.8481
4551.13, 7.23864, 0.25497, 14.3497, 14.7135
4764.82, 7.886538, 0.511293, 14.96903, 16.0707
12060.88, 7.943385, 0.573264, 11.62254, 10.5718
9030.18, 7.986953, 0.589954, 12.5196, 10.8937
9062.68, 7.95995, 0.574295, 12.46761, 11.9731
3825.77, 7.565, 0.367495, 15.45368, 15.7174
5513.38, 8.096896, 0.644432, 14.54037, 11.1492
11290.29, 8.026192, 0.619414, 11.88371, 12.759
5504.63, 8.642629, 1.002784, 15.42063, 13.3343
8177.32, 8.44356, 0.879704, 13.5713, 13.168
11576.25, 7.977703, 0.591704, 11.75192, 10.332
6377.12, 8.314623, 0.790629, 14.24822, 20.3842
17080.2, 8.016808, 0.626911, 11.12188, 20.5118
8733.39, 8.55232, 0.951264, 13.53795, 12.973
5643.09, 8.028309, 0.602746, 14.33962, 11.0952
5323.84, 7.938166, 0.545922, 14.48915, 12.9192
6104.36, 7.904661, 0.532733, 13.83777, 10.3393
7588.72, 8.341127, 0.810941, 13.65935, 11.6664
9087.35, 8.000451, 0.598079, 12.51258, 15.404
11710.11, 8.462716, 0.897872, 12.48597, 10.3121
7634.29, 8.398261, 0.848877, 13.71637, 27.4143
7436.86, 7.964057, 0.571812, 13.17046, 14.5013
6782.05, 8.292918, 0.777287, 13.98617, 12.7845
11013.35, 8.308546, 0.796237, 12.37993, 19.2566
6306.73, 8.279379, 0.766996, 14.2391, 11.9191
4564.2, 7.723921, 0.437457, 14.94239, 12.1376
6253.61, 8.121281, 0.663932, 14.03824, 15.1333
5841.33, 8.513034, 0.921067, 14.92791, 12.8896
4821.8, 8.131498, 0.66187, 15.2343, 11.8338
7193.76, 7.860147, 0.512371, 13.14966, 17.8313
5121.8, 8.067431, 0.622401, 14.84043, 29.453
15642.64, 8.118373, 0.684426, 11.44029, 10.3812
6218.95, 8.137028, 0.673808, 14.08339, 14.0486
6902.05, 8.322525, 0.797205, 13.967, 13.3972
4946.45, 8.187189, 0.698839, 15.18813, 10.1987
8348.35, 8.293649, 0.781064, 13.25941, 12.8138
5757.02, 8.132506, 0.668735, 14.39658, 17.9055
7504.48, 8.428316, 0.868539, 13.84038, 12.4247
4769.61, 7.919756, 0.530471, 15.00233, 11.4657
4909.39, 7.994022, 0.575519, 14.95017, 26.8786
5273.72, 8.019392, 0.593869, 14.64363, 14.7574
7178.34, 7.955806, 0.566209, 13.28783, 16.0589
6882.02, 7.939469, 0.555809, 13.42034, 15.9403
7025.41, 8.476363, 0.899469, 14.15143, 11.2055
11103.27, 7.98541, 0.594934, 11.8628, 11.9742
8487.98, 8.053501, 0.628266, 12.81664, 36.2824
6903.38, 8.107389, 0.657334, 13.64424, 12.8148
4890.96, 7.959455, 0.554558, 14.93285, 12.7736
17918.87, 8.295419, 0.799381, 11.46076, 27.6238
4643.93, 7.990715, 0.572342, 15.2225, 13.4301
9013.16, 8.098131, 0.657111, 12.68625, 12.0042
9859.63, 8.324075, 0.804081, 12.74049, 17.6134
4855.09, 7.999667, 0.57868, 15.01812, 10.8604
4299.19, 7.603743, 0.385341, 15.05294, 14.9926
11023.13, 8.220991, 0.739566, 12.2367, 15.6529
11938.28, 8.38173, 0.845587, 12.3053, 11.1648
14939.65, 7.884354, 0.548103, 11.17449, 13.3025
5150.6, 8.073525, 0.626451, 14.83209, 13.2958
4383.49, 7.732546, 0.440392, 15.13821, 12.4742
10595.63, 8.05165, 0.632841, 12.09405, 12.1727
4917.94, 8.039244, 0.603452, 15.01154, 12.0227
7081.91, 8.358824, 0.821695, 13.93089, 19.0877
6773.65, 8.720439, 1.052155, 14.71369, 11.7982
6300.14, 8.182476, 0.703356, 14.09724, 15.303
7484.45, 8.300558, 0.783887, 13.64301, 12.642
6073.67, 8.231919, 0.734791, 14.31673, 11.6508
5930.57, 8.166034, 0.691184, 14.31813, 14.3557
4945.47, 7.97027, 0.561376, 14.89309, 13.8506
20561.09, 8.396676, 0.867566, 11.38489, 10.6208
16047.55, 7.91993, 0.57007, 11.09705, 10.1453
5647.5, 8.351612, 0.812641, 14.81169, 13.3523
10685.36, 8.369781, 0.835601, 12.57076, 12.6304
17829.07, 8.841821, 1.127021, 12.4623, 10.3189
7480.82, 8.302342, 0.785059, 13.64301, 24.5639
5260.0, 8.686689, 1.029354, 15.71364, 10.5508
5565.87, 8.194008, 0.707324, 14.63766, 15.7268
4722.07, 7.903767, 0.520968, 15.03342, 14.0578
16027.03, 8.043657, 0.640367, 11.26872, 36.977
8396.11, 8.59099, 0.97527, 13.73505, 13.1576
6257.75, 8.065102, 0.62874, 13.95605, 10.8939
7157.48, 7.963379, 0.570559, 13.31124, 17.3254
5367.81, 7.682088, 0.427271, 14.08193, 10.0476
19191.33, 8.128762, 0.697479, 11.07877, 18.8824
6772.22, 8.293928, 0.777931, 13.99249, 11.3267
9450.64, 8.235611, 0.745512, 12.74215, 13.7795
7955.25, 7.94029, 0.559661, 12.89948, 10.3455
4309.71, 7.514863, 0.348753, 14.93318, 10.0374
4490.14, 7.977893, 0.564056, 15.35933, 15.2857
4907.6, 7.85799, 0.496118, 14.78651, 14.2716
5983.26, 8.000199, 0.587805, 14.04851, 11.2892
5696.52, 8.068596, 0.62799, 14.35357, 15.463
7568.49, 9.299815, 1.300672, 15.5259, 10.7107
7536.09, 7.818028, 0.490988, 12.925, 23.0604
25666.3, 7.774788, 0.522309, 9.9785, 12.9521
8188.42, 8.219694, 0.732322, 13.20573, 11.2772
6892.72, 8.3848, 0.838569, 14.07098, 13.8646
6615.69, 8.450794, 0.881835, 14.32215, 12.192
4830.37, 8.187591, 0.698723, 15.30239, 10.5064
7886.93, 7.760035, 0.462409, 12.68703, 10.4835
4572.07, 8.093412, 0.636523, 15.43238, 12.6544
5168.2, 8.021229, 0.594019, 14.74337, 12.396
6568.19, 8.366988, 0.825998, 14.21999, 11.6452
7100.88, 8.046072, 0.619851, 13.45384, 18.8979
5434.88, 7.91254, 0.532386, 14.35825, 14.9154
6826.84, 8.147422, 0.6825, 13.74429, 12.4225
5760.59, 8.009323, 0.592002, 14.22325, 19.4533
7089.98, 8.222432, 0.73166, 13.71654, 12.2251
8207.78, 8.494874, 0.913417, 13.64605, 10.7468
6313.38, 8.182667, 0.703528, 14.08963, 11.4336
13283.31, 8.242369, 0.757686, 11.90116, 15.4853
9315.85, 8.251757, 0.755692, 12.81499, 11.3195
19204.66, 7.945651, 0.59161, 10.80485, 10.0534
4821.9, 7.607456, 0.389816, 14.51587, 10.1358
5334.48, 8.210067, 0.716047, 14.85714, 14.4557
7214.19, 8.337659, 0.807914, 13.83313, 13.8011
4084.4, 7.826767, 0.475582, 15.56376, 28.2013
5847.94, 8.109351, 0.654498, 14.29747, 10.3851
6128.43, 7.95176, 0.559918, 13.87117, 25.4115
4639.96, 7.918851, 0.529379, 15.13563, 15.028
5767.79, 8.084224, 0.638211, 14.31968, 20.2306
6499.63, 8.109324, 0.657295, 13.86941, 18.095
16113.98, 8.006658, 0.61898, 11.21585, 10.5725
6185.89, 7.941276, 0.554112, 13.83448, 10.387
6357.24, 8.182642, 0.703669, 14.06351, 10.5885
4864.58, 8.299, 0.773582, 15.43507, 12.4124
5553.43, 8.214604, 0.720749, 14.67785, 14.0272
7352.18, 8.153203, 0.687551, 13.48347, 12.1917
5268.58, 8.048773, 0.611931, 14.67871, 25.374
19200.22, 8.473523, 0.914648, 11.65129, 21.6812
4663.2, 8.074651, 0.624789, 15.31587, 10.0876
4820.03, 7.254493, 0.261959, 14.0763, 10.505
4801.94, 7.944023, 0.544897, 15.00206, 19.5328
9008.27, 8.302566, 0.788246, 13.00873, 17.0477
5742.43, 8.010484, 0.592586, 14.23638, 13.4266
5719.29, 8.246202, 0.74265, 14.59269, 10.0321
6222.06, 8.173204, 0.697058, 14.13144, 13.0416
4788.29, 7.94664, 0.546382, 15.02033, 18.8012
6723.05, 8.497458, 0.912839, 14.34609, 11.1872
4530.36, 8.028734, 0.595464, 15.38833, 11.1714
4144.68, 7.310719, 0.273054, 14.86239, 26.1242
5673.2, 7.614334, 0.402955, 13.72773, 19.8256
8462.9, 8.583016, 0.970352, 13.69671, 11.645
4673.42, 7.964463, 0.556541, 15.16007, 20.2917
4906.23, 7.894544, 0.516716, 14.83292, 21.881
4623.09, 7.757982, 0.45311, 14.92647, 13.3653
5424.39, 7.859145, 0.502319, 14.29487, 21.4435
10778.33, 7.991202, 0.597416, 11.95611, 10.1169
8724.83, 8.037548, 0.619251, 12.71383, 10.1661
6495.11, 8.023349, 0.604107, 13.74444, 26.4685
5412.68, 8.106114, 0.649335, 14.63547, 13.8336
5569.56, 8.46675, 0.889275, 15.06161, 16.1811
5385.98, 8.101505, 0.646149, 14.65734, 11.2416
5811.78, 7.980246, 0.574871, 14.13358, 26.3244
17951.78, 8.061432, 0.654791, 11.10627, 18.3889
6040.32, 8.036193, 0.609932, 14.05914, 15.4636
11035.72, 8.505426, 0.924445, 12.71194, 10.85
4913.76, 7.910091, 0.525703, 14.84662, 18.2511
10766.93, 8.013326, 0.610398, 11.9875, 11.3622
7378.11, 7.970688, 0.575511, 13.21278, 11.3979
14662.39, 8.321933, 0.811185, 11.87938, 13.396
6853.57, 7.895267, 0.530603, 13.3728, 15.0541
6523.14, 7.883851, 0.52303, 13.54991, 10.5039
6980.67, 8.263294, 0.758201, 13.83504, 11.1258
5451.64, 8.273399, 0.758967, 14.85167, 12.2214
5520.19, 8.029092, 0.6023, 14.43991, 12.1183
12594.63, 8.078624, 0.653896, 11.75132, 17.6734
8277.99, 8.475493, 0.900838, 13.56864, 33.9641
5676.67, 8.155558, 0.683066, 14.49177, 11.8502
5879.1, 8.215877, 0.723442, 14.4267, 11.4004
6687.86, 8.012731, 0.598372, 13.62959, 12.8865
5857.93, 8.427084, 0.86409, 14.77203, 18.1709
4801.53, 7.99768, 0.577215, 15.06481, 26.1857
6402.93, 8.231144, 0.735465, 14.10494, 12.0801
5814.29, 8.401312, 0.846699, 14.76343, 10.6623
5831.54, 7.69436, 0.435992, 13.72622, 11.55
7579.5, 7.859451, 0.513286, 12.9634, 10.3134
9315.39, 8.402266, 0.854372, 13.06448, 12.1949
5250.68, 8.045046, 0.609451, 14.70029, 17.0583
5024.38, 7.951994, 0.551054, 14.7881, 16.7748
5472.65, 8.271341, 0.757747, 14.82959, 11.0638
4933.57, 8.049289, 0.609813, 15.00954, 10.6997
5530.98, 7.788521, 0.465576, 14.11588, 13.3659
6623.77, 8.010179, 0.59662, 13.66028, 14.1698
4937.66, 7.969443, 0.560829, 14.90018, 11.4863
16573.42, 7.866674, 0.542822, 10.9627, 10.6332
4849.55, 8.090359, 0.635439, 15.14606, 10.2399
6673.55, 8.265282, 0.758734, 14.00243, 14.7067
8341.3, 8.183292, 0.709162, 13.08625, 12.8363
6831.65, 8.30212, 0.783504, 13.97349, 11.0069
4949.08, 8.071809, 0.624077, 15.02316, 11.5952
7612.41, 7.771804, 0.467381, 12.83686, 11.5416
5264.18, 8.242911, 0.737423, 14.97094, 10.1477
7424.65, 8.486988, 0.907078, 14.00051, 12.9682
5774.42, 8.001852, 0.587579, 14.20766, 19.3971
6148.07, 8.042963, 0.614615, 13.99437, 18.7976
7286.41, 8.401554, 0.85044, 13.88695, 44.6654
5764.1, 8.091659, 0.642859, 14.31686, 25.07
5296.89, 8.370055, 0.823129, 15.13851, 13.8849
7231.97, 8.441979, 0.877113, 13.9921, 13.2848
6391.89, 8.024299, 0.60428, 13.81771, 11.0947
6412.94, 8.220453, 0.728488, 14.08444, 10.3635
9848.13, 8.21958, 0.736049, 12.56219, 29.5171
6069.86, 8.057505, 0.623181, 14.06698, 16.2364
10377.7, 8.707113, 1.047745, 13.25523, 43.3637
5229.1, 8.102942, 0.645694, 14.79951, 21.5019
5871.66, 7.99304, 0.582869, 14.11824, 10.3213
4792.62, 7.989203, 0.572001, 15.07207, 14.6402
11719.33, 8.104992, 0.668121, 11.89989, 29.4257
8610.82, 8.243689, 0.748874, 13.06507, 19.2498
4801.67, 8.727308, 1.053198, 16.21456, 13.9765
7644.1, 8.023839, 0.607896, 13.15538, 22.0453
4004.77, 7.772316, 0.456845, 15.55736, 13.2
7445.11, 7.94228, 0.559215, 13.12542, 32.4276
4673.86, 8.402065, 0.843196, 15.78184, 18.2448
4543.41, 7.873164, 0.502752, 15.17478, 11.8179
17810.92, 8.169073, 0.719671, 11.27802, 10.0891
9819.1, 8.35735, 0.825812, 12.79269, 40.7181
9098.5, 8.517119, 0.929141, 13.33968, 11.3729
5545.45, 7.651616, 0.416655, 13.88342, 18.9548
8048.45, 8.293516, 0.780378, 13.38116, 11.4307
6588.77, 8.018938, 0.601779, 13.69405, 14.307
11593.54, 7.300298, 0.330818, 10.72654, 10.8307
22609.91, 7.957072, 0.605971, 10.51489, 13.8057
7047.95, 8.102767, 0.654829, 13.56133, 18.7727
8186.08, 8.408375, 0.856518, 13.48909, 24.4294
6585.18, 8.244544, 0.744825, 14.02087, 10.7422
21184.98, 8.552131, 0.965918, 11.61129, 15.5375
4485.31, 7.713494, 0.432447, 15.00917, 13.178
4910.29, 7.801586, 0.465458, 14.71304, 13.2013
5494.1, 8.01503, 0.593496, 14.44323, 10.3013
6365.19, 8.15438, 0.685472, 14.01141, 10.3487
6855.11, 8.321107, 0.796155, 13.99, 17.1371
12387.08, 8.112342, 0.674083, 11.81884, 11.4965
5242.65, 8.091014, 0.638216, 14.76985, 14.5414
10711.19, 8.677837, 1.030855, 13.11502, 12.8646
12127.29, 8.042878, 0.631346, 11.75103, 11.5612
8387.32, 8.037537, 0.618298, 12.85265, 10.7668
8658.58, 8.149613, 0.688466, 12.90373, 11.8356
5148.77, 7.909457, 0.527333, 14.61428, 10.5061
5452.86, 7.942079, 0.549626, 14.37936, 10.0302
5414.58, 8.012433, 0.59114, 14.50938, 10.4356
9837.75, 8.012482, 0.60731, 12.26447, 10.7878
7297.96, 8.244931, 0.74686, 13.6475, 11.8438
5376.97, 8.08492, 0.635584, 14.64118, 12.5892
6153.1, 8.366718, 0.824716, 14.47156, 11.6804
22501.0, 8.386155, 0.863506, 11.19479, 26.4867
8382.23, 8.108796, 0.662077, 12.95771, 11.3292
12856.04, 7.953924, 0.581194, 11.53629, 16.729
6974.44, 8.633131, 0.999802, 14.44956, 11.3624
6699.96, 8.21615, 0.726552, 13.91211, 20.6957
4639.28, 7.809016, 0.467756, 15.00045, 19.4383
6428.05, 8.349633, 0.81409, 14.27266, 19.7886
4463.28, 7.798096, 0.471224, 15.14313, 10.5746
5916.47, 8.383201, 0.834973, 14.65905, 10.7719
4915.32, 7.994068, 0.575581, 14.9541, 12.3334
6933.36, 8.107702, 0.657615, 13.62615, 13.8405
5535.8, 7.979492, 0.572438, 14.35921, 22.9729
5958.46, 8.133384, 0.670326, 14.25148, 10.5879
6208.27, 8.326693, 0.798163, 14.37395, 10.1439
11525.59, 8.046897, 0.632361, 11.86609, 11.604
5070.14, 7.921997, 0.533846, 14.70698, 11.2448
6496.21, 7.983457, 0.580193, 13.69993, 11.7319
5434.38, 8.025913, 0.599563, 14.49851, 22.676
4870.37, 7.999615, 0.578724, 15.00619, 15.4759
13734.34, 7.960877, 0.587282, 11.44552, 14.8434
4756.24, 7.773242, 0.461317, 14.80936, 11.1375
5133.64, 7.827615, 0.481618, 14.52075, 10.5192
5845.35, 8.405355, 0.849524, 14.74575, 12.5586
5171.29, 8.207286, 0.713218, 15.00037, 10.0663
7319.31, 8.396371, 0.847063, 13.87643, 12.3054
4253.47, 7.73292, 0.439943, 15.26958, 13.5054
6395.51, 8.217337, 0.726392, 14.09104, 10.177
6821.14, 7.889717, 0.527391, 13.39018, 10.6416
5376.72, 8.117722, 0.656374, 14.68649, 13.8741
10022.33, 8.354727, 0.824485, 12.73895, 10.0771
4547.37, 8.343681, 0.803316, 15.81617, 11.5687
9598.62, 7.992492, 0.59482, 12.31523, 12.4347
6526.0, 8.241708, 0.742785, 14.04853, 11.2016
15343.9, 8.093092, 0.668457, 11.43093, 10.7433
12790.6, 8.04594, 0.634642, 11.67944, 13.3721
8620.54, 8.319422, 0.798568, 13.1871, 12.0767
5371.65, 7.906532, 0.528275, 14.40306, 12.1502
5387.26, 8.534094, 0.93316, 15.32962, 12.7616
5903.75, 8.26768, 0.757773, 14.48856, 13.9096
8375.91, 7.408006, 0.34543, 11.90456, 12.5897
4616.42, 8.288168, 0.765725, 15.66417, 13.4705
6556.77, 8.224106, 0.731331, 14.00641, 11.6108
4082.94, 7.59437, 0.38069, 15.2549, 11.2131
7177.52, 8.032452, 0.611773, 13.39551, 13.0751
5790.8, 8.390262, 0.839208, 14.7625, 11.175
6867.35, 8.976853, 1.18533, 15.16551, 16.1266
6233.94, 8.473442, 0.896, 14.59218, 11.2929
5214.07, 7.796447, 0.476431, 14.38314, 13.6504
16355.89, 8.180486, 0.724148, 11.45482, 12.6155
6484.44, 7.906486, 0.535557, 13.60191, 10.122
6877.52, 9.194163, 1.268787, 15.62001, 14.7458
6370.74, 8.373883, 0.830113, 14.33411, 25.561
6575.85, 7.968622, 0.571734, 13.63005, 16.2814
5666.56, 8.38141, 0.832718, 14.8426, 23.5675
5276.86, 7.995044, 0.579106, 14.6083, 18.8059
5635.28, 7.961358, 0.562468, 14.25518, 10.1992
5360.6, 7.971659, 0.566047, 14.50108, 11.669
6203.89, 8.262564, 0.755508, 14.27775, 13.2916
6882.51, 7.526405, 0.378745, 12.82073, 10.2422
5435.86, 8.063047, 0.622495, 14.55987, 12.6661
5096.62, 7.98094, 0.568914, 14.75839, 11.8758
9208.59, 8.01003, 0.604102, 12.48702, 12.447
12847.4, 8.033508, 0.627368, 11.65499, 10.9023
6055.47, 8.832237, 1.113693, 15.36029, 10.112
5688.03, 8.367233, 0.823322, 14.80451, 13.1741
6687.92, 8.175831, 0.700344, 13.86126, 13.9636
12264.49, 8.090335, 0.660323, 11.80489, 18.1919
5637.3, 7.784583, 0.473436, 14.00419, 13.6937
4301.44, 7.498537, 0.341978, 14.92538, 10.7004
8121.12, 8.381275, 0.838503, 13.49007, 15.272
4948.89, 7.909083, 0.525381, 14.80853, 15.6996
14132.95, 8.385314, 0.851292, 12.03435, 10.4447
4605.35, 7.806384, 0.466192, 15.0329, 13.5438
13531.92, 6.955467, 0.259543, 9.85416, 11.4511
5490.27, 8.252961, 0.74564, 14.78821, 11.1952
6526.81, 8.238149, 0.740449, 14.04441, 11.5047
10736.37, 8.016313, 0.612084, 11.99789, 12.7432
7840.51, 7.960079, 0.570734, 12.97727, 12.494
9699.84, 8.111863, 0.667398, 12.45679, 24.9103
16833.29, 8.070466, 0.657893, 11.22988, 12.2892
4998.74, 7.4062, 0.311015, 14.08143, 15.11
10430.11, 8.02397, 0.6158, 12.0957, 13.8761
7482.75, 9.18683, 1.266595, 15.31411, 11.9033
5263.03, 7.704542, 0.43524, 14.21025, 10.016
6220.52, 8.345289, 0.81061, 14.39583, 10.291
4733.37, 7.563387, 0.370965, 14.54953, 12.5701
6288.22, 8.50786, 0.918823, 14.61365, 18.4329
25063.76, 7.950488, 0.608267, 10.29715, 11.7455
4189.39, 7.499499, 0.341894, 15.03953, 12.0861
7861.19, 8.17043, 0.699777, 13.27276, 10.4639
14837.97, 7.961397, 0.590227, 11.29868, 10.7226
11473.18, 8.001754, 0.605454, 11.81414, 11.0528
4922.88, 7.874916, 0.505707, 14.79236, 19.2979
6006.59, 8.08778, 0.6417, 14.15404, 10.7268
8962.14, 8.008453, 0.602476, 12.57715, 11.8625
5235.4, 7.951978, 0.552971, 14.58776, 11.0586
9876.19, 8.2528, 0.757602, 12.61767, 17.6322
5671.57, 7.912652, 0.534488, 14.16234, 13.5573
5022.35, 7.959068, 0.555238, 14.79986, 10.6627
4800.99, 7.951782, 0.549501, 15.01267, 10.9165
5807.22, 7.896272, 0.526149, 14.03487, 11.3936
5691.08, 8.161121, 0.68675, 14.49005, 17.8148
4412.08, 7.662939, 0.410531, 15.01488, 12.7946
6075.5, 8.138976, 0.674434, 14.1801, 10.2849
6368.55, 8.187064, 0.706575, 14.05086, 29.5012
4859.73, 7.795783, 0.461973, 14.7564, 25.7201
5086.29, 7.879929, 0.509955, 14.63615, 18.6876
5414.25, 8.002556, 0.585152, 14.49481, 11.2271
7664.07, 8.197613, 0.716836, 13.40329, 18.3884
4829.33, 7.816745, 0.472963, 14.81519, 10.1811
7046.58, 8.191396, 0.711371, 13.69341, 11.9767
10421.1, 8.390796, 0.848862, 12.68143, 11.6735
6061.62, 8.135597, 0.672213, 14.18488, 13.08
4607.59, 8.259459, 0.746289, 15.63143, 12.7472
7650.62, 7.910892, 0.541987, 12.99779, 11.7026
4404.48, 8.290081, 0.766655, 15.87148, 12.3317
11734.03, 8.039609, 0.628498, 11.8121, 13.6912
5215.49, 7.873022, 0.507462, 14.50164, 17.6032
7633.52, 8.024991, 0.608561, 13.16528, 12.9957
6481.64, 7.875023, 0.51797, 13.5611, 14.5199
6232.4, 8.384205, 0.836624, 14.44807, 14.4581
4755.41, 7.780171, 0.464571, 14.81882, 10.1894
7582.19, 8.427266, 0.867977, 13.79959, 24.8256
5597.68, 7.918509, 0.537254, 14.22249, 10.6347
6743.39, 8.949438, 1.172759, 15.17162, 10.4396
27147.94, 8.336149, 0.838715, 10.74051, 11.7732
10597.25, 7.870134, 0.528641, 11.82749, 14.1452
13630.22, 8.504194, 0.927184, 12.28992, 15.2249
11993.44, 8.355453, 0.828575, 12.2549, 11.31
5264.83, 7.9592, 0.557561, 14.57103, 10.6637
4931.35, 8.060788, 0.617027, 15.02474, 11.9664
5853.99, 8.018897, 0.59837, 14.16156, 23.2412
5021.22, 7.738345, 0.447454, 14.49003, 10.6965
5376.01, 7.98772, 0.575805, 14.50825, 10.0067
7937.55, 7.77965, 0.472487, 12.69072, 10.7827
6323.53, 8.17744, 0.70018, 14.07561, 15.2905
6411.34, 8.258257, 0.753343, 14.143, 13.535
5984.98, 8.13169, 0.669368, 14.23143, 14.0845
4569.33, 7.950251, 0.54766, 15.24789, 10.8006
12717.19, 8.266227, 0.771995, 12.00156, 20.6968
6660.45, 7.910467, 0.538481, 13.50705, 11.2411
4789.76, 8.094596, 0.637937, 15.21331, 11.1377
10188.48, 7.523815, 0.392831, 11.39483, 10.0775
5466.4, 8.427866, 0.86278, 15.08374, 11.4349
5887.65, 7.835289, 0.493109, 13.90308, 12.88
12360.45, 8.003609, 0.608647, 11.66225, 11.6784
5102.03, 7.884596, 0.512733, 14.62716, 11.5989
4234.93, 7.754351, 0.449361, 15.31645, 15.1942
5731.35, 8.272498, 0.760172, 14.62363, 10.7525
5794.07, 8.082893, 0.637532, 14.29879, 10.0285
21862.5, 8.338435, 0.832451, 11.18106, 14.003
8008.3, 7.922194, 0.549504, 12.91251, 11.0148
9627.9, 9.332373, 1.310531, 14.82926, 10.1777
6662.16, 8.1464, 0.681366, 13.82174, 22.6761
4349.5, 7.826462, 0.476111, 15.31613, 10.7873
6314.64, 8.352546, 0.815728, 14.34747, 10.5735
10855.79, 8.063774, 0.64085, 12.04161, 10.3308
5704.6, 7.831067, 0.489534, 14.02981, 10.3937
6050.57, 8.041, 0.612928, 14.06447, 13.3491
12042.36, 8.027404, 0.62194, 11.74162, 17.3947
6968.34, 8.004286, 0.59418, 13.46439, 14.4284
5281.07, 7.961966, 0.559383, 14.5592, 14.3515
8093.8, 8.371109, 0.831734, 13.47881, 16.4533
5553.78, 7.922626, 0.539255, 14.26693, 14.0158
5281.47, 8.202901, 0.710967, 14.89666, 12.4556
6417.56, 7.863243, 0.511218, 13.58885, 13.3135
6419.85, 7.850057, 0.504044, 13.5674, 13.2639
6370.38, 8.060046, 0.626068, 13.8803, 11.3249
6369.76, 8.153994, 0.685241, 14.01428, 11.7152
5955.49, 8.005476, 0.590823, 14.07489, 15.2806
5294.65, 8.192909, 0.704467, 14.86659, 12.1601
5238.02, 8.000306, 0.581885, 14.64974, 11.623
7008.71, 8.371972, 0.83028, 13.9881, 10.3495
7731.24, 8.441398, 0.87756, 13.7455, 31.9863
6180.27, 7.999871, 0.588636, 13.91786, 13.7945
4297.46, 7.955065, 0.549766, 15.52338, 11.5896
4975.93, 8.0693, 0.622635, 14.99475, 17.3282
9055.15, 8.431606, 0.873231, 13.20282, 13.9269
4698.75, 7.907896, 0.523251, 15.05417, 28.6179
6553.03, 7.996475, 0.588154, 13.68361, 11.6019
4279.6, 7.868519, 0.499292, 15.43643, 10.8824
5082.88, 7.998204, 0.579251, 14.7951, 10.835
5679.67, 8.094663, 0.644218, 14.40146, 11.8546
6059.82, 8.189127, 0.70672, 14.26337, 11.5915
7050.87, 8.392223, 0.843814, 14.00076, 11.4354
6195.43, 7.981297, 0.577627, 13.88169, 10.5718
5013.62, 7.841507, 0.487947, 14.65792, 11.2127
9984.62, 8.213295, 0.732312, 12.51955, 18.3429
11861.92, 8.059316, 0.640619, 11.82363, 10.9835
3845.97, 7.622889, 0.391765, 15.50634, 15.3075
6297.12, 7.833671, 0.494639, 13.62302, 10.2129
4554.04, 7.807831, 0.476587, 15.0619, 14.8337
6084.25, 8.289123, 0.772712, 14.3961, 10.1534
4961.51, 7.969192, 0.560838, 14.87553, 11.6272
5356.59, 7.973009, 0.566804, 14.50564, 11.4608
6724.18, 7.896081, 0.530607, 13.44892, 18.0191
4447.94, 7.677883, 0.416941, 14.99838, 13.5125
6294.16, 8.1312, 0.670392, 14.02709, 14.5067
8586.54, 7.990085, 0.59053, 12.68467, 29.8256
4768.84, 8.026774, 0.595024, 15.145, 12.7362
7614.43, 8.167694, 0.697449, 13.38189, 10.6669
13819.83, 7.573242, 0.422281, 10.81303, 31.2216
6664.22, 8.299184, 0.78114, 14.0591, 11.3972
10134.64, 7.849329, 0.516024, 11.94192, 16.0796
5450.82, 8.090112, 0.639594, 14.58301, 12.5815
6488.45, 8.970994, 1.182482, 15.35985, 18.5394
4959.4, 8.136448, 0.665611, 15.10397, 18.1471
4512.84, 7.91589, 0.527201, 15.2534, 24.233
5382.05, 8.636567, 0.998734, 15.51425, 12.1819
7927.14, 8.002352, 0.595858, 12.99789, 11.5262
16058.18, 8.114047, 0.682607, 11.38147, 10.9707
6046.73, 8.2029, 0.715647, 14.29036, 13.2855
5679.32, 8.043595, 0.612383, 14.3317, 12.5132
9380.56, 7.978486, 0.585989, 12.37586, 15.1191
6616.75, 8.348285, 0.813657, 14.16152, 14.9736
5586.66, 8.053977, 0.61814, 14.41973, 10.4088
5997.08, 8.367478, 0.824737, 14.56901, 29.2802
7427.66, 8.047462, 0.621616, 13.29553, 11.8196
8206.97, 7.921018, 0.549454, 12.75884, 10.0706
6077.43, 8.191172, 0.708124, 14.25183, 10.4719
5467.96, 8.11932, 0.658267, 14.60698, 12.0644
4218.54, 7.696835, 0.423976, 15.25492, 12.5613
4561.86, 7.809713, 0.467798, 15.08078, 14.9655
4896.9, 7.789512, 0.470016, 14.68619, 10.2437
3829.28, 7.676846, 0.41453, 15.58803, 16.7885
4199.71, 7.758981, 0.451632, 15.35627, 14.1065
6897.81, 7.511295, 0.373425, 12.78419, 12.8926
4526.89, 7.856993, 0.4936, 15.17478, 20.928
5238.39, 8.01157, 0.588739, 14.66561, 11.8428
5549.77, 8.362996, 0.819704, 14.90634, 10.3049
7692.35, 7.522053, 0.381052, 12.38981, 14.5076
7076.13, 8.167923, 0.6963, 13.63238, 30.3479
20454.62, 8.145084, 0.709736, 10.99003, 12.7265
5556.08, 8.09911, 0.646165, 14.50769, 12.6014
5653.64, 8.491927, 0.906402, 15.03624, 11.5901
5780.15, 8.380802, 0.832829, 14.75414, 11.3046
5252.46, 7.890737, 0.517854, 14.49163, 14.9278
4327.37, 8.200279, 0.706034, 15.82002, 12.1631
10914.57, 7.94486, 0.571065, 11.85123, 11.7607
7920.03, 8.253533, 0.753824, 13.37032, 12.6984
5930.27, 8.313673, 0.788522, 14.53847, 10.8355
8557.84, 8.234782, 0.742957, 13.07658, 10.8358
4899.35, 7.955527, 0.552266, 14.91886, 18.4328
14380.65, 7.920615, 0.566381, 11.29709, 15.134
5052.66, 8.004793, 0.583038, 14.82986, 13.7556
6503.63, 8.542772, 0.942024, 14.5463, 13.2385
11547.66, 8.273008, 0.774201, 12.20991, 12.3841
10670.81, 8.635873, 1.005567, 13.04288, 12.5115
9711.32, 7.989787, 0.593552, 12.27157, 13.02
5839.88, 8.013003, 0.594713, 14.16777, 11.4066
16097.09, 8.823305, 1.116342, 12.6076, 11.068
7142.82, 8.014651, 0.600918, 13.39066, 10.3772
6454.05, 7.879122, 0.520122, 13.5848, 10.2402
14927.17, 7.925848, 0.570611, 11.2359, 14.4999
6996.3, 8.568436, 0.959272, 14.30983, 27.9305
5699.94, 8.231677, 0.73294, 14.58625, 10.3919
6008.34, 7.976079, 0.573558, 13.99832, 12.6519
5225.25, 7.915424, 0.531583, 14.54962, 10.5828
8165.4, 7.74841, 0.464608, 12.52615, 17.1779
7583.77, 8.147092, 0.684213, 13.3601, 21.0847
4395.92, 7.789733, 0.466977, 15.20222, 11.0836
5960.46, 8.226845, 0.731001, 14.38113, 13.8655
7474.37, 7.969882, 0.575331, 13.16289, 12.577
5349.33, 7.955882, 0.55659, 14.48667, 20.0863
4857.75, 7.808225, 0.478653, 14.75298, 10.7688
7794.21, 7.969117, 0.575859, 13.02114, 14.5531
18004.34, 8.804464, 1.107916, 12.37088, 10.4962
5846.05, 8.028186, 0.603982, 14.1841, 13.1346
5203.56, 8.323811, 0.791485, 15.15138, 10.945
4669.11, 8.132691, 0.662199, 15.38891, 12.5316
11297.1, 8.109995, 0.670218, 12.01293, 18.0609
7194.43, 8.30551, 0.786568, 13.79173, 10.1034
4435.45, 7.977758, 0.563824, 15.41795, 10.0117
5588.5, 8.090265, 0.640821, 14.46912, 11.4661
6851.22, 8.035063, 0.612408, 13.57052, 10.0209
5110.21, 7.867165, 0.503043, 14.5983, 13.4034
6924.89, 8.388164, 0.84087, 14.05928, 17.7354
9892.82, 8.03782, 0.622604, 12.28383, 10.1875
5040.14, 8.163918, 0.683935, 15.06461, 13.4302
4967.55, 7.903586, 0.522364, 14.78255, 12.5732
30506.36, 7.830492, 0.565728, 9.66193, 10.4124
8720.85, 8.711645, 1.048829, 13.83397, 17.3323
9684.16, 8.302174, 0.789386, 12.76569, 10.0385
8903.31, 7.785252, 0.478582, 12.28556, 12.3992
4752.24, 7.782194, 0.465473, 14.82553, 10.4499
7926.59, 8.249512, 0.751204, 13.36556, 10.5955
6347.04, 7.947167, 0.558276, 13.73922, 10.3354
6774.79, 7.940682, 0.556152, 13.48169, 10.8084
7508.08, 8.193241, 0.713657, 13.47726, 16.6297
10418.66, 8.633641, 1.003918, 13.09664, 39.3253
7502.12, 7.965293, 0.572733, 13.12786, 35.5786
6655.8, 8.469341, 0.894187, 14.33704, 10.005
6855.16, 8.311188, 0.789573, 13.97318, 14.5067
18318.75, 8.113893, 0.686841, 11.13081, 28.9939
5772.31, 8.121996, 0.662114, 14.36928, 17.1676
10529.01, 8.234562, 0.747227, 12.39327, 15.8109
10186.88, 8.367265, 0.833016, 12.70853, 12.0236
6718.22, 7.553539, 0.387658, 12.94379, 21.8262
5483.57, 7.904229, 0.528116, 14.29095, 41.6561
5508.82, 8.300167, 0.777281, 14.84344, 11.1264
5455.29, 8.004447, 0.586716, 14.46163, 10.5784
7077.69, 8.694912, 1.037428, 14.50969, 15.6095
9152.76, 8.597681, 0.980344, 13.46161, 12.961
4788.68, 7.736545, 0.444926, 14.72444, 13.3448
4438.89, 7.605966, 0.386817, 14.91209, 11.2961
8103.94, 8.243958, 0.747949, 13.27878, 11.6378
14755.08, 8.027627, 0.628172, 11.4094, 10.8667
6522.42, 8.021509, 0.603094, 13.73399, 12.9345
8981.5, 8.215227, 0.731249, 12.88199, 12.2028
11779.36, 8.024564, 0.619651, 11.78435, 13.4345
5927.71, 8.135699, 0.671663, 14.27601, 16.5274
5850.19, 8.097584, 0.647074, 14.2768, 13.9887
8662.35, 8.008219, 0.601492, 12.69758, 11.1746
5735.72, 8.024159, 0.600852, 14.26134, 18.4099
4975.94, 8.021052, 0.592495, 14.93047, 18.722
12457.2, 7.983581, 0.59722, 11.62632, 10.233
5066.31, 8.223809, 0.723665, 15.12603, 10.2627
6819.14, 8.110813, 0.65925, 13.69542, 10.2459
7885.27, 8.348181, 0.816179, 13.53933, 10.3805
4606.33, 7.800618, 0.47306, 15.00118, 10.3291
4931.53, 7.930496, 0.537697, 14.85445, 13.6148
9419.75, 8.019457, 0.610303, 12.419, 17.3319
10657.85, 8.227671, 0.74307, 12.34737, 10.4521
6897.51, 7.778511, 0.468245, 13.20222, 11.7847
5021.01, 8.404962, 0.845789, 15.45261, 10.0962
8056.21, 8.356319, 0.821885, 13.47446, 14.6053
3789.6, 7.782609, 0.461518, 15.74869, 25.5373
5405.03, 8.202169, 0.711373, 14.78625, 11.9149
5766.85, 8.574285, 0.960604, 15.08944, 10.9759
7020.81, 8.078502, 0.639609, 13.52908, 31.0128
5841.72, 8.18882, 0.705563, 14.41509, 10.3493
4937.01, 7.979606, 0.566942, 14.91292, 12.657
4673.52, 7.766626, 0.457601, 14.88571, 10.6493
8903.9, 8.081761, 0.646707, 12.7117, 10.2303
4769.33, 8.231691, 0.727968, 15.42722, 12.1447
6779.13, 7.92982, 0.54992, 13.46712, 11.2785
9589.63, 8.229222, 0.74169, 12.67947, 14.9584
7180.38, 8.269446, 0.762715, 13.7416, 10.9974
5564.31, 8.051982, 0.616739, 14.43536, 17.4211
6048.91, 7.981819, 0.57719, 13.97879, 10.2515
11774.47, 8.073823, 0.649196, 11.84971, 39.0516
5973.17, 8.134167, 0.670895, 14.24212, 10.9183
13058.03, 7.833552, 0.516317, 11.36035, 13.313
7833.91, 8.33747, 0.808993, 13.54291, 13.6606
4556.35, 7.84392, 0.486444, 15.1271, 11.3019
5294.47, 8.182593, 0.69769, 14.85437, 11.2205
5034.88, 7.971116, 0.562528, 14.80468, 12.8328
4387.37, 7.878195, 0.505087, 15.3466, 10.8768
5219.32, 8.036409, 0.603819, 14.70755, 27.4444
6438.26, 8.151175, 0.683678, 13.96793, 12.5483
14367.59, 7.91274, 0.562026, 11.29056, 14.4316
5412.0, 8.218976, 0.722506, 14.81331, 10.3759
4898.75, 7.820932, 0.475735, 14.75814, 11.3586
18485.5, 9.005161, 1.202789, 12.7452, 12.7028
5585.83, 8.215589, 0.721629, 14.66195, 13.1308
7772.88, 7.906576, 0.539949, 12.93544, 15.3156
5263.96, 8.411449, 0.850913, 15.24035, 10.3124
5495.37, 8.190901, 0.704746, 14.69986, 10.1134
9389.73, 8.054479, 0.631312, 12.491, 15.2823
4872.85, 7.906164, 0.523161, 14.87038, 50.9703
5587.4, 8.064911, 0.624936, 14.44375, 14.8316
4384.1, 7.807906, 0.475676, 15.23766, 18.9461
6193.01, 8.354992, 0.817004, 14.42668, 15.704
5659.12, 7.98595, 0.577243, 14.27883, 11.1117
6453.01, 8.032475, 0.609489, 13.80511, 14.7088
9919.29, 8.329797, 0.807947, 12.74141, 11.596
7109.97, 7.985385, 0.583355, 13.3745, 12.0814
11648.44, 8.177304, 0.713093, 12.04835, 10.2409
6040.28, 8.356027, 0.817221, 14.52776, 21.0397
6780.25, 8.043921, 0.617595, 13.62247, 13.7458
5219.71, 7.959199, 0.557064, 14.62077, 11.0932
5989.25, 8.128861, 0.667583, 14.22414, 14.1006
7368.32, 8.203374, 0.719904, 13.55929, 10.0345
7233.25, 8.092392, 0.648833, 13.46266, 12.2513
5285.97, 8.06192, 0.620282, 14.69128, 16.0154
5009.02, 8.100165, 0.642454, 15.01094, 11.3851
30190.01, 9.263793, 1.330093, 12.31723, 11.8194
10293.95, 8.415972, 0.865104, 12.7731, 11.9207
4829.77, 7.574684, 0.376386, 14.47333, 10.8679
12765.06, 7.925263, 0.564861, 11.5117, 13.4908
4773.7, 7.930626, 0.536854, 15.01565, 21.4593
4322.3, 7.874175, 0.502613, 15.39976, 14.97
4544.85, 7.799326, 0.472497, 15.06169, 16.7825
6955.53, 9.034664, 1.210358, 15.23867, 13.8531
6966.19, 8.277738, 0.767693, 13.86442, 14.4903
6144.36, 8.057087, 0.623285, 14.01758, 15.3852
5092.59, 8.099616, 0.642611, 14.92415, 14.6616
18380.58, 8.053927, 0.651248, 11.04546, 12.2462
6177.22, 8.339874, 0.806862, 14.41211, 10.8857
5255.17, 7.950586, 0.552374, 14.56748, 13.1063
5625.13, 7.4486, 0.338431, 13.54689, 10.258
8770.36, 7.801014, 0.486214, 12.34999, 28.4178
9530.44, 8.503431, 0.920862, 13.1563, 14.4038
7068.51, 9.033292, 1.209832, 15.17887, 10.4432
7763.28, 7.927872, 0.551963, 12.96581, 24.599
15941.36, 7.88552, 0.551229, 11.05825, 12.528
8088.78, 8.239833, 0.745222, 13.27987, 11.8792
5608.65, 8.664991, 1.016843, 15.37299, 10.1732
5418.05, 8.611142, 0.982869, 15.43807, 11.5523
5034.08, 7.974432, 0.564511, 14.81023, 18.5931
11902.28, 8.368884, 0.837163, 12.28388, 20.2123
7641.2, 8.047063, 0.621967, 13.18888, 22.4719
4909.98, 8.077729, 0.627642, 15.07087, 10.4732
5069.37, 7.431161, 0.321351, 14.03929, 10.1354
11167.19, 8.245912, 0.755912, 12.2464, 22.0898
4905.83, 8.059756, 0.616253, 15.03918, 48.4736
5471.26, 8.095516, 0.643195, 14.5743, 18.6808
6706.17, 8.351466, 0.815986, 14.11809, 13.2643
9147.06, 8.024838, 0.612771, 12.52694, 20.2266
8004.13, 7.975224, 0.58007, 12.91256, 24.7919
5431.68, 8.427298, 0.862235, 15.11163, 14.9146
4998.18, 8.048284, 0.609553, 14.94239, 11.047
11577.66, 8.003072, 0.606489, 11.79201, 16.966
5519.0, 8.103063, 0.648378, 14.54469, 10.8287
5435.67, 8.425586, 0.861104, 15.10597, 18.3244
7096.95, 8.378727, 0.834941, 13.94405, 26.1984
7055.29, 8.359727, 0.822241, 13.94794, 11.4182
6124.55, 8.234444, 0.73665, 14.27157, 21.3393
10445.91, 8.074613, 0.646383, 12.17134, 10.1443
8523.93, 8.265252, 0.762775, 13.13892, 10.442
7105.03, 7.499289, 0.370301, 12.65237, 10.9806
8653.9, 7.534239, 0.389651, 11.97438, 16.4479
6312.76, 8.282903, 0.769352, 14.23845, 13.3989
10218.88, 7.660583, 0.43889, 11.60359, 20.3394
6073.19, 8.546333, 0.94345, 14.85262, 13.1417
4722.12, 7.91927, 0.529966, 15.05347, 14.7702
6256.22, 8.00996, 0.595045, 13.88096, 13.7673
5294.6, 8.169076, 0.688849, 14.83177, 10.1685
6006.52, 7.97921, 0.575403, 14.00421, 14.2333
6575.55, 7.959133, 0.566171, 13.61916, 14.6766
6256.51, 8.183954, 0.704151, 14.12747, 15.2172
5470.28, 8.189667, 0.703728, 14.71104, 11.6797
5751.62, 7.876323, 0.514604, 14.05323, 11.924
4650.98, 7.638828, 0.401639, 14.73698, 10.7595
4944.27, 8.167131, 0.685604, 15.16079, 14.1039
6493.24, 8.197286, 0.713633, 14.0035, 10.806
14011.91, 8.883718, 1.145458, 12.92628, 10.8903
5630.08, 8.070269, 0.62858, 14.40665, 10.8144
6749.35, 8.347121, 0.813196, 14.07339, 30.5569
7184.09, 8.374289, 0.832163, 13.90612, 11.6408
9142.0, 7.978776, 0.585478, 12.46284, 13.4526
7214.98, 8.694493, 1.037319, 14.43543, 45.5405
5937.21, 8.288485, 0.771747, 14.49745, 10.77
6698.01, 8.005176, 0.593865, 13.61348, 14.3523
11610.29, 8.087975, 0.657435, 11.91303, 16.6271
5066.21, 8.147766, 0.673521, 15.01276, 12.649
17512.32, 8.434231, 0.887479, 11.74847, 11.1325
4965.55, 7.844968, 0.489403, 14.71176, 12.8786
6214.78, 8.269179, 0.759927, 14.28065, 24.8757
4585.06, 7.806164, 0.465987, 15.04337, 36.4759
15195.84, 8.440919, 0.888668, 11.99297, 26.0899
9949.43, 8.264339, 0.765256, 12.61473, 14.1302
13604.04, 8.788949, 1.096398, 12.78475, 11.2639
5096.84, 8.10502, 0.646095, 14.92679, 18.2497
21743.42, 8.53009, 0.952972, 11.52039, 14.5239
6548.08, 8.404421, 0.850884, 14.2912, 11.2528
6276.31, 8.282235, 0.768792, 14.25903, 22.3357
5751.57, 8.164362, 0.6892, 14.44693, 11.6925
5025.57, 8.009588, 0.585776, 14.86286, 16.2839
4955.3, 7.748208, 0.451293, 14.56986, 10.2915
7968.05, 8.397826, 0.84918, 13.58218, 16.713
6301.0, 8.327044, 0.798681, 14.30823, 21.3863
6316.08, 7.934265, 0.550675, 13.73176, 22.1419
5326.62, 8.047434, 0.611669, 14.63277, 16.3291
4554.72, 7.808793, 0.477054, 15.05485, 24.563
6837.99, 8.185243, 0.706847, 13.77864, 58.4644
5014.91, 8.67704, 1.023174, 15.9202, 10.7604
6926.17, 7.949327, 0.561652, 13.41416, 10.5283
9064.64, 8.111909, 0.665811, 12.68607, 20.1224
5065.75, 7.895666, 0.518674, 14.67073, 27.9091
5184.14, 8.188556, 0.70092, 14.96388, 10.1015
7248.96, 8.312406, 0.791248, 13.7751, 11.192
11121.09, 8.058439, 0.638301, 11.96658, 10.4575
4308.54, 8.039655, 0.60175, 15.61832, 12.4615
6675.86, 8.114574, 0.661195, 13.77929, 14.1627
7046.86, 8.807383, 1.10129, 14.73651, 10.0026
4747.88, 7.709112, 0.432164, 14.73092, 15.6248
7362.29, 8.342604, 0.811485, 13.768, 10.7608
4139.65, 8.084883, 0.630113, 15.84004, 13.5376
5083.73, 8.00237, 0.581794, 14.79538, 12.288
9214.15, 8.274414, 0.770239, 12.88619, 12.1745
4956.54, 7.912199, 0.527239, 14.81399, 14.0596
4322.02, 7.659535, 0.408473, 15.11136, 12.8794
8334.64, 8.224924, 0.736047, 13.16114, 15.464
8411.17, 8.275576, 0.769309, 13.21058, 12.1056
5023.61, 8.119821, 0.655167, 15.0278, 10.8328
11157.02, 8.225188, 0.74255, 12.22537, 11.6499
4188.09, 7.562428, 0.36788, 15.12375, 13.4185
6268.54, 8.237338, 0.739086, 14.20263, 10.5849
5038.03, 8.134237, 0.664571, 15.04314, 10.7504
4917.62, 7.801609, 0.465533, 14.72251, 11.1398
5093.26, 8.004049, 0.582892, 14.80141, 14.2226
6149.42, 8.387736, 0.838745, 14.52499, 10.0017
7881.99, 8.056475, 0.628386, 13.10295, 13.5678
6700.43, 8.059684, 0.627024, 13.69346, 18.928
5110.62, 8.050083, 0.611443, 14.84528, 15.4004
21392.64, 8.143852, 0.710743, 10.89309, 58.5336
12357.35, 8.504301, 0.925645, 12.43542, 21.88
5347.76, 8.140143, 0.670495, 14.75409, 11.1402
7170.32, 8.165711, 0.695117, 13.57773, 41.0293
5504.31, 8.000338, 0.584683, 14.42325, 12.7183
7968.74, 8.291313, 0.778764, 13.42095, 10.4772
16953.31, 7.89917, 0.560992, 10.97149, 16.6529
5441.03, 8.449623, 0.877241, 15.14963, 10.0942
5810.21, 8.98111, 1.186388, 15.83527, 16.1844
6217.26, 8.267092, 0.758553, 14.27591, 15.872
6489.98, 8.308931, 0.787153, 14.17223, 15.8719
10882.66, 8.313866, 0.79945, 12.42544, 20.0298
6586.16, 7.773199, 0.46435, 13.36814, 18.6054
6875.22, 8.230796, 0.736595, 13.84031, 19.0498
4270.85, 7.804625, 0.464029, 15.37674, 14.3623
6012.31, 8.360589, 0.82018, 14.55566, 13.4705
10698.76, 8.063624, 0.640353, 12.0774, 22.9162
7609.45, 8.305043, 0.787101, 13.60126, 12.2467
6868.46, 8.389202, 0.841444, 14.089, 16.4509
19297.87, 7.981676, 0.611781, 10.86613, 10.5217
6798.79, 7.959523, 0.567171, 13.49457, 21.1461
5678.61, 8.082536, 0.636585, 14.38594, 22.7338
7826.11, 8.42244, 0.865203, 13.68143, 25.2083
8563.05, 8.001492, 0.597209, 12.73803, 13.9183
18030.13, 8.094052, 0.674348, 11.14709, 17.1195
5307.54, 8.244144, 0.738496, 14.94295, 15.262
11004.26, 8.428548, 0.874537, 12.6061, 10.0578
5503.3, 7.934813, 0.545866, 14.33603, 13.1363
6715.72, 8.360593, 0.822082, 14.1244, 26.5412
4040.88, 7.791123, 0.466595, 15.55629, 16.6225
7742.55, 8.491164, 0.910301, 13.84476, 15.217
16177.39, 8.000557, 0.615604, 11.20557, 16.582
4683.39, 7.807287, 0.477076, 14.93967, 13.4738
5519.94, 8.001156, 0.585309, 14.40992, 12.3894
14706.29, 9.140197, 1.252952, 13.38887, 12.039
4584.04, 7.936278, 0.539412, 15.2242, 15.5239
5089.2, 8.191752, 0.702502, 15.06413, 10.9013
16570.54, 7.942335, 0.583607, 11.0745, 12.5566
5274.76, 7.86747, 0.505131, 14.44935, 13.126
13737.1, 8.212057, 0.739182, 11.80208, 24.8701
5931.26, 8.003111, 0.589262, 14.0975, 11.0048
4596.63, 7.773153, 0.459813, 14.97447, 16.9433
10563.3, 8.35545, 0.825997, 12.58952, 11.5209
5891.29, 8.280265, 0.766088, 14.51667, 19.7909
8881.1, 8.362572, 0.827491, 13.16559, 10.5034
9645.28, 8.37322, 0.835891, 12.90604, 10.5192
13064.13, 8.226988, 0.74745, 11.89662, 22.0736
6681.13, 7.986857, 0.582876, 13.6051, 10.3775
4709.8, 7.660607, 0.411043, 14.71171, 10.8181
5115.49, 7.878561, 0.509466, 14.60663, 21.5886
7752.15, 8.241024, 0.745276, 13.42463, 15.2121
6511.02, 8.414361, 0.857418, 14.33252, 11.3106
5345.83, 7.98825, 0.575784, 14.53534, 18.6176
4735.28, 8.04374, 0.605493, 15.20871, 11.7389
5364.47, 8.150645, 0.67742, 14.74586, 13.7751
6902.55, 8.171031, 0.697848, 13.74599, 12.329
6383.19, 8.221562, 0.729117, 14.10588, 13.3717
6217.4, 8.269109, 0.759889, 14.27798, 14.3502
10535.52, 8.24722, 0.755417, 12.40414, 28.1792
4829.35, 8.298029, 0.772846, 15.46655, 12.3689
4576.0, 7.918197, 0.52876, 15.19952, 18.2297
6896.1, 7.939742, 0.556012, 13.41637, 15.0192
4740.22, 7.986482, 0.570122, 15.11845, 12.007
9955.6, 7.916536, 0.552217, 12.08185, 19.7813
5840.9, 8.036865, 0.609263, 14.19934, 12.1968
5331.29, 8.106552, 0.648836, 14.71172, 10.4862
14098.81, 8.593077, 0.98341, 12.37156, 30.7603
8410.24, 8.315811, 0.795785, 13.26458, 12.5967
5023.58, 7.985412, 0.571047, 14.83539, 10.3856
4764.61, 7.778054, 0.463736, 14.80539, 13.7163
4648.73, 8.131088, 0.661099, 15.40679, 11.9054
5061.23, 8.125926, 0.659323, 14.98927, 11.2862
10162.15, 8.067129, 0.641072, 12.24107, 11.2262
4847.3, 8.326367, 0.792105, 15.49642, 15.89
5083.89, 8.179389, 0.694323, 15.0377, 25.1051
9511.05, 7.950932, 0.5704, 12.29471, 12.6461
8933.89, 8.444556, 0.88155, 13.27441, 11.4205
12030.08, 7.987074, 0.598237, 11.68938, 10.1587
6206.34, 8.113908, 0.659069, 14.05758, 11.3036
4588.53, 7.893059, 0.514253, 15.14586, 27.6229
7706.34, 8.490913, 0.910082, 13.83868, 45.8287
7117.29, 7.903682, 0.536206, 13.25039, 12.7773
4514.66, 7.936524, 0.539331, 15.28541, 10.5472
7622.75, 7.962762, 0.571626, 13.07713, 15.4594
5512.46, 8.216911, 0.721956, 14.71531, 10.0191
4887.07, 7.975439, 0.564128, 14.95749, 10.4992
6581.31, 8.397501, 0.84635, 14.26199, 13.8607
6893.37, 8.212665, 0.724798, 13.80209, 20.8004
5183.7, 8.07138, 0.625349, 14.79844, 10.7104
19813.25, 9.30717, 1.304977, 13.27132, 11.5169
7305.2, 8.391214, 0.843618, 13.87318, 13.0864
16619.54, 8.641672, 1.015405, 12.20106, 12.4497
4939.02, 7.754977, 0.454372, 14.5913, 12.9897
5095.83, 7.889839, 0.515639, 14.6371, 10.1051
7134.75, 8.090681, 0.647502, 13.49002, 21.4147
4784.15, 8.023173, 0.592849, 15.12406, 14.8092
4910.56, 7.91621, 0.529223, 14.85658, 16.5937
6295.35, 8.005138, 0.592312, 13.85959, 10.5237
11585.2, 8.546631, 0.951531, 12.66811, 10.8702
4779.91, 8.159805, 0.680248, 15.31723, 11.6014
8589.99, 8.209283, 0.726494, 13.02433, 10.489
4828.03, 7.793419, 0.471325, 14.76165, 15.3524
11538.46, 8.481335, 0.909662, 12.55039, 13.9992
4577.39, 7.732626, 0.44123, 14.93908, 13.1773
11872.66, 8.235122, 0.750418, 12.0922, 10.1978
5747.29, 8.445441, 0.875917, 14.88522, 10.3962
5686.42, 7.885587, 0.5193, 14.11425, 16.9794
8374.84, 7.946228, 0.564355, 12.72157, 15.5949
9995.67, 8.5179, 0.930874, 13.01317, 26.9983
7976.78, 8.340788, 0.811463, 13.4863, 12.9147
4321.46, 7.785934, 0.464309, 15.27219, 13.7062
4811.97, 8.047317, 0.608026, 15.12934, 17.6067
11186.71, 8.095644, 0.661118, 12.01997, 11.7989
5196.94, 8.047598, 0.610569, 14.75337, 15.9267
6482.62, 8.001791, 0.591069, 13.7321, 12.1012
9724.17, 7.921389, 0.554235, 12.1699, 11.5472
6811.2, 8.122713, 0.666743, 13.71582, 10.4242
5129.93, 8.559658, 0.949257, 15.60528, 10.2589
10374.33, 8.225864, 0.741279, 12.42451, 12.951
5789.05, 8.049351, 0.616642, 14.25618, 10.1117
5351.59, 8.011621, 0.589961, 14.5632, 14.1753
5984.61, 7.975409, 0.573024, 14.01409, 14.0535
6055.95, 8.194539, 0.710228, 14.27271, 14.9632
5528.47, 8.197048, 0.709033, 14.67204, 13.0
5044.69, 8.529194, 0.929133, 15.63254, 10.5357
6368.27, 8.225061, 0.731361, 14.11833, 16.5932
8522.46, 8.677077, 1.028182, 13.84179, 10.014
5638.22, 7.348478, 0.30352, 13.40735, 10.3542
7703.49, 8.351021, 0.817713, 13.62263, 17.8574
10068.37, 8.027045, 0.616633, 12.20574, 12.9305
4695.17, 7.313876, 0.27741, 14.29144, 10.0562
5129.06, 8.20669, 0.712594, 15.04162, 20.3649
7458.67, 8.501732, 0.916789, 13.98543, 10.2104
5603.04, 8.107826, 0.652023, 14.48226, 10.2053
6508.79, 8.244353, 0.744473, 14.06357, 10.8482
9021.77, 8.625398, 0.997328, 13.56085, 11.227
7884.28, 8.982044, 1.188082, 14.70406, 10.4547
5254.39, 8.560537, 0.950086, 15.49195, 10.6621
8321.25, 8.459441, 0.890371, 13.53833, 10.3766
5616.98, 8.340297, 0.804885, 14.81844, 11.902
6835.18, 7.995525, 0.588536, 13.52318, 11.498
4767.82, 7.99224, 0.573745, 15.092, 25.5873
4596.39, 7.547882, 0.36366, 14.67818, 12.9262
17149.57, 7.946974, 0.587519, 11.01019, 10.164
9122.26, 8.401433, 0.8535, 13.12987, 10.7455
4816.17, 8.096301, 0.639121, 15.19229, 17.2924
11315.78, 8.543026, 0.948875, 12.71536, 11.5702
5238.89, 8.081293, 0.632036, 14.76098, 16.0853
7211.19, 8.427804, 0.8677, 13.97904, 13.3339
4465.33, 7.496298, 0.341734, 14.75226, 11.5062
3784.99, 7.69134, 0.420308, 15.63399, 23.9426
4150.09, 7.10931, 0.215934, 14.63082, 14.9009
5544.28, 8.206015, 0.715034, 14.67246, 12.7611
8426.93, 7.789838, 0.479336, 12.48813, 11.7924
8034.62, 8.400723, 0.851209, 13.56047, 10.5223
5630.49, 8.138372, 0.671704, 14.50426, 12.1314
5334.45, 8.135255, 0.667233, 14.74962, 11.1693
7027.12, 8.083813, 0.642927, 13.54602, 10.224
8201.28, 8.490054, 0.910258, 13.64081, 13.214
5003.1, 7.855638, 0.495628, 14.68589, 12.4265
4276.26, 7.598666, 0.383124, 15.07097, 12.2662
5673.86, 8.025821, 0.601444, 14.31236, 13.8336
4454.37, 7.733511, 0.441159, 15.06707, 13.4017
5146.98, 8.195972, 0.705599, 15.00764, 15.7798
13626.33, 7.983195, 0.599764, 11.48915, 11.2503
4781.79, 7.804815, 0.46625, 14.83921, 21.6727
9565.29, 8.309278, 0.793792, 12.81874, 13.6466
9012.33, 8.246976, 0.751906, 12.90645, 36.228
5745.93, 8.136436, 0.671186, 14.4112, 11.0428
9079.33, 8.480078, 0.905027, 13.27964, 11.2265
16230.88, 8.079214, 0.661908, 11.30293, 19.4877
10340.98, 8.310515, 0.796178, 12.56477, 14.5869
16138.52, 8.021583, 0.627682, 11.23234, 13.7365
7597.55, 8.398427, 0.848921, 13.72486, 97.345
7050.75, 8.443856, 0.878047, 14.08483, 11.0904
4550.22, 7.805849, 0.475644, 15.06584, 15.6673
5018.94, 7.820424, 0.476554, 14.62676, 11.2965
5807.19, 7.913512, 0.535926, 14.05886, 10.3584
6474.12, 8.346813, 0.812327, 14.24158, 10.6078
7852.49, 8.222361, 0.733314, 13.35824, 11.7285
5954.83, 8.272692, 0.761309, 14.45932, 13.2984
7415.34, 7.482014, 0.365732, 12.4696, 10.7242
4549.15, 7.813841, 0.469972, 15.09163, 21.0464
9779.26, 8.094311, 0.656726, 12.40624, 10.8775
9411.39, 8.485155, 0.90881, 13.16835, 13.1198
5034.55, 7.927261, 0.536606, 14.74826, 10.464
8494.83, 8.318841, 0.797944, 13.23372, 10.3417
6695.42, 7.893398, 0.529003, 13.46437, 11.0297
7440.69, 8.322943, 0.79861, 13.70108, 10.8374
17329.09, 8.336532, 0.82472, 11.60761, 24.5936
9914.53, 8.514684, 0.928685, 13.04702, 13.118
7104.63, 8.284206, 0.772284, 13.80366, 10.3441
5122.04, 8.06198, 0.618976, 14.84373, 12.3537
4744.15, 8.316952, 0.785504, 15.57993, 11.1541
4754.22, 7.992849, 0.574061, 15.11639, 10.798
4852.15, 7.81771, 0.473642, 14.79232, 11.9224
10471.39, 8.194636, 0.721472, 12.34731, 10.2123
6036.88, 8.241414, 0.740908, 14.35442, 12.7072
4919.11, 7.970901, 0.561586, 14.92005, 13.731
6612.81, 8.183794, 0.705262, 13.91284, 18.3186
7648.28, 8.392422, 0.845035, 13.71313, 16.8158
4900.78, 7.970331, 0.561133, 14.93734, 17.5479
10254.2, 8.046265, 0.628681, 12.17767, 12.8128
4810.67, 7.291167, 0.27197, 14.13558, 10.878
6117.88, 8.136526, 0.673058, 14.14676, 12.107
4951.01, 7.847879, 0.490876, 14.7302, 13.1651
8329.45, 8.25553, 0.755999, 13.18757, 24.0351
6230.56, 8.325476, 0.797421, 14.35684, 11.3994
7242.58, 8.421033, 0.863271, 13.95266, 12.416
9928.67, 8.52135, 0.932996, 13.05839, 11.0651
4622.56, 7.81192, 0.469244, 15.02216, 12.2859
7727.34, 9.3627, 1.319313, 15.59593, 10.9746
8009.1, 7.844968, 0.506875, 12.73086, 36.4185
8663.87, 8.132222, 0.677498, 12.86413, 20.9953
6530.4, 8.452738, 0.882952, 14.37812, 13.1622
5683.47, 8.077906, 0.633717, 14.36667, 31.8657
6467.75, 8.295937, 0.77846, 14.16733, 11.6607
5514.57, 8.031992, 0.604031, 14.44825, 12.5688
6099.34, 7.982939, 0.578126, 13.94548, 14.7172
6100.0, 7.984456, 0.579031, 13.94633, 15.8655
4246.83, 7.671627, 0.413352, 15.19404, 17.3558
5875.29, 8.108693, 0.654222, 14.26586, 28.5865
5542.76, 8.058908, 0.620869, 14.45338, 28.5729
8902.37, 8.276428, 0.770891, 13.0058, 13.0432
11791.02, 8.540022, 0.94764, 12.60086, 13.4674
5770.81, 8.464427, 0.888653, 14.89906, 10.3954
9900.02, 8.297463, 0.786751, 12.68319, 10.6975
5881.05, 8.263077, 0.754621, 14.4973, 10.3802
8102.7, 8.037805, 0.617649, 12.96679, 15.0801
7298.56, 8.372454, 0.831162, 13.8474, 11.9262
5046.69, 7.946881, 0.54821, 14.76193, 10.5873
19049.52, 8.135712, 0.701434, 11.10386, 13.635
17470.9, 7.901318, 0.563407, 10.91805, 18.327
5933.88, 8.232986, 0.734937, 14.41466, 10.3683
5040.44, 8.242552, 0.736077, 15.1798, 12.4969
9279.41, 8.277952, 0.772692, 12.86687, 14.481
6923.16, 8.013208, 0.599399, 13.49854, 14.4278
5569.61, 7.914113, 0.534504, 14.24468, 11.3042
5175.46, 8.000326, 0.581308, 14.70786, 21.6187
6089.52, 8.219683, 0.72681, 14.28688, 13.3464
7577.12, 7.698551, 0.444278, 12.71806, 10.0873
6452.56, 8.2336, 0.737234, 14.08157, 13.8334
4340.37, 7.846247, 0.486987, 15.33896, 23.72
4920.89, 8.040883, 0.60449, 15.01185, 12.132
7109.18, 7.941043, 0.557447, 13.30406, 11.0879
9289.58, 8.103889, 0.661399, 12.59456, 11.143
6121.18, 8.047226, 0.617102, 14.01861, 10.8772
6542.77, 8.169472, 0.695789, 13.93558, 11.1112
6800.69, 8.032183, 0.610502, 13.58033, 62.7324
6168.27, 8.013828, 0.596979, 13.9395, 16.8865
4962.9, 7.848552, 0.491352, 14.71623, 11.7243
19683.96, 7.961109, 0.601238, 10.76825, 25.3836
6614.22, 8.211131, 0.723027, 13.95532, 11.1844
5368.19, 8.441655, 0.871604, 15.18664, 10.2073
4886.38, 7.779595, 0.465188, 14.68559, 11.2512
6086.09, 7.912035, 0.536813, 13.86049, 10.4587
4893.29, 8.533575, 0.931797, 15.78404, 14.3387
4747.05, 7.8245, 0.476662, 14.90873, 14.2669
24250.46, 8.45425, 0.908671, 11.17983, 15.9522
5206.25, 7.983324, 0.571319, 14.64684, 29.1163
4647.64, 8.045124, 0.606069, 15.29308, 12.0928
6625.82, 8.421914, 0.862686, 14.27408, 14.2966
5499.39, 8.105897, 0.650011, 14.56435, 12.5849
7639.15, 8.336795, 0.808168, 13.62547, 16.1063
6821.62, 7.816093, 0.487464, 13.29131, 15.9927
5654.68, 8.26257, 0.753157, 14.66809, 10.6765
7206.82, 8.162251, 0.692987, 13.56723, 13.1422
6696.25, 8.25667, 0.753118, 13.96336, 58.513
4910.66, 7.945423, 0.546341, 14.89323, 15.2597
6514.72, 8.290538, 0.775007, 14.1337, 18.579
11289.93, 8.368558, 0.835892, 12.41235, 14.9625
6070.87, 8.061936, 0.625925, 14.07437, 10.8533
4389.86, 7.910437, 0.523647, 15.37687, 13.1072
5488.93, 7.975651, 0.56975, 14.39278, 15.9448
4399.06, 7.742053, 0.444845, 15.12553, 21.7492
8330.23, 8.505854, 0.920754, 13.61447, 10.7356
4372.01, 7.696485, 0.424452, 15.10141, 13.2483
8477.17, 8.059715, 0.632025, 12.84033, 16.1628
5761.29, 8.226217, 0.729666, 14.51904, 39.2144
5226.02, 8.058956, 0.617897, 14.74222, 15.9323
7870.16, 8.099325, 0.654822, 13.16317, 10.6111
6162.96, 8.260761, 0.754168, 14.30146, 10.5427
7851.49, 8.166371, 0.697155, 13.2691, 12.7382
6808.07, 8.09196, 0.647387, 13.67416, 12.5197
10290.54, 8.715976, 1.052802, 13.30654, 14.0352
14759.54, 7.984196, 0.603003, 11.34228, 11.963
4904.9, 7.801698, 0.465473, 14.71814, 19.0202
5754.04, 8.121014, 0.661382, 14.383, 14.1661
10320.56, 8.051405, 0.631962, 12.17064, 10.2472
6237.36, 8.15754, 0.687021, 14.10105, 12.2518
4813.3, 8.059196, 0.615506, 15.14009, 10.6821
6489.66, 8.057651, 0.625048, 13.80299, 14.4825
8818.98, 8.252474, 0.75506, 13.00252, 12.4866
15452.4, 7.919548, 0.568427, 11.16377, 10.6037
5355.98, 8.040677, 0.607798, 14.59714, 11.3918
17760.6, 8.085519, 0.668716, 11.15427, 10.9375
16073.65, 7.864011, 0.540182, 11.02622, 11.4853
4693.47, 8.153699, 0.676003, 15.38085, 56.7252
7954.43, 8.025332, 0.609693, 13.01887, 10.3886
5054.63, 8.617268, 0.986055, 15.77818, 10.2704
7432.27, 8.254795, 0.753622, 13.59785, 13.0446
8886.42, 8.30743, 0.791196, 13.05689, 16.7464
7969.45, 7.964312, 0.573591, 12.92679, 11.3571
9228.03, 8.519703, 0.930985, 13.29207, 19.0819
5363.97, 8.116322, 0.655361, 14.69558, 10.5726
6050.3, 8.476362, 0.897473, 14.71856, 15.339
4673.09, 7.9259, 0.533636, 15.10863, 12.1204
20032.62, 8.420374, 0.881938, 11.47263, 19.2771
9098.62, 8.288138, 0.778972, 12.94643, 18.3607
4783.81, 7.972598, 0.561896, 15.06031, 14.7449
7786.15, 8.417354, 0.861774, 13.69139, 20.4718
10549.21, 8.022256, 0.615105, 12.05613, 15.9494
4503.73, 7.92631, 0.533274, 15.27487, 24.8831
10289.76, 8.374845, 0.838176, 12.6808, 34.0242
4302.68, 7.608584, 0.387357, 15.05682, 16.3981
6996.79, 8.021813, 0.604806, 13.47386, 18.3889
7601.81, 8.334291, 0.806438, 13.64283, 10.3059
8463.01, 8.319476, 0.798302, 13.23424, 28.5512
5680.9, 8.191179, 0.706228, 14.53859, 10.3567
7430.21, 8.295188, 0.780229, 13.66143, 12.8035
5037.42, 7.423501, 0.318009, 14.06314, 12.0429
8580.37, 8.013343, 0.604312, 12.73571, 12.0827
5955.09, 8.199849, 0.713273, 14.3496, 10.6749
5054.69, 7.990561, 0.574395, 14.81277, 11.5657
6433.58, 8.284903, 0.771042, 14.17229, 12.001
6261.79, 8.623494, 0.992799, 14.83488, 18.1131
5111.27, 8.084762, 0.633279, 14.88232, 11.1669
11995.32, 8.149599, 0.696411, 11.93421, 16.7061
7386.37, 8.32004, 0.796581, 13.72021, 12.9404
6306.15, 8.103362, 0.652819, 13.97612, 11.6399
4755.95, 8.094227, 0.637588, 15.2464, 10.9003
4578.29, 7.924925, 0.532706, 15.20604, 11.1675
6015.84, 7.260513, 0.283019, 12.99182, 11.5389
5139.82, 7.823032, 0.479221, 14.49833, 50.0642
12684.93, 7.94656, 0.576604, 11.54162, 11.234
17060.24, 7.882036, 0.55213, 10.92607, 10.2849
4760.34, 7.904194, 0.521396, 14.99401, 15.9063
4523.7, 7.836924, 0.482459, 15.15445, 13.4009
13743.83, 7.84826, 0.52588, 11.27799, 17.1489
6321.0, 8.275952, 0.764769, 14.22534, 15.213
4494.62, 8.378837, 0.82716, 15.91719, 10.5301
6456.22, 8.308662, 0.786883, 14.1919, 14.0696
9559.66, 8.52121, 0.932399, 13.17849, 11.8055
7274.33, 8.243526, 0.745887, 13.64404, 24.2619
7161.95, 8.26699, 0.761055, 13.74711, 10.2483
7229.68, 8.185466, 0.707985, 13.58964, 12.0125
8509.68, 8.356375, 0.822736, 13.28769, 13.8533
5584.2, 8.167587, 0.690241, 14.58179, 18.5082
5465.24, 7.985194, 0.575227, 14.41574, 24.7368
5327.72, 8.163306, 0.685333, 14.79677, 12.6308
4958.12, 8.231626, 0.728451, 15.24443, 11.4428
4730.09, 8.084663, 0.631383, 15.26214, 12.4271
5165.58, 8.024678, 0.596119, 14.7507, 13.4137
4731.42, 8.342673, 0.802952, 15.6371, 11.2593
16555.63, 7.957621, 0.59208, 11.08844, 12.2384
6707.53, 7.905016, 0.53557, 13.47157, 11.7839
6742.11, 8.127611, 0.669646, 13.75689, 18.0779
6065.5, 8.048763, 0.617771, 14.04523, 35.9734
9246.01, 8.422205, 0.867356, 13.11888, 13.7967
5898.02, 8.11724, 0.659755, 14.25986, 35.846
7575.15, 7.949148, 0.563581, 13.0868, 10.3972
5375.01, 7.923434, 0.537994, 14.42268, 14.1582
5008.72, 8.215871, 0.718126, 15.19258, 13.9749
4433.93, 7.795466, 0.469873, 15.17051, 16.4624
8004.15, 8.465386, 0.893791, 13.67873, 13.5435
4557.81, 7.798149, 0.471825, 15.04652, 14.6574
4612.21, 7.856514, 0.493662, 15.08574, 12.5726
5770.91, 7.985251, 0.577598, 14.18067, 12.0217
6225.81, 8.205756, 0.718224, 14.17711, 11.449
6058.25, 8.214566, 0.723329, 14.29988, 13.6788
4657.77, 7.794564, 0.460116, 14.96466, 16.6055
6550.15, 8.290365, 0.774989, 14.10951, 10.7543
6058.24, 8.009609, 0.593879, 14.00717, 18.7011
13104.3, 8.116006, 0.677813, 11.74274, 12.5817
5320.24, 7.858935, 0.501005, 14.38808, 13.5875
6738.78, 7.901301, 0.533589, 13.4513, 13.3744
4329.73, 8.100237, 0.640355, 15.67803, 14.1204
5323.02, 8.076003, 0.62945, 14.67698, 11.3868
7632.36, 7.937824, 0.55724, 13.04171, 11.6191
4610.41, 7.936709, 0.53976, 15.1886, 15.1528
4332.07, 7.773046, 0.458175, 15.24501, 12.5975
7672.54, 8.411652, 0.857807, 13.73417, 12.0083
4845.47, 7.801954, 0.465147, 14.77829, 11.6663
6048.58, 8.346494, 0.810875, 14.50885, 12.1673
7370.76, 8.003228, 0.594739, 13.25941, 10.1996
6521.53, 8.515497, 0.924306, 14.47642, 31.0119
5705.22, 8.047938, 0.615237, 14.3175, 12.1296
12545.76, 8.836531, 1.120707, 13.02142, 11.8602
8751.46, 8.421262, 0.865947, 13.30266, 10.0541
6437.36, 8.201691, 0.716316, 14.03158, 26.3623
5596.98, 8.130512, 0.666437, 14.51842, 17.1073
8635.59, 8.524956, 0.93357, 13.50852, 24.5894
6324.97, 9.052157, 1.217255, 15.62863, 15.2829
4531.21, 7.761939, 0.454805, 15.02492, 12.0752
5421.59, 8.083705, 0.635272, 14.59868, 11.5552
11270.85, 8.022361, 0.61709, 11.88173, 10.299
4740.04, 8.059818, 0.61563, 15.20956, 26.2063
4647.68, 7.713372, 0.43346, 14.84031, 11.4114
5597.93, 8.606922, 0.980708, 15.28106, 10.3295
5801.82, 8.025746, 0.602235, 14.21469, 11.3949
5022.38, 7.935777, 0.541483, 14.76234, 21.8828
5753.89, 8.022873, 0.600186, 14.23556, 21.7476
5729.99, 8.621227, 0.990151, 15.20106, 13.2033
8074.01, 8.481904, 0.904735, 13.67579, 14.9224
6653.94, 8.254387, 0.751498, 13.99739, 12.4636
5992.88, 9.200026, 1.270293, 16.16759, 12.9031
17276.16, 8.042879, 0.6425, 11.14148, 12.3178
6134.73, 8.343067, 0.80886, 14.44636, 10.1304
8519.73, 8.034493, 0.616833, 12.79946, 12.8089
10021.04, 8.216359, 0.734366, 12.51369, 12.0737
5827.65, 6.761216, 0.171426, 12.45758, 13.1874
15642.23, 7.996938, 0.612336, 11.25239, 12.3322
5136.39, 7.978388, 0.567712, 14.70412, 38.9597
9195.93, 8.587345, 0.973952, 13.42591, 10.3219
4977.19, 7.902617, 0.521886, 14.77293, 12.3721
9248.9, 8.080388, 0.646773, 12.57344, 11.0202
7092.29, 7.990497, 0.586332, 13.37694, 22.0025
8143.76, 8.023984, 0.609431, 12.93782, 20.2289
8995.48, 8.136437, 0.681002, 12.75438, 11.678
4568.74, 7.843801, 0.486426, 15.11653, 12.9076
7708.62, 7.623881, 0.417027, 12.53882, 14.0023
10478.51, 7.943541, 0.569043, 11.96248, 16.9547
11863.81, 8.090471, 0.659539, 11.86756, 10.4229
4594.14, 7.694275, 0.424521, 14.8699, 14.068
7238.78, 8.015583, 0.601757, 13.34001, 13.3348
4633.91, 7.81764, 0.472384, 15.01667, 19.143
7273.17, 8.427764, 0.86778, 13.94837, 10.0848
9160.92, 7.538422, 0.39324, 11.77506, 21.4959
7244.6, 7.944652, 0.559955, 13.24539, 22.6642
6882.07, 8.38712, 0.840089, 14.07895, 10.8179
6141.48, 8.522297, 0.927957, 14.73367, 15.2915
7726.78, 8.017895, 0.60456, 13.1091, 12.6897
5812.23, 8.202646, 0.714447, 14.457, 11.7553
5886.42, 8.073109, 0.631922, 14.21679, 11.5342
5544.02, 7.784091, 0.463403, 14.09887, 11.6691
7453.46, 8.436743, 0.874023, 13.87661, 19.7756
5472.97, 8.018045, 0.59514, 14.46309, 16.3394
6060.52, 8.289813, 0.773088, 14.41018, 19.0747
6455.41, 8.174412, 0.698685, 13.99034, 15.6096
10519.38, 8.259355, 0.763241, 12.43422, 11.6738
4313.69, 7.791463, 0.467053, 15.28703, 15.4045
18724.64, 9.082241, 1.233475, 12.87625, 12.5292
7538.76, 9.470298, 1.354706, 15.90405, 22.093
6020.28, 8.173888, 0.696659, 14.26637, 17.3067
4914.1, 7.827035, 0.479164, 14.74039, 11.9551
5356.84, 7.860666, 0.502409, 14.34244, 41.5133
5016.8, 8.018054, 0.590915, 14.88701, 16.7335
5465.17, 8.155689, 0.681592, 14.66437, 14.4545
7078.8, 7.991655, 0.58698, 13.39011, 12.3892
18821.33, 7.934437, 0.584572, 10.82117, 10.1312
6926.84, 8.084986, 0.643377, 13.60081, 10.2297
7540.02, 8.082499, 0.643489, 13.28752, 12.0712
4858.13, 7.965885, 0.558222, 14.97508, 12.7016
4339.95, 7.900049, 0.517479, 15.41387, 12.7201
9196.55, 7.997756, 0.596792, 12.47237, 11.8239
4840.42, 7.972217, 0.561937, 15.00011, 14.9349
4949.27, 7.805019, 0.467633, 14.67793, 10.8422
5600.03, 8.380933, 0.832039, 14.89907, 25.1139
5695.54, 8.061448, 0.623536, 14.3438, 17.0084
7577.08, 8.45985, 0.889472, 13.85919, 12.3029
6052.89, 8.423438, 0.862295, 14.62831, 10.8473
5113.78, 7.982305, 0.569876, 14.74273, 12.9651
13656.95, 8.028059, 0.625957, 11.54379, 12.8668
5043.03, 7.995483, 0.577295, 14.82932, 14.1306
5713.09, 8.305696, 0.782228, 14.68859, 11.4824
8853.18, 8.153779, 0.691598, 12.83497, 12.0474
5111.05, 7.962963, 0.558272, 14.7284, 12.1964
5181.07, 8.168627, 0.687817, 14.93925, 12.845
4632.34, 8.099658, 0.640705, 15.37991, 14.7851
6194.79, 8.1128, 0.658319, 14.06425, 10.8631
15063.72, 8.067877, 0.652702, 11.42767, 15.0065
6653.69, 8.170325, 0.696691, 13.87167, 12.2405
5103.58, 7.956996, 0.554663, 14.71909, 12.2812
5050.57, 7.836183, 0.485398, 14.621, 10.0111
8501.49, 8.564309, 0.958593, 13.64733, 13.3695
6664.54, 8.117164, 0.662795, 13.78903, 14.5196
4800.45, 7.799341, 0.463448, 14.8239, 14.1777
5293.12, 8.296121, 0.77325, 15.03266, 10.3955
5342.77, 8.17549, 0.693392, 14.80174, 14.6362
6183.08, 8.425018, 0.863708, 14.54507, 10.246
6637.01, 8.371151, 0.828929, 14.18714, 10.3648
13514.21, 8.008889, 0.614387, 11.53822, 16.1416
6664.74, 8.138407, 0.676275, 13.82009, 10.4505
5676.39, 7.865257, 0.507926, 14.09468, 10.7919
5656.91, 8.128537, 0.665578, 14.47073, 14.6872
6755.87, 8.551075, 0.947802, 14.41083, 19.1389
10018.36, 7.60895, 0.420425, 11.58481, 10.0596
5177.07, 8.006316, 0.584967, 14.7157, 10.9824
6522.69, 8.168339, 0.694993, 13.94387, 10.7188
6739.45, 8.218646, 0.728291, 13.89644, 12.1063
5488.11, 8.183412, 0.699794, 14.68572, 13.5531
14887.11, 7.843376, 0.526385, 11.12229, 13.2571
5282.09, 8.027938, 0.599192, 14.64746, 13.47
4828.79, 8.021201, 0.591815, 15.07648, 13.4185
4860.67, 8.109505, 0.64777, 15.16339, 11.0604
7875.96, 8.672517, 1.024788, 14.101, 14.2088
6107.45, 8.229773, 0.733509, 14.29067, 13.9585
5474.09, 7.959333, 0.559947, 14.38377, 13.0475
14140.31, 7.895374, 0.551998, 11.3038, 10.7597
10267.89, 7.897251, 0.542444, 11.97238, 11.2003
4474.34, 7.888962, 0.511507, 15.2748, 10.3038
9265.03, 8.488922, 0.911058, 13.23858, 11.8075
21505.17, 7.976909, 0.614221, 10.63877, 18.3584
7090.91, 7.916306, 0.543247, 13.28991, 12.8252
6405.03, 7.875775, 0.518057, 13.61852, 12.7367
10735.7, 8.256928, 0.762129, 12.3734, 24.1345
4422.58, 7.657742, 0.408368, 14.99608, 11.7723
6588.64, 8.290028, 0.77487, 14.0882, 11.3634
6652.97, 8.000596, 0.590971, 13.64167, 11.007
6165.64, 8.234353, 0.736746, 14.26702, 11.0165
4692.19, 8.034049, 0.599278, 15.23947, 12.5193
9347.89, 7.98107, 0.587407, 12.40318, 11.2943
10344.26, 8.13588, 0.684008, 12.29943, 13.2163
4363.42, 7.995613, 0.574537, 15.50249, 17.6345
6887.72, 8.851772, 1.124742, 14.90331, 18.0644
6454.19, 8.105563, 0.654763, 13.89405, 14.8498
5130.22, 7.795405, 0.474914, 14.46267, 11.8838
11753.97, 8.085573, 0.6563, 11.88193, 10.1278
5470.26, 7.944727, 0.551339, 14.35869, 23.356
7789.01, 8.194865, 0.715338, 13.34192, 11.0124
5693.3, 8.1226, 0.662021, 14.43217, 14.3047
10523.25, 8.692307, 1.03922, 13.19748, 12.3561
4597.21, 7.84747, 0.488571, 15.09173, 11.3379
9354.98, 8.329126, 0.806381, 12.92571, 13.7372
4199.28, 7.929758, 0.534475, 15.5876, 11.5119
7709.39, 8.507226, 0.920749, 13.87918, 12.6899
7710.33, 8.515886, 0.92639, 13.90203, 11.254
6567.49, 8.254706, 0.751463, 14.0453, 15.1383
7093.43, 8.35451, 0.818854, 13.91918, 13.1982
5375.97, 8.008461, 0.588311, 14.53583, 14.0308
7103.22, 8.424518, 0.865334, 14.02819, 15.9729
12390.18, 8.059636, 0.641978, 11.72869, 29.9941
9673.87, 8.191383, 0.717539, 12.59625, 12.9949
4550.0, 7.796308, 0.471005, 15.05173, 11.7695
16061.63, 7.94869, 0.585978, 11.13631, 11.5405
5161.63, 7.925097, 0.536484, 14.62242, 18.4691
9963.59, 8.291551, 0.78302, 12.65057, 19.0382
3944.52, 7.630713, 0.39538, 15.42938, 16.7011
5671.57, 8.022567, 0.599442, 14.31748, 10.9353
4972.75, 7.904631, 0.523006, 14.78807, 14.4367
5879.04, 7.971585, 0.570137, 14.0921, 11.1506
4698.32, 7.926915, 0.534336, 15.09518, 18.4273
6171.58, 7.991287, 0.583459, 13.91038, 20.0713
7878.15, 8.462539, 0.891723, 13.72591, 20.1518
6802.47, 7.943785, 0.558038, 13.48157, 10.8039
4709.32, 7.822693, 0.475482, 14.94686, 18.7949
5475.28, 8.200936, 0.711152, 14.73962, 11.7043
4941.14, 7.97946, 0.566881, 14.92291, 10.1003
22067.88, 7.8983, 0.57338, 10.49187, 10.2164
6032.14, 8.374128, 0.829298, 14.57287, 12.3188
5512.64, 8.878405, 1.136885, 15.8695, 13.6434
11318.51, 7.722795, 0.46281, 11.47107, 14.8023
4667.05, 7.844928, 0.487463, 15.01623, 21.8879
8561.83, 7.976165, 0.582281, 12.70666, 12.231
21598.14, 7.99031, 0.621866, 10.66987, 12.7805
5914.82, 8.066172, 0.627754, 14.16824, 51.9461
4837.11, 7.778743, 0.464363, 14.75081, 10.2016
10140.25, 8.406816, 0.858837, 12.79867, 15.35
8786.65, 7.749313, 0.46619, 12.28047, 14.2546
5375.36, 8.348852, 0.809189, 15.05282, 12.2229
4807.96, 7.799438, 0.474335, 14.8121, 10.2224
5711.92, 8.098606, 0.646915, 14.40795, 10.9879
5215.25, 8.094588, 0.640271, 14.81029, 15.8042
5690.8, 7.952383, 0.557609, 14.21566, 11.3507
4105.98, 8.167202, 0.683727, 15.99249, 12.6153
20724.6, 7.890303, 0.565775, 10.60199, 15.4642
7262.86, 8.025891, 0.608043, 13.35059, 15.2592
15130.83, 7.93186, 0.574426, 11.23868, 12.6129
5528.77, 7.929791, 0.543177, 14.30679, 18.3653
5644.13, 7.661831, 0.421802, 13.81803, 23.2242
8261.14, 8.543105, 0.944752, 13.72192, 13.8639
4836.06, 8.001655, 0.579806, 15.05868, 12.2514
5126.52, 8.223447, 0.723713, 15.0946, 11.7504
6007.02, 8.074873, 0.633639, 14.15994, 10.205
8624.81, 8.205233, 0.723961, 13.03035, 10.092
6937.8, 8.349601, 0.815268, 14.00754, 13.5243
6103.79, 8.23586, 0.737502, 14.29019, 36.2698
7362.37, 8.023562, 0.606921, 13.31807, 10.4021
5488.36, 8.217173, 0.721936, 14.75203, 14.1419
8454.75, 7.796889, 0.483048, 12.51211, 14.4303
7583.58, 8.349697, 0.816608, 13.67902, 17.6411
5230.06, 8.068398, 0.623845, 14.76702, 11.9905
5262.15, 8.320095, 0.78925, 15.10752, 12.1533
14811.49, 8.404162, 0.864457, 11.98235, 27.1216
4776.41, 8.371333, 0.822507, 15.65111, 11.9042
4352.93, 7.983253, 0.566951, 15.53001, 11.5064
5780.29, 8.052727, 0.618675, 14.2901, 11.2997
4376.66, 7.898518, 0.5167, 15.39934, 10.1328
7945.55, 7.494824, 0.372873, 12.24113, 14.7946
10798.81, 8.244294, 0.754092, 12.34499, 17.0713
9343.94, 8.05166, 0.629479, 12.53011, 11.6351
13281.94, 8.161752, 0.706582, 11.80563, 11.4201
4605.29, 7.246577, 0.257488, 14.31625, 12.2874
5115.84, 8.075562, 0.627485, 14.88426, 12.2011
4868.01, 8.490009, 0.9028, 15.76261, 10.5464
5072.9, 7.974358, 0.564768, 14.78757, 12.4845
5114.31, 7.96973, 0.562336, 14.72393, 23.4771
4956.88, 8.239683, 0.733842, 15.27406, 11.0442
6311.51, 7.969344, 0.571087, 13.80836, 14.1369
5560.31, 8.018983, 0.596442, 14.40272, 18.7684
12399.66, 7.932585, 0.568028, 11.58804, 11.422
4233.11, 7.987056, 0.568977, 15.65186, 11.5435
7387.18, 8.49243, 0.910591, 14.02904, 11.6454
6286.07, 8.020745, 0.601689, 13.88322, 21.479
6738.4, 8.06637, 0.63127, 13.67248, 21.7009
5977.05, 8.308172, 0.785026, 14.52111, 10.8736
5271.34, 8.096903, 0.642186, 14.76946, 14.9311
4424.01, 7.639479, 0.400721, 14.99658, 11.2165
9213.95, 8.034229, 0.618595, 12.54651, 10.8604
5535.01, 7.975823, 0.570245, 14.36869, 12.6785
5158.87, 8.541315, 0.937325, 15.57361, 11.5391
7638.64, 9.169325, 1.260936, 15.23181, 11.9649
8359.47, 8.285325, 0.775609, 13.25239, 12.6038
6954.8, 7.536106, 0.382621, 12.81514, 10.2268
5833.11, 8.501361, 0.91335, 14.92886, 14.2136
6232.89, 8.299073, 0.77984, 14.33181, 12.2518
4953.38, 7.912594, 0.527442, 14.8349, 11.2015
10423.48, 8.24556, 0.754101, 12.45289, 14.5211
5526.98, 6.678708, 0.147567, 12.65253, 10.2951
7069.36, 7.954109, 0.564883, 13.3645, 15.4261
5838.93, 8.168974, 0.692654, 14.3773, 35.9864
6471.42, 8.259071, 0.754061, 14.12436, 13.7653
6412.68, 8.571924, 0.960587, 14.66549, 13.7982
13057.43, 8.144132, 0.695137, 11.80088, 15.8949
21516.26, 9.000381, 1.202217, 12.47177, 13.6064
6345.52, 8.239576, 0.74082, 14.17231, 13.7349
14615.39, 7.921018, 0.567185, 11.28783, 13.5941
8009.36, 8.321389, 0.7987, 13.44349, 18.5554
8262.25, 7.974106, 0.580192, 12.81674, 18.5819
15675.68, 8.374642, 0.846693, 11.8566, 11.2979
11711.11, 8.067716, 0.645348, 11.87502, 17.1232
8943.12, 8.500248, 0.917982, 13.38106, 13.948
22139.91, 8.28628, 0.800014, 11.0913, 11.8082
6738.11, 8.485948, 0.905293, 14.33397, 15.0262
5145.9, 8.07001, 0.6242, 14.84501, 10.1708
6911.03, 8.279321, 0.768607, 13.91264, 12.8114
4753.8, 7.895749, 0.516505, 15.00181, 12.3311
6930.46, 8.378251, 0.834293, 14.05676, 10.338
5395.83, 7.509592, 0.357135, 13.83997, 12.5009
5300.1, 8.445107, 0.873677, 15.27466, 12.299
5196.97, 7.992475, 0.576746, 14.69459, 10.3244
4657.77, 7.750831, 0.450284, 14.8985, 10.3385
8554.82, 8.304229, 0.788434, 13.18698, 13.5504
5296.02, 8.115788, 0.654423, 14.76563, 10.8862
5289.32, 8.013545, 0.59046, 14.62104, 18.7492
7461.75, 8.322383, 0.798281, 13.6982, 10.8187
6557.3, 8.126567, 0.668399, 13.86243, 12.5808
14129.36, 8.04544, 0.637293, 11.52195, 12.6751
5390.99, 7.656537, 0.416777, 14.03339, 10.4251
6417.49, 7.404123, 0.332195, 12.98595, 15.6141
5474.81, 8.236919, 0.734874, 14.77653, 13.7232
5990.93, 8.13302, 0.670244, 14.2378, 10.0691
4855.46, 8.011603, 0.586009, 15.04635, 10.2271
5658.66, 8.378555, 0.830764, 14.84619, 16.2051
7438.66, 8.410537, 0.856661, 13.85061, 11.3709
4914.24, 7.955593, 0.552399, 14.91086, 10.758
5895.49, 8.088442, 0.64156, 14.235, 12.265
5163.4, 7.937726, 0.543856, 14.63584, 14.2497
8466.84, 8.377846, 0.836835, 13.35197, 12.0905
6761.23, 8.039193, 0.614649, 13.62338, 17.8737
4656.53, 8.011352, 0.58506, 15.24744, 11.0134
4935.17, 8.225292, 0.724136, 15.26489, 10.6276
5505.69, 8.059342, 0.620841, 14.49248, 19.6198
4985.35, 8.142689, 0.669793, 15.07918, 27.4105
5861.33, 7.218844, 0.270453, 13.05663, 10.0142
5130.55, 8.041058, 0.605971, 14.81467, 10.8261
8929.73, 7.849607, 0.512294, 12.37567, 10.3376
5901.2, 8.144106, 0.676924, 14.31547, 15.5087
9158.65, 8.519016, 0.930448, 13.32417, 14.551
6042.07, 8.369375, 0.826152, 14.55783, 11.8642
6284.78, 8.280053, 0.767372, 14.26173, 11.3763
5332.46, 8.541062, 0.937576, 15.38963, 18.1407
4569.65, 7.693705, 0.424259, 14.91134, 10.4178
7411.03, 8.083235, 0.643604, 13.36899, 11.4836
6302.99, 8.332909, 0.802597, 14.34061, 10.669
6085.5, 8.198857, 0.713166, 14.27849, 13.2149
5577.76, 8.19276, 0.706593, 14.64275, 13.3466
5924.69, 8.041111, 0.612329, 14.1546, 13.5077
6249.14, 8.291221, 0.774671, 14.30086, 10.2835
5433.47, 8.384083, 0.833196, 15.0396, 18.0869
5072.72, 7.91172, 0.527929, 14.68969, 20.52
6221.11, 8.280975, 0.767772, 14.29476, 17.4046
5757.52, 8.449353, 0.878565, 14.88362, 20.0702
8472.4, 8.186947, 0.711824, 13.04678, 10.781
7945.45, 8.285391, 0.774814, 13.41946, 12.9994
9061.71, 8.457986, 0.890549, 13.25381, 16.1287
4739.93, 8.060024, 0.61576, 15.22574, 13.6225
4798.93, 7.968395, 0.559434, 15.0555, 11.372
4901.16, 7.941832, 0.544157, 14.90818, 17.1665
5910.43, 8.18199, 0.701438, 14.35388, 19.5816
9132.0, 8.541739, 0.94503, 13.3676, 14.7658
7283.75, 8.388365, 0.841689, 13.87834, 22.5616
5258.99, 8.06562, 0.622351, 14.72627, 10.5295
7893.9, 8.231581, 0.739413, 13.3625, 10.9246
4585.49, 7.935533, 0.538977, 15.22051, 15.4283
4701.7, 8.14469, 0.670122, 15.3723, 13.6453
5133.56, 8.219815, 0.721332, 15.06218, 10.7594
4778.27, 7.869524, 0.501732, 14.93292, 19.3863
5304.79, 8.074047, 0.62805, 14.69498, 10.8779
6417.97, 9.224192, 1.278, 15.94326, 22.9681
5065.29, 8.12571, 0.659207, 14.99516, 11.282
4576.39, 7.766401, 0.456589, 14.96747, 84.3105
14823.29, 7.971401, 0.595857, 11.32485, 24.1089
8597.6, 8.03214, 0.615634, 12.76341, 16.4742
7160.09, 8.308202, 0.788277, 13.81113, 19.056
5330.74, 8.570944, 0.957009, 15.45194, 15.3948
5719.22, 8.189243, 0.705187, 14.51652, 15.6948
14222.18, 8.169893, 0.713508, 11.69476, 13.8901
8764.65, 8.259105, 0.759269, 13.04136, 14.6979
4683.92, 7.7633, 0.456145, 14.88007, 11.6659
5129.47, 8.164955, 0.685105, 14.98075, 21.632
5568.85, 7.982101, 0.574259, 14.34292, 11.1036
4696.84, 8.048852, 0.608571, 15.25643, 13.6436
6745.2, 7.478631, 0.361004, 12.8342, 13.0921
5836.07, 8.548892, 0.944476, 15.0017, 11.2226
5093.98, 8.013935, 0.588944, 14.81329, 10.3322
4692.76, 7.967011, 0.558148, 15.14465, 15.2542
6860.67, 8.218207, 0.728328, 13.83747, 10.2779
5517.09, 8.237827, 0.735808, 14.75145, 12.0652
6173.07, 8.365282, 0.823817, 14.4645, 10.3733
9516.08, 8.40163, 0.854302, 12.99714, 13.3889
4951.73, 7.936101, 0.541128, 14.84191, 16.8351
5758.62, 8.069524, 0.628967, 14.30425, 17.2193
5768.13, 8.139792, 0.673465, 14.40734, 10.0264
5667.91, 7.999103, 0.585198, 14.28743, 14.4452
5572.83, 8.277696, 0.762715, 14.76574, 12.6575
6996.53, 8.315267, 0.792602, 13.91546, 10.0909
7188.03, 8.107469, 0.658155, 13.50511, 14.376
5579.35, 7.301668, 0.287863, 13.41108, 10.9564
5889.06, 7.965496, 0.566601, 14.0842, 11.9039
5396.37, 7.853316, 0.498824, 14.33815, 10.6173
20248.58, 7.92266, 0.581687, 10.68794, 13.8722
5907.57, 7.944699, 0.554533, 14.03684, 10.2698
6669.94, 8.300738, 0.782185, 14.0759, 12.3251
17165.99, 9.194306, 1.27119, 13.28763, 16.2379
4341.01, 7.806067, 0.465018, 15.31667, 11.2775
7107.72, 8.227921, 0.735288, 13.73175, 10.9484
4740.39, 7.842848, 0.486672, 14.95324, 10.2986
6309.62, 8.123486, 0.66555, 14.0268, 10.7896
7126.08, 8.336778, 0.80715, 13.8821, 14.8036
5132.16, 8.158332, 0.680792, 14.97866, 12.2904
6016.87, 8.0056, 0.59124, 14.049, 10.6593
6049.07, 8.112433, 0.657429, 14.16735, 16.4379
13023.09, 8.046524, 0.6355, 11.67348, 11.8428
5009.27, 7.907344, 0.524867, 14.75516, 15.046
4893.1, 8.002132, 0.580383, 14.9939, 15.2571
5348.61, 7.976609, 0.568855, 14.52627, 15.9868
9430.42, 8.080094, 0.647067, 12.52662, 10.1548
9731.2, 8.210866, 0.730172, 12.62051, 10.4605
4092.62, 8.06152, 0.615123, 15.86953, 11.1885
6539.97, 8.377113, 0.832677, 14.26836, 13.6879
7819.11, 8.052191, 0.625594, 13.11285, 21.2444
5226.43, 7.934346, 0.542545, 14.58905, 11.7393
15204.69, 8.823328, 1.115741, 12.7092, 14.6567
4708.83, 7.82825, 0.478503, 14.97064, 11.5915
11181.53, 8.558956, 0.958734, 12.78407, 11.47
5083.91, 7.912161, 0.528282, 14.6684, 43.0889
4645.72, 8.040108, 0.602916, 15.30502, 11.9461
3828.86, 7.711714, 0.429682, 15.64954, 12.4331
6515.49, 8.49497, 0.910825, 14.46347, 17.1015
8578.79, 7.89494, 0.535964, 12.58595, 10.4493
7544.87, 7.932163, 0.553724, 13.08381, 11.9917
24276.53, 7.89246, 0.575974, 10.29012, 14.9211
6562.87, 8.301114, 0.782154, 14.11723, 21.7428
14769.95, 8.083123, 0.661238, 11.4769, 29.282
25564.93, 7.889017, 0.577424, 10.18277, 10.0556
4154.1, 7.959877, 0.552326, 15.6761, 11.9118
4600.39, 8.181575, 0.694148, 15.52504, 19.9323
5225.82, 8.061421, 0.619437, 14.75301, 16.1884
8948.81, 8.572502, 0.964332, 13.49678, 10.9168
4617.95, 7.858587, 0.494844, 15.09211, 11.2388
6452.65, 8.448363, 0.879887, 14.42622, 13.4973
4480.05, 8.202756, 0.707957, 15.68442, 11.307
9231.63, 8.572233, 0.964516, 13.39287, 14.174
6045.09, 8.005635, 0.591414, 14.02208, 13.0812
5021.47, 7.921067, 0.532896, 14.7616, 11.8357
23272.68, 8.405808, 0.87695, 11.1757, 20.8046
8666.63, 8.441897, 0.879385, 13.3795, 10.783
5315.58, 7.784489, 0.46117, 14.30469, 12.3564
7341.56, 7.972813, 0.576645, 13.2183, 34.9975
6542.29, 8.740082, 1.063281, 14.88672, 12.1583
5357.28, 7.941349, 0.548171, 14.47072, 15.5427
5418.15, 7.964903, 0.562678, 14.43934, 26.0298
12443.11, 7.961883, 0.584715, 11.59286, 26.0518
5226.57, 7.908084, 0.527391, 14.54632, 11.7927
16418.15, 7.984917, 0.607177, 11.16099, 14.1236
6804.72, 8.33672, 0.80641, 14.04873, 15.8658
5343.66, 7.168774, 0.248013, 13.42884, 14.6178
9183.87, 8.383349, 0.841707, 13.08182, 16.162
5102.23, 7.932735, 0.540374, 14.69844, 13.2395
12414.23, 8.10262, 0.668161, 11.80824, 11.088
7621.33, 8.643339, 1.006792, 14.16696, 10.3498
9003.66, 7.752138, 0.462329, 12.21145, 12.4401
4285.26, 7.652631, 0.405664, 15.14027, 10.0124
5161.48, 8.197684, 0.706811, 15.00716, 16.9445
5001.9, 7.961686, 0.556641, 14.83401, 17.3411
10032.79, 8.283953, 0.778206, 12.63021, 10.8484
21800.31, 8.481663, 0.922879, 11.43749, 13.1077
7246.52, 8.395431, 0.846308, 13.91742, 12.2667
4225.93, 7.671632, 0.413242, 15.22345, 14.9886
5683.37, 7.952, 0.55733, 14.21194, 11.7117
6355.31, 8.262508, 0.755978, 14.19095, 10.5813
10336.3, 7.961946, 0.579172, 12.03813, 15.7591
4955.84, 7.859062, 0.497107, 14.74625, 13.2097
5278.21, 7.898092, 0.522337, 14.48595, 10.241
5044.83, 7.855241, 0.495798, 14.65334, 12.9861
8041.59, 8.090725, 0.649925, 13.08337, 13.0789
4538.15, 7.997231, 0.575996, 15.34747, 13.8417
5441.95, 7.937247, 0.546705, 14.3904, 10.4189
9934.58, 7.963418, 0.578842, 12.18585, 10.5164
7655.1, 8.375543, 0.833867, 13.69927, 12.8167
7521.37, 8.045078, 0.620422, 13.2601, 14.0514
8580.33, 8.454643, 0.887623, 13.44414, 12.2399
4904.29, 7.929803, 0.537104, 14.89646, 11.6669
5548.59, 8.04954, 0.615108, 14.452, 17.6331
4780.52, 7.973038, 0.562147, 15.0794, 12.2155
12448.24, 7.969799, 0.589258, 11.6252, 12.2362
5075.31, 8.588665, 0.967894, 15.70674, 23.8764
13467.87, 8.042195, 0.633902, 11.60737, 16.6506
7106.11, 8.619998, 0.991831, 14.36511, 17.11
14011.94, 8.901645, 1.154155, 12.9731, 11.8894
12312.72, 8.053831, 0.638318, 11.75927, 10.4427
11195.36, 8.713499, 1.052254, 13.07012, 10.5282
6391.06, 8.101324, 0.651862, 13.94091, 10.792
7088.78, 7.587463, 0.401462, 12.81216, 10.0885
11454.27, 9.265673, 1.291358, 14.15403, 27.4035
4702.51, 7.998964, 0.577601, 15.19329, 11.475
5032.18, 7.951645, 0.550909, 14.77905, 20.9362
7757.97, 8.218457, 0.730567, 13.38678, 19.8224
7801.72, 7.961719, 0.571568, 13.01494, 10.6373
14380.18, 8.441826, 0.888129, 12.10601, 13.9389
13932.52, 8.075913, 0.655103, 11.58147, 20.7792
15041.01, 8.270939, 0.779047, 11.75842, 12.1267
7350.72, 8.223263, 0.732806, 13.60602, 10.9491
6109.7, 7.866877, 0.511685, 13.79464, 13.5038
7658.24, 7.84678, 0.506696, 12.92456, 10.051
5154.56, 8.502863, 0.91189, 15.50198, 10.0375
7849.33, 8.226995, 0.736325, 13.3679, 15.7378
6407.01, 8.472731, 0.895929, 14.48009, 26.7148
21282.15, 7.808668, 0.526123, 10.4115, 23.2441
5811.19, 7.988734, 0.579931, 14.16373, 11.4493
4902.72, 7.920669, 0.531761, 14.87655, 18.8481
4608.47, 8.103511, 0.643119, 15.41765, 15.4506
7097.6, 8.004108, 0.59446, 13.4132, 11.7609
12375.69, 8.158772, 0.702932, 11.90051, 13.1846
4757.31, 7.827671, 0.478445, 14.915, 10.9114
7006.36, 7.993779, 0.588024, 13.43701, 14.9378
11421.21, 8.201699, 0.728089, 12.11615, 20.3815
5733.44, 7.943478, 0.55271, 14.17016, 11.0301
4394.3, 8.02785, 0.594567, 15.52067, 21.1577
20365.82, 9.065361, 1.227735, 12.70022, 13.3889
6450.82, 7.969756, 0.571919, 13.71505, 15.3139
5764.94, 8.192474, 0.707549, 14.49424, 12.9862
5235.08, 8.007025, 0.585937, 14.67893, 10.4983
5218.18, 8.080505, 0.631372, 14.79616, 11.5738
6739.84, 8.015992, 0.600506, 13.60742, 16.7288
6437.73, 8.155901, 0.686707, 13.97456, 19.4334
6143.84, 7.999956, 0.588511, 13.95554, 17.0738
3999.88, 7.78553, 0.463046, 15.58742, 14.427
11722.82, 8.138981, 0.689187, 11.97377, 11.4644
5553.43, 7.955355, 0.558289, 14.30066, 29.1081
5905.82, 8.025137, 0.602458, 14.14472, 10.8844
6235.8, 8.016847, 0.599113, 13.91407, 11.123
8132.69, 7.911397, 0.543793, 12.79818, 13.7332
11385.04, 7.947267, 0.573745, 11.75773, 10.2435
6695.84, 8.060394, 0.627447, 13.6997, 10.2667
8143.83, 8.257258, 0.756738, 13.27977, 17.8981
9988.65, 8.010248, 0.60641, 12.19541, 32.787
4132.85, 7.8011, 0.471444, 15.48321, 13.4292
6052.18, 7.401263, 0.328047, 13.19636, 16.5645
5292.66, 8.131302, 0.664349, 14.79069, 10.9448
6361.11, 7.965179, 0.568855, 13.76415, 12.2903
9627.18, 8.307579, 0.792806, 12.7767, 62.9109
4575.65, 7.986737, 0.56969, 15.2878, 18.1986
4769.98, 7.85527, 0.493712, 14.93034, 11.434
17665.23, 7.732846, 0.47982, 10.6465, 16.9943
6488.85, 8.125504, 0.667489, 13.91158, 14.0552
6791.38, 8.185973, 0.707192, 13.83054, 13.7691
6643.87, 7.952199, 0.562375, 13.58845, 10.1226
8737.55, 8.270752, 0.766828, 13.06746, 14.5123
12216.01, 7.998266, 0.605189, 11.68408, 14.0996
18935.42, 7.281117, 0.363798, 9.71143, 11.2535
11434.61, 8.289522, 0.784687, 12.26006, 11.4837
5475.73, 8.026302, 0.600206, 14.49075, 10.4249
4280.09, 7.672626, 0.4141, 15.17706, 10.3858
4639.27, 7.80044, 0.46316, 15.00046, 13.6213
10483.92, 8.158394, 0.698497, 12.28266, 17.8145
13029.15, 8.006637, 0.611958, 11.59267, 18.3073
7048.67, 8.527906, 0.933258, 14.23064, 28.5398
9451.8, 8.275545, 0.771491, 12.80748, 14.1373
23439.92, 8.907296, 1.162148, 12.11145, 13.2918
4765.36, 7.78517, 0.467123, 14.81504, 23.2183
6693.8, 7.774563, 0.465468, 13.30663, 25.2631
6124.76, 8.115229, 0.659548, 14.12102, 12.6098
9084.99, 8.586878, 0.973526, 13.47117, 16.002
9459.02, 8.246281, 0.752452, 12.77247, 11.7392
6267.29, 8.358649, 0.819665, 14.39179, 14.9338
4492.7, 7.854068, 0.491843, 15.21859, 10.9468
5281.24, 7.555102, 0.373536, 14.012, 10.9573
7295.88, 8.375455, 0.833148, 13.85931, 12.3385
11225.7, 8.350967, 0.8243, 12.40648, 15.041
5617.78, 7.955678, 0.558991, 14.27837, 10.9825
5567.55, 7.938269, 0.548417, 14.28637, 16.2512
21108.68, 7.846192, 0.544191, 10.49612, 11.1318
5996.63, 8.236468, 0.737487, 14.38801, 10.7328
4614.94, 7.912187, 0.5254, 15.16115, 14.0838
4990.67, 8.109997, 0.648662, 15.0535, 12.4697
7583.62, 8.320046, 0.796972, 13.63464, 18.6741
6533.58, 8.243063, 0.743699, 14.05563, 15.0415
4897.69, 8.375942, 0.825863, 15.52848, 10.8961
11659.45, 8.669141, 1.026742, 12.87763, 10.3078
7209.67, 7.334542, 0.314217, 12.37431, 13.9783
7690.91, 8.291722, 0.778468, 13.54376, 10.0739
9581.99, 8.083979, 0.649849, 12.46783, 14.5255
5131.34, 8.062273, 0.619228, 14.83385, 26.6912
5465.54, 7.995053, 0.581147, 14.43747, 31.8605
7750.64, 8.261311, 0.758569, 13.46779, 15.3404
8112.24, 8.101721, 0.65695, 13.06929, 12.92
9330.78, 8.467312, 0.897046, 13.16934, 33.4327
22743.96, 7.956783, 0.606135, 10.51118, 12.7364
5808.34, 8.171405, 0.694072, 14.40415, 36.6359
15899.74, 8.059315, 0.649361, 11.3138, 21.7364
4532.67, 7.874312, 0.503363, 15.19942, 10.2279
5137.02, 7.072571, 0.215849, 13.52488, 10.791
4342.38, 8.025191, 0.592782, 15.57739, 11.1498
4332.23, 7.623135, 0.393368, 15.05464, 11.7349
11036.72, 8.435244, 0.878953, 12.59584, 12.413
10593.44, 8.106855, 0.666563, 12.18072, 15.4254
6030.44, 8.101861, 0.650664, 14.16647, 16.7537
4564.57, 7.865479, 0.498497, 15.1545, 12.1065
10310.04, 8.377821, 0.840163, 12.70088, 10.5464
5980.47, 8.102604, 0.650892, 14.19978, 13.433
5517.05, 8.098201, 0.645286, 14.54681, 10.5271
8449.02, 8.15732, 0.692829, 13.00778, 16.0319
5205.24, 7.864252, 0.502465, 14.51001, 11.1616
4247.05, 7.907991, 0.521838, 15.52189, 13.6979
5901.89, 8.462208, 0.88764, 14.79784, 17.7425
4826.03, 7.799805, 0.463865, 14.80485, 13.8707
29612.43, 9.226711, 1.28399, 12.28707, 31.5921
5540.77, 7.947279, 0.55345, 14.29997, 35.0888
5336.43, 8.086317, 0.636067, 14.68689, 10.8546
19502.49, 7.622545, 0.454995, 10.28063, 10.3825
5377.26, 8.203574, 0.712078, 14.8118, 19.1169
5542.43, 8.285264, 0.767555, 14.80049, 13.2255
5334.82, 7.867897, 0.506134, 14.39578, 12.5836
4496.83, 7.640727, 0.401547, 14.91411, 11.2693
4797.01, 8.203786, 0.709389, 15.37596, 10.8987
7747.9, 7.973106, 0.578051, 13.0559, 11.7904
6555.08, 8.141252, 0.677735, 13.89283, 15.6034
8005.08, 7.849748, 0.509431, 12.77148, 10.3275
4188.81, 7.666352, 0.411016, 15.26198, 11.623
6810.33, 7.846036, 0.503389, 13.34626, 10.0073
6325.13, 8.217407, 0.726201, 14.14085, 13.5198
5675.51, 7.314744, 0.29379, 13.33598, 12.0058
14573.61, 8.442745, 0.888989, 12.08567, 17.3512
5692.72, 8.064778, 0.625587, 14.36707, 10.2797
9320.18, 8.119426, 0.671153, 12.61021, 18.443
8693.94, 8.35342, 0.821119, 13.21788, 14.6525
8387.84, 8.371594, 0.83257, 13.38017, 12.2325
8604.96, 7.992856, 0.592218, 12.6908, 23.5352
5054.66, 7.924874, 0.535385, 14.7421, 12.095
4981.35, 7.791218, 0.460631, 14.63663, 11.0113
8495.51, 8.007465, 0.600566, 12.76795, 11.7658
11275.73, 8.117251, 0.674654, 12.03335, 13.3528
8725.92, 8.036788, 0.618796, 12.69633, 33.8297
7912.28, 8.279141, 0.770629, 13.42466, 10.6935
5273.96, 8.131685, 0.664453, 14.80852, 12.7433
21419.6, 7.514218, 0.424757, 9.90812, 10.4841
11119.15, 7.971188, 0.586731, 11.82725, 30.4668
6365.85, 8.155683, 0.686312, 14.01832, 16.4665
5546.26, 8.26483, 0.753955, 14.76702, 12.5037
6626.64, 8.292486, 0.776601, 14.0729, 19.9864
6670.78, 8.142999, 0.679221, 13.82872, 13.4309
13288.43, 8.051746, 0.6392, 11.62172, 26.6776
4915.09, 8.007639, 0.583878, 14.98054, 11.0416
8199.67, 8.299547, 0.784655, 13.33339, 10.7243
5112.5, 8.075509, 0.627428, 14.88007, 11.6751
5384.55, 8.822599, 1.107439, 15.87164, 10.7035
5069.93, 8.445369, 0.873185, 15.46596, 18.6235
5256.45, 8.115538, 0.65395, 14.79941, 10.0236
3671.53, 7.399234, 0.300404, 15.41208, 22.6604
4640.88, 7.698963, 0.427081, 14.82802, 18.5598
5319.52, 8.013072, 0.590494, 14.60104, 12.6291
11981.9, 7.306724, 0.334831, 10.66692, 23.0932
4996.85, 7.990373, 0.573859, 14.86756, 16.5969
8505.75, 7.921487, 0.550631, 12.64129, 12.3893
5261.72, 7.976638, 0.567888, 14.59067, 32.9552
4945.9, 7.975319, 0.564415, 14.89859, 16.0431
6930.82, 8.298827, 0.781558, 13.9232, 12.0901
5423.84, 8.264728, 0.752982, 14.86975, 12.9996
5452.23, 8.131183, 0.665702, 14.64599, 10.0548
20329.2, 8.014291, 0.632498, 10.81129, 10.1893
5557.44, 8.359972, 0.817722, 14.9066, 11.1093
8062.53, 7.391121, 0.337953, 12.03459, 10.5822
5493.3, 8.104756, 0.649236, 14.56925, 18.1454
8736.99, 8.265276, 0.763243, 13.05146, 15.1844
6206.48, 8.014485, 0.597554, 13.9288, 13.7075
8250.35, 8.360564, 0.825041, 13.41061, 11.5651
8266.16, 7.410141, 0.345432, 11.95774, 18.1904
4910.66, 7.969488, 0.560685, 14.93575, 11.9481
10018.92, 8.307099, 0.793292, 12.67267, 10.4799
4925.64, 7.997303, 0.577614, 14.95563, 10.1605
10992.33, 8.64891, 1.013845, 12.99134, 10.281
4802.56, 7.927676, 0.535267, 14.99061, 10.9107
5182.96, 7.971502, 0.564011, 14.66813, 10.9025
12743.64, 7.997956, 0.606234, 11.61633, 10.5724
6390.69, 8.862066, 1.129688, 15.20949, 11.0982
4537.47, 8.018424, 0.58907, 15.37542, 10.192
6919.12, 8.011923, 0.598613, 13.51021, 10.6283
13216.25, 8.161671, 0.706403, 11.80223, 11.5205
6968.75, 8.043915, 0.618154, 13.51802, 11.6632
6157.07, 8.089809, 0.643688, 14.05878, 10.5052
5484.86, 8.246577, 0.741358, 14.79204, 11.3126
9242.56, 8.471235, 0.899482, 13.21333, 11.7794
5682.11, 8.051487, 0.617272, 14.34904, 11.0873
4873.83, 8.024756, 0.594224, 15.03601, 17.307
4443.48, 8.179482, 0.692411, 15.68414, 10.3569
4308.51, 7.81037, 0.467237, 15.32735, 32.4735
6668.96, 8.283428, 0.770714, 14.02957, 23.8118
5017.07, 8.027824, 0.596947, 14.89924, 11.4676
6722.74, 8.065295, 0.630556, 13.68227, 13.3129
5018.18, 7.905787, 0.524047, 14.74454, 10.2821
8767.3, 7.322464, 0.319894, 11.61005, 14.6603
6102.82, 8.026919, 0.604596, 13.98947, 32.7597
5874.61, 8.156943, 0.685054, 14.34586, 12.9406
4927.58, 7.540844, 0.363357, 14.32802, 10.1021
6722.93, 7.997266, 0.589214, 13.58654, 26.551
6515.51, 8.152091, 0.684531, 13.91019, 68.9912
5022.92, 7.970322, 0.561961, 14.82368, 13.5325
4783.6, 8.014442, 0.587443, 15.12126, 10.0487
5415.38, 8.711779, 1.04469, 15.63097, 11.0745
5309.61, 7.946976, 0.550895, 14.52229, 13.7674
6133.3, 8.139468, 0.675005, 14.15308, 12.5405
4892.13, 7.773371, 0.46233, 14.67663, 14.1669
14221.56, 8.078868, 0.657505, 11.54718, 25.347
8917.72, 7.233243, 0.295045, 11.41158, 25.3778
5916.6, 7.623599, 0.408924, 13.57012, 10.7847
5198.19, 8.67564, 1.022535, 15.76019, 10.4332
6047.24, 8.207971, 0.718965, 14.30596, 13.6105
6988.7, 8.538486, 0.94003, 14.28445, 11.2385
11755.36, 7.773151, 0.481983, 11.45958, 10.1428
10015.91, 8.451576, 0.887876, 12.90503, 14.4891
7972.06, 8.134563, 0.677209, 13.18033, 10.8107
8678.68, 7.534193, 0.389749, 11.97334, 13.0696
5200.77, 8.048876, 0.611396, 14.75105, 16.5648
9413.82, 8.013404, 0.606677, 12.41203, 15.4466
5234.34, 7.968252, 0.562593, 14.61109, 17.4183
4498.91, 7.805854, 0.465467, 15.14915, 13.1179
10729.9, 7.958208, 0.578159, 11.92443, 13.6794
5734.28, 7.893294, 0.523975, 14.09617, 16.1181
4995.34, 7.991532, 0.574551, 14.87858, 15.0175
4953.86, 7.96494, 0.558239, 14.88601, 14.6919
5763.39, 8.099866, 0.648027, 14.35426, 14.6158
6805.62, 7.922401, 0.545768, 13.44953, 14.2539
4965.44, 7.804404, 0.47757, 14.64575, 11.6729
5124.54, 8.205159, 0.711556, 15.04618, 10.1741
7462.44, 8.029412, 0.610742, 13.25923, 10.7792
7048.82, 8.344412, 0.812057, 13.93308, 17.6326
5470.77, 8.073871, 0.629588, 14.55332, 11.5579
6259.75, 7.894124, 0.527591, 13.74169, 11.732
4716.65, 7.810997, 0.469197, 14.94049, 11.8093
5326.57, 7.530004, 0.364031, 13.93534, 14.1607
7670.64, 7.946582, 0.562396, 13.05273, 15.5386
5666.55, 8.174755, 0.695439, 14.54611, 15.3945
6868.35, 8.435239, 0.872012, 14.18129, 11.6908
5595.9, 8.1181, 0.658504, 14.51988, 11.7976
4862.04, 8.639574, 0.999853, 16.014, 12.5711
6258.44, 8.033165, 0.609121, 13.92906, 10.2723
17817.57, 8.989129, 1.195713, 12.77827, 21.2411
5758.47, 8.723933, 1.052629, 15.38119, 10.8162
22661.75, 9.041574, 1.219421, 12.46104, 10.4627
5584.91, 8.116841, 0.657624, 14.51773, 11.0853
5473.89, 8.253381, 0.745793, 14.81096, 11.1546
6567.59, 7.966239, 0.570304, 13.63018, 19.0733
14563.87, 7.649405, 0.447345, 10.88803, 11.2383
4702.31, 7.743817, 0.447215, 14.82597, 24.3035
8915.93, 8.512064, 0.925616, 13.40414, 12.8288
7453.74, 8.211824, 0.725585, 13.52085, 18.1733
7729.16, 8.25213, 0.752499, 13.44199, 49.6501
6907.66, 8.340646, 0.809252, 14.00307, 11.0834
5026.46, 7.767818, 0.460987, 14.52933, 11.1334
6528.08, 8.591452, 0.973172, 14.61731, 20.7319
7937.51, 8.254196, 0.754296, 13.37662, 10.6733
4893.67, 8.036855, 0.601841, 15.03472, 22.8546
6706.04, 8.042741, 0.616641, 13.67029, 10.054
5604.09, 8.019427, 0.597041, 14.36575, 12.3622
11980.53, 8.087603, 0.658045, 11.8451, 15.1648
6028.97, 8.144132, 0.677525, 14.22558, 10.1094
8348.03, 8.311882, 0.793076, 13.29131, 12.0781
5696.98, 8.014638, 0.594797, 14.28474, 16.509
6251.58, 8.095884, 0.647902, 13.99055, 67.3539
12181.45, 8.284538, 0.782863, 12.08228, 91.34
4923.18, 8.065787, 0.62014, 15.05183, 10.3318
5948.86, 8.289204, 0.772272, 14.49778, 16.2804
6730.59, 7.87559, 0.519234, 13.43927, 10.0424
7289.12, 7.971085, 0.575472, 13.26281, 13.0599
4622.08, 8.073403, 0.623873, 15.36477, 10.451
5757.98, 8.400363, 0.845835, 14.81207, 16.2117
12106.17, 8.739859, 1.068166, 12.91733, 12.69
5022.1, 7.853108, 0.494405, 14.68147, 11.9287
6725.62, 7.980133, 0.579042, 13.56851, 17.3241
6323.05, 8.347571, 0.812433, 14.34273, 15.3217
15926.86, 7.940525, 0.581125, 11.15623, 12.8678
5583.17, 8.133115, 0.668006, 14.55162, 11.5696
4634.7, 7.916706, 0.528107, 15.15608, 13.4613
11015.57, 8.660577, 1.02089, 13.0196, 11.4065
9185.22, 7.810218, 0.492338, 12.21702, 17.5498
5230.01, 8.523562, 0.925795, 15.45769, 10.807
5787.33, 7.953941, 0.55918, 14.14242, 12.5869
5326.38, 8.449284, 0.876568, 15.25622, 14.3245
10735.07, 8.100485, 0.662982, 12.1464, 10.6747
6789.62, 8.630629, 0.99802, 14.55729, 11.3074
15581.7, 8.048269, 0.642142, 11.35513, 12.4388
4430.88, 7.798546, 0.461292, 15.21815, 12.691
7721.94, 7.940389, 0.558992, 13.01868, 14.5869
6186.72, 8.317571, 0.79201, 14.38925, 13.9344
4636.83, 7.692935, 0.424418, 14.84147, 10.2009
5897.37, 8.378124, 0.831505, 14.66904, 11.9599
4812.75, 8.090989, 0.635707, 15.19686, 12.9346
6082.6, 8.390976, 0.840713, 14.55702, 14.663
13144.36, 8.097257, 0.666397, 11.71324, 12.7458
7024.37, 7.95927, 0.567746, 13.37443, 15.4845
4429.22, 7.792232, 0.468293, 15.17057, 20.6856
7025.55, 7.983391, 0.581918, 13.41829, 12.5451
5798.84, 7.830506, 0.489917, 13.96585, 12.38
5254.74, 8.641091, 1.001298, 15.64199, 11.4525
4750.01, 7.935239, 0.539458, 15.05405, 10.7952
5112.87, 7.915917, 0.530708, 14.66509, 11.346
4092.92, 7.869338, 0.499313, 15.61318, 23.2983
28122.25, 9.477176, 1.360575, 12.97111, 11.588
9220.01, 8.256972, 0.758874, 12.85603, 13.882
4900.32, 7.900607, 0.520147, 14.85264, 10.8985
6036.31, 8.060523, 0.624877, 14.10397, 10.3091
5462.33, 8.584711, 0.966189, 15.36247, 11.6146
5147.15, 8.233244, 0.730346, 15.07005, 10.0171
4911.4, 8.458083, 0.881442, 15.64956, 12.8107
7239.8, 8.390957, 0.843328, 13.89049, 33.35
7573.52, 8.253799, 0.753267, 13.52709, 17.102
7737.59, 8.251506, 0.752108, 13.46029, 12.6047
4792.02, 7.921915, 0.531842, 14.98374, 25.342
4799.22, 7.899269, 0.51876, 14.94848, 14.3926
4667.74, 7.738009, 0.444495, 14.86271, 10.6383
6415.34, 8.147137, 0.681011, 13.97906, 10.083
9217.75, 7.783863, 0.478935, 12.17836, 12.5138
8787.14, 7.972723, 0.580924, 12.59248, 14.0739
5401.71, 7.972627, 0.567081, 14.4724, 11.4789
12066.49, 8.072084, 0.648792, 11.8009, 14.0715
10651.7, 8.00766, 0.606735, 12.01707, 15.0721
4608.77, 7.93543, 0.538999, 15.18846, 15.833
14953.63, 7.979674, 0.600872, 11.3192, 10.5909
5447.89, 8.162522, 0.685859, 14.69804, 11.401
4338.92, 7.959585, 0.552587, 15.48733, 26.3469
4871.44, 8.004886, 0.581959, 15.02123, 11.6277
6877.13, 7.954201, 0.564325, 13.44425, 15.2311
8586.15, 8.044347, 0.622978, 12.76372, 30.3229
10347.38, 8.246053, 0.754254, 12.47329, 10.2856
4744.24, 7.895694, 0.516426, 15.00927, 10.5891
76195.25, 8.137942, 0.806602, 8.95374, 16.5725
4997.15, 7.880275, 0.509344, 14.73262, 10.0768
4181.72, 7.243375, 0.253862, 14.74998, 18.3332
6667.61, 7.895705, 0.530193, 13.48289, 13.6924
4462.98, 7.955198, 0.550294, 15.36932, 10.6672
5078.61, 8.139549, 0.668248, 15.00166, 10.7862
6999.3, 8.063402, 0.630204, 13.53082, 15.54
7460.45, 8.086504, 0.645766, 13.33381, 12.1509
4221.54, 7.657636, 0.407366, 15.19962, 21.4102
5861.36, 7.303384, 0.29354, 13.16474, 16.7971
5781.77, 7.902836, 0.529688, 14.07248, 10.4593
5901.57, 8.224371, 0.729125, 14.42489, 13.6489
5058.48, 7.9772, 0.566361, 14.79747, 11.4351
6482.41, 8.166161, 0.693456, 13.93813, 39.1518
4426.14, 7.697209, 0.425175, 15.05239, 10.3
5986.95, 7.939566, 0.552038, 13.97164, 10.1016
8722.84, 7.663855, 0.435118, 12.1674, 10.7014
16728.46, 7.871618, 0.545806, 10.94903, 14.636
5010.94, 8.08094, 0.630209, 14.97739, 17.647
16616.27, 7.888331, 0.554372, 11.00407, 10.4806
5842.95, 8.358163, 0.81793, 14.67199, 18.5769
7061.7, 8.270069, 0.762856, 13.79851, 16.7881
10304.13, 8.020801, 0.613566, 12.13673, 12.591
6747.31, 7.955041, 0.564386, 13.5043, 28.2165
5918.92, 7.961216, 0.564261, 14.03777, 18.9583
15006.6, 8.012298, 0.619784, 11.36281, 11.6693
5720.05, 8.170138, 0.692761, 14.48762, 11.4544
20414.23, 7.784121, 0.511858, 10.44903, 14.3705
5234.78, 7.988913, 0.574967, 14.64602, 10.0086
7814.63, 8.462735, 0.891752, 13.75476, 23.2707
8888.99, 8.551283, 0.950805, 13.47351, 13.6011
11437.31, 8.068977, 0.64546, 11.91565, 20.8288
5835.14, 8.094942, 0.64533, 14.2945, 10.318
4636.08, 7.886561, 0.510719, 15.10625, 10.4901
11679.65, 8.111036, 0.671754, 11.94113, 11.5776
4786.43, 8.131282, 0.661619, 15.27632, 10.1314
5816.66, 8.109821, 0.654628, 14.32057, 13.5093
7802.54, 7.810573, 0.48798, 12.79961, 10.0005
5681.2, 8.033508, 0.606198, 14.32553, 12.021
4844.74, 8.036915, 0.601654, 15.09079, 10.7282
18443.86, 7.938033, 0.585633, 10.86229, 23.5971
10253.26, 7.966879, 0.58178, 12.07321, 11.8132
6008.22, 8.470452, 0.893438, 14.74551, 11.1387
4996.95, 8.077558, 0.627982, 14.99537, 12.3574
12503.42, 8.219891, 0.741876, 11.96963, 10.6068
13237.97, 7.32616, 0.347237, 10.51274, 10.1921
4626.12, 7.967792, 0.558372, 15.22077, 11.6375
7676.05, 7.751755, 0.464434, 12.76615, 10.0561
4338.3, 7.958374, 0.551858, 15.4956, 13.8426
5568.34, 8.022378, 0.598573, 14.39801, 12.0683
7083.26, 8.40094, 0.849662, 14.0052, 12.3893
6610.66, 8.235196, 0.738759, 13.99964, 12.1821
8039.58, 8.430174, 0.870663, 13.61255, 11.8104
7207.23, 7.92865, 0.550648, 13.24844, 10.253
4539.24, 7.803318, 0.47445, 15.08132, 12.5514
6641.65, 8.239943, 0.741965, 13.99207, 10.4535
6876.38, 8.095619, 0.649873, 13.64893, 13.5127
5525.48, 8.202506, 0.712588, 14.69133, 11.7958
5963.88, 8.183393, 0.702584, 14.32822, 10.9395
4458.72, 7.565073, 0.370032, 14.84938, 13.5594
10627.61, 8.25185, 0.758611, 12.40183, 10.1026
5372.42, 7.88202, 0.514446, 14.37872, 12.5856
4701.09, 7.623258, 0.395381, 14.67299, 10.6649
4883.36, 7.980401, 0.567104, 14.96874, 13.8473
13892.26, 7.928989, 0.569788, 11.38417, 12.037
9536.45, 7.953949, 0.572209, 12.28137, 16.5695
5885.18, 8.229377, 0.73235, 14.44384, 13.6695
3936.77, 7.735512, 0.440405, 15.56952, 12.8336
6872.75, 8.553053, 0.949252, 14.36904, 10.5673
5351.0, 8.300017, 0.776179, 14.98958, 10.2595
8901.07, 8.843092, 1.121557, 14.02145, 21.8121
7139.46, 8.022342, 0.605543, 13.39758, 16.4434
5267.45, 8.094233, 0.640459, 14.75238, 18.0215
4633.98, 7.846843, 0.488376, 15.04081, 36.8209
5135.11, 8.002346, 0.58219, 14.7511, 13.3091
9282.29, 7.904846, 0.543618, 12.31525, 10.3505
7425.27, 8.285311, 0.773698, 13.63619, 22.3206
6660.95, 8.209389, 0.72203, 13.9346, 12.5072
7759.19, 8.313226, 0.792808, 13.53221, 23.3758
6233.52, 8.306192, 0.78458, 14.33246, 11.3093
6927.3, 7.875361, 0.519799, 13.32201, 10.091
8851.59, 8.217138, 0.732183, 12.94409, 11.624
4410.29, 7.944299, 0.543637, 15.40451, 11.8285
4159.85, 7.676831, 0.415396, 15.29428, 12.0033
6035.51, 7.417398, 0.333648, 13.20464, 15.1729
7847.11, 7.995638, 0.591632, 13.03474, 10.2174
4932.23, 7.853651, 0.493907, 14.75573, 15.0572
6573.5, 8.074855, 0.635989, 13.7895, 14.5924
6857.96, 7.924018, 0.546867, 13.42093, 10.6897
15789.74, 7.912562, 0.565431, 11.12297, 10.5417
5807.67, 8.381849, 0.833644, 14.74506, 11.6386
9964.73, 8.062456, 0.637696, 12.29154, 27.8621
5496.76, 8.130387, 0.665592, 14.6002, 19.1021
7057.28, 8.293103, 0.778058, 13.849, 12.6688
4850.02, 7.789202, 0.469397, 14.73404, 16.2666
7751.98, 8.309826, 0.790546, 13.5438, 10.1104
4638.53, 7.178936, 0.238744, 14.1768, 26.6887
4849.85, 8.34895, 0.807445, 15.53587, 12.1489
7843.24, 8.439458, 0.876466, 13.70628, 17.0438
4499.69, 8.33134, 0.794844, 15.84237, 14.6427
5082.97, 7.921657, 0.53376, 14.70149, 10.6609
7088.31, 8.322237, 0.797425, 13.86708, 25.4308
8829.62, 8.550211, 0.950044, 13.50364, 11.4086
5038.83, 7.819716, 0.476372, 14.61473, 11.6767
6146.58, 8.302993, 0.782162, 14.37323, 16.4072
4994.37, 8.210833, 0.714713, 15.18584, 10.9251
6549.8, 8.255585, 0.751991, 14.06653, 11.7782
5146.66, 8.086278, 0.634489, 14.86198, 13.0516
4776.82, 8.00183, 0.579651, 15.11115, 10.6225
13899.85, 8.169487, 0.71263, 11.7313, 12.2091
6406.43, 8.010243, 0.595844, 13.7859, 20.2139
6786.26, 8.032512, 0.610657, 13.60132, 14.6218
5265.36, 8.062614, 0.620526, 14.7065, 15.4916
5192.86, 7.947255, 0.549738, 14.62693, 11.1361
10263.09, 7.568995, 0.408018, 11.44995, 10.1386
6894.7, 8.405161, 0.852103, 14.09102, 29.505
5070.35, 7.88837, 0.514572, 14.67148, 10.0774
4768.93, 7.818652, 0.473615, 14.87944, 16.6694
10437.35, 8.277564, 0.774893, 12.49747, 11.443
9187.29, 8.288943, 0.779685, 12.93131, 10.1336
6096.25, 8.276254, 0.7642, 14.37632, 11.4566
5597.78, 8.371311, 0.825572, 14.89122, 11.1586
5243.63, 7.842783, 0.491174, 14.44469, 16.5408
7442.74, 8.016315, 0.602787, 13.23703, 23.5545
8128.48, 8.072031, 0.638609, 13.01772, 10.8184
4859.86, 8.175861, 0.691055, 15.26911, 10.5344
4766.89, 7.987655, 0.570947, 15.09492, 16.141
10084.17, 8.412209, 0.862266, 12.82359, 11.4087
9581.22, 8.315481, 0.797888, 12.82106, 14.0297
4864.62, 8.044722, 0.606621, 15.08139, 11.4083
9692.16, 8.459779, 0.892684, 13.01552, 17.9637
4574.84, 7.741074, 0.445023, 14.95502, 17.0735
5579.3, 8.567392, 0.955458, 15.23456, 11.5458
4725.51, 7.79549, 0.460953, 14.88341, 35.0289
4963.68, 7.971974, 0.562523, 14.88465, 10.2707
9302.68, 8.34375, 0.815884, 12.96615, 12.6622
4490.87, 8.392627, 0.836532, 15.94338, 12.7986
5671.41, 8.081342, 0.635788, 14.39897, 11.0313
5781.59, 8.030343, 0.60492, 14.24276, 10.178
5101.6, 7.790455, 0.46151, 14.50462, 28.6409
5667.98, 8.061017, 0.623082, 14.36277, 11.8377
5306.06, 8.006446, 0.586322, 14.60542, 10.1413
6706.59, 8.266642, 0.75972, 13.98714, 14.3098
9291.51, 7.921623, 0.55306, 12.3392, 10.3174
6776.7, 8.290373, 0.775588, 13.98389, 12.8071
5195.0, 8.317727, 0.787338, 15.15789, 11.6901
6169.9, 8.230349, 0.734128, 14.26002, 10.5026
5022.51, 7.918712, 0.531539, 14.75741, 10.5616
4695.01, 7.773841, 0.461058, 14.87362, 24.1925
5219.0, 7.787355, 0.461356, 14.39, 12.7987
4595.52, 7.851682, 0.490903, 15.09805, 15.948
7329.53, 8.232134, 0.738551, 13.61087, 15.2199
12538.82, 7.976267, 0.593193, 11.61598, 11.0808
5293.79, 8.121088, 0.657798, 14.77487, 10.5354
5895.51, 8.231561, 0.733835, 14.44874, 11.5759
6442.65, 7.886681, 0.524273, 13.61213, 12.1931
5335.25, 7.864426, 0.504219, 14.39087, 10.4201
4716.4, 8.268968, 0.752942, 15.53957, 26.8386
5860.18, 8.103225, 0.650687, 14.2785, 14.0965
4884.58, 8.536356, 0.933619, 15.8073, 10.0516
7760.15, 8.411293, 0.857723, 13.7059, 10.8543
6322.47, 7.943533, 0.556058, 13.75769, 11.1977
4902.16, 7.981684, 0.567987, 14.94969, 12.4237
10271.49, 8.35399, 0.824482, 12.66601, 12.6571
5538.66, 8.113871, 0.655391, 14.54288, 16.1583
4370.73, 7.81247, 0.477736, 15.25651, 18.6043
5295.48, 7.806637, 0.472498, 14.34202, 27.712
6535.24, 8.050653, 0.62091, 13.77673, 10.3953
19934.42, 8.037664, 0.64503, 10.88235, 10.674
5596.32, 7.978622, 0.572397, 14.3101, 13.883
4600.76, 7.927097, 0.534061, 15.18591, 11.5981
8782.13, 8.061916, 0.634207, 12.73679, 10.9476
5835.73, 7.868533, 0.510864, 13.97921, 12.8704
6257.67, 8.130678, 0.669918, 14.05707, 10.4988
11882.63, 8.018495, 0.616299, 11.75767, 13.4501
7887.02, 7.878669, 0.524798, 12.84096, 26.786
5309.27, 7.953148, 0.554512, 14.52058, 13.8801
7064.43, 8.426096, 0.866311, 14.04866, 20.6753
6849.55, 7.805046, 0.481773, 13.26302, 13.5964
5400.05, 7.956084, 0.557282, 14.44489, 12.4779
9545.29, 8.314472, 0.797153, 12.83155, 14.0995
4756.68, 7.964648, 0.556991, 15.07603, 14.9815
6406.55, 8.315077, 0.791013, 14.22138, 37.2534
5280.19, 8.049735, 0.612637, 14.68471, 10.1323
5738.74, 7.939536, 0.550454, 14.15177, 21.173
5696.47, 8.480624, 0.899108, 14.99095, 10.0748
5152.65, 8.117158, 0.654248, 14.90058, 11.0289
5612.76, 8.026687, 0.601535, 14.36873, 11.5863
9547.42, 7.990692, 0.593616, 12.3429, 10.9615
5061.49, 7.89448, 0.517961, 14.68777, 11.4518
13375.79, 8.592402, 0.982252, 12.46346, 12.5106
15234.16, 7.962794, 0.591952, 11.25201, 22.2459
5256.1, 8.161031, 0.683338, 14.86766, 10.0047
7376.56, 7.8603, 0.513072, 13.07249, 11.2598
6591.21, 8.371654, 0.829159, 14.22112, 10.173
7624.85, 8.334791, 0.806814, 13.64124, 10.1093
7530.35, 8.09791, 0.653057, 13.31735, 14.3784
6636.38, 8.058208, 0.625906, 13.71927, 21.9151
8145.01, 7.943337, 0.561995, 12.81998, 11.2475
4896.44, 7.968443, 0.559973, 14.93976, 12.2362
5573.81, 8.038013, 0.608191, 14.40893, 14.0022
8298.33, 8.466337, 0.894863, 13.55855, 12.5154
5171.14, 8.125436, 0.6597, 14.88666, 10.3677
4976.98, 7.830301, 0.481492, 14.6845, 17.898
7759.07, 8.210479, 0.725385, 13.39159, 10.4843
5827.44, 7.836387, 0.493279, 13.95151, 10.2851
6832.14, 8.354102, 0.818027, 14.05384, 13.5174
13084.68, 7.410937, 0.37124, 10.66098, 20.3852
14625.1, 8.371074, 0.84283, 11.9448, 30.4126
5151.66, 7.407454, 0.313747, 13.93573, 12.2212
4619.67, 7.677463, 0.41759, 14.82893, 12.3908
5394.72, 8.18608, 0.700734, 14.76926, 14.854
8630.14, 8.221193, 0.734296, 13.03454, 11.8708
7936.65, 7.983226, 0.584566, 12.97408, 12.6927
6266.88, 8.387849, 0.839152, 14.43071, 17.018
6733.27, 8.376066, 0.832418, 14.15025, 10.5113
23038.65, 7.936204, 0.595786, 10.45783, 10.8762
14852.84, 7.908295, 0.56081, 11.23305, 27.129
5937.46, 8.058161, 0.622905, 14.16395, 10.6523
4195.54, 7.68589, 0.419315, 15.27335, 10.2537
6714.06, 8.039145, 0.614471, 13.65448, 11.4162
9340.34, 8.271039, 0.768309, 12.84527, 12.6711
5557.24, 7.981753, 0.573959, 14.34532, 12.8751
6386.77, 8.207896, 0.720193, 14.09041, 10.2762
8182.92, 8.096144, 0.653667, 13.01548, 19.9609
5798.28, 7.994744, 0.583453, 14.17595, 25.6332
4884.26, 7.805718, 0.467448, 14.75299, 11.9362
10910.11, 8.269976, 0.770949, 12.35775, 11.2996
8134.19, 8.603481, 0.982748, 13.87467, 10.2888
5389.68, 8.081284, 0.633427, 14.62525, 16.5461
5455.41, 8.155123, 0.681138, 14.68158, 10.574
4316.04, 7.738554, 0.442529, 15.22245, 12.5555
10959.81, 8.192215, 0.721027, 12.2122, 14.126
11820.42, 7.916009, 0.557305, 11.62183, 14.4025
5995.71, 8.100963, 0.649931, 14.18768, 12.356
5547.89, 7.515892, 0.362522, 13.69949, 15.6637
10637.08, 8.281395, 0.777804, 12.43589, 13.421
5955.45, 8.182185, 0.701763, 14.33194, 10.523
5138.97, 8.370601, 0.822868, 15.28378, 14.4872
7523.57, 8.087497, 0.64655, 13.2994, 20.6623
14123.78, 7.958593, 0.586932, 11.40375, 10.3396
6693.17, 7.954104, 0.563655, 13.54306, 24.6605
5987.31, 8.336448, 0.803953, 14.54418, 11.7155
12256.78, 8.213089, 0.737068, 11.99168, 10.9567
9783.28, 8.266911, 0.766575, 12.67074, 14.777
5330.17, 7.997677, 0.58128, 14.57118, 11.1171
10312.29, 7.695327, 0.45078, 11.62639, 32.4824
8068.92, 8.019502, 0.606522, 12.95631, 16.7555
7505.82, 7.997206, 0.591549, 13.18523, 15.6543
5499.47, 8.118553, 0.658056, 14.58137, 11.6294
3780.28, 7.542708, 0.358215, 15.4543, 42.1976
3832.63, 8.03613, 0.598689, 16.04204, 16.9965
4262.74, 7.947245, 0.545002, 15.54732, 17.0714
5417.19, 8.343963, 0.806108, 14.9913, 15.2492
9759.15, 8.046312, 0.627357, 12.34966, 10.195
4963.24, 7.383139, 0.302359, 14.08861, 11.1328
8429.19, 7.465792, 0.365194, 11.96773, 10.0754
4779.58, 7.988661, 0.571614, 15.08051, 10.4191
7621.94, 8.398391, 0.848941, 13.7373, 11.1157
5628.13, 8.03424, 0.606272, 14.35917, 11.2888
4249.63, 7.610524, 0.387952, 15.11245, 12.9399
5326.97, 8.312601, 0.78452, 15.01719, 10.5905
4899.2, 7.85357, 0.493599, 14.79011, 19.3718
8082.51, 8.068332, 0.636209, 13.02147, 14.9652
4169.32, 8.062502, 0.615881, 15.78255, 12.0717
8988.84, 8.249168, 0.75328, 12.93259, 10.5701
5340.19, 8.017806, 0.593602, 14.58156, 10.4616
6917.68, 8.21691, 0.727629, 13.79593, 10.6867
9102.54, 7.95457, 0.571303, 12.44684, 13.5687
5829.16, 7.980723, 0.575261, 14.1208, 50.0779
5408.88, 7.327866, 0.291782, 13.58382, 14.1867
9423.38, 8.473075, 0.900948, 13.14518, 10.7514
4750.86, 7.786905, 0.467696, 14.83321, 10.3315
13300.37, 8.060837, 0.644671, 11.63423, 10.1501
6297.82, 8.234696, 0.737449, 14.17776, 10.1307
5965.82, 8.330524, 0.799916, 14.54131, 15.4806
6207.51, 7.991152, 0.583547, 13.88484, 15.5492
15181.47, 8.012468, 0.620277, 11.33037, 15.4959
24589.72, 8.109638, 0.696581, 10.58932, 16.7494
9299.9, 8.382089, 0.841083, 13.04195, 10.5447
5319.73, 8.008428, 0.587673, 14.58469, 21.5418
4573.21, 8.052209, 0.610306, 15.37639, 17.432
7976.31, 7.742884, 0.462312, 12.66014, 12.8312
5309.1, 7.94307, 0.548605, 14.50848, 19.1631
4712.85, 7.807894, 0.46751, 14.92408, 19.6898
6089.04, 8.057919, 0.623531, 14.05085, 13.9319
7067.62, 7.953886, 0.564748, 13.343, 12.6354
8510.99, 8.290312, 0.779192, 13.18416, 10.2496
7434.96, 7.385508, 0.332368, 12.32265, 10.5891
14510.46, 8.908266, 1.157588, 12.92643, 11.4734
5092.08, 8.148776, 0.674326, 15.00093, 10.2117
7951.52, 8.059217, 0.630258, 13.07632, 11.7649
5639.4, 8.252192, 0.746174, 14.67305, 10.9636
6429.6, 8.077534, 0.637132, 13.87712, 10.6446
5483.87, 8.132591, 0.666892, 14.61647, 11.8946
11254.83, 8.065834, 0.643109, 11.95161, 12.5616
5947.09, 8.320421, 0.793095, 14.54683, 10.2465
8029.34, 8.284981, 0.774716, 13.38179, 10.2521
5140.32, 8.305965, 0.779158, 15.17894, 11.0119
6457.52, 7.993251, 0.585866, 13.73565, 15.9863
10721.99, 7.818521, 0.501728, 11.72031, 13.7206
9833.46, 7.917099, 0.552159, 12.12454, 13.5844
6369.56, 8.330147, 0.800946, 14.28639, 10.9741
4703.6, 7.941956, 0.543227, 15.09979, 13.3773
8159.6, 8.358695, 0.823644, 13.4352, 16.7721
5249.61, 8.20748, 0.713798, 14.94132, 10.3408
7434.15, 8.370428, 0.83007, 13.77657, 11.1227
6681.98, 8.177242, 0.701237, 13.86631, 12.1829
16734.48, 8.494974, 0.925216, 11.9356, 10.9643
5551.05, 8.036333, 0.606986, 14.42438, 18.8234
5783.91, 8.160792, 0.687072, 14.41846, 10.5993
4655.06, 8.100389, 0.64124, 15.35834, 12.5526
5621.61, 8.197656, 0.710095, 14.59588, 12.4468
8403.62, 7.941207, 0.561558, 12.70758, 14.5622
5895.55, 8.102489, 0.650402, 14.25256, 11.2954
6539.61, 8.53844, 0.939283, 14.52706, 10.9576
5911.56, 8.248911, 0.745363, 14.45284, 26.368
14951.08, 8.129567, 0.689913, 11.53443, 12.8389
11997.52, 8.131623, 0.685204, 11.90927, 10.617
5260.64, 8.34132, 0.803569, 15.12158, 14.4304
4583.44, 7.866665, 0.499236, 15.12911, 14.422
5619.98, 8.040774, 0.610228, 14.37455, 12.6026
17092.83, 7.976826, 0.604088, 11.06293, 11.6615
4446.32, 7.912608, 0.525079, 15.32215, 12.8448
9154.64, 8.000392, 0.598233, 12.49136, 17.523
5456.53, 8.277383, 0.761664, 14.86205, 10.9178
6104.27, 8.060841, 0.625412, 14.05827, 14.2087
7085.78, 8.001974, 0.593149, 13.40277, 14.061
5497.41, 7.849898, 0.497959, 14.20907, 31.0405
6033.35, 7.919168, 0.540577, 13.91115, 12.0263
4798.59, 7.939285, 0.542078, 14.99908, 16.3743
5126.9, 7.855531, 0.496767, 14.57364, 10.5112
6209.13, 8.077308, 0.636111, 14.01232, 10.5177
6829.57, 8.378648, 0.834345, 14.09462, 15.7078
6014.76, 8.471188, 0.893945, 14.74201, 10.5513
9512.75, 8.038201, 0.621796, 12.41511, 12.7962
5594.58, 8.110348, 0.653564, 14.50069, 10.6865
4475.13, 7.88384, 0.508582, 15.2592, 16.5667
25798.92, 7.892233, 0.579636, 10.15969, 15.2621
6975.81, 8.372091, 0.830292, 14.01634, 11.0506
4765.11, 7.316587, 0.278766, 14.21902, 12.7594
5215.99, 8.173874, 0.691469, 14.91303, 15.7475
4490.42, 7.901144, 0.518567, 15.27399, 10.0189
5194.87, 8.07193, 0.625782, 14.78763, 14.8746
7380.86, 8.338598, 0.808866, 13.75907, 11.8588
7561.97, 7.753112, 0.465122, 12.80833, 15.7716
15013.24, 8.061538, 0.648806, 11.43396, 19.4036
6191.9, 8.470859, 0.894189, 14.61507, 13.2715
6968.77, 9.20814, 1.273202, 15.6036, 18.7872
4129.49, 7.434405, 0.315556, 15.0378, 13.0212
4470.7, 7.697713, 0.425499, 15.00088, 16.1169
6605.62, 7.860611, 0.510547, 13.48118, 10.0485
5192.03, 8.097968, 0.642248, 14.83664, 12.3065
5927.25, 8.924652, 1.160356, 15.63948, 10.7858
10929.74, 8.200969, 0.726542, 12.23554, 13.5543
6864.27, 7.945349, 0.559146, 13.43776, 13.3335
4245.35, 8.065352, 0.617842, 15.71328, 13.4558
15456.78, 7.995589, 0.611143, 11.27153, 19.2282
7136.77, 8.452144, 0.883672, 14.06636, 11.3919
6978.09, 8.146665, 0.682427, 13.66134, 14.6951
5510.37, 8.738833, 1.060754, 15.60334, 13.239
4676.35, 8.050576, 0.609589, 15.27893, 10.1812
4953.32, 8.122883, 0.656788, 15.10088, 11.4241
5130.45, 7.977612, 0.567195, 14.73015, 11.7214
6666.57, 8.054653, 0.623818, 13.69688, 15.3245
6973.61, 7.909934, 0.539254, 13.34123, 12.0777
5684.84, 7.195216, 0.262161, 13.1568, 14.1804
10316.81, 7.951086, 0.572878, 12.01901, 28.7124
10509.82, 8.446357, 0.885316, 12.7604, 10.4793
11128.7, 8.316101, 0.801383, 12.37394, 17.718
6970.45, 7.523951, 0.378381, 12.77215, 11.176
15563.0, 7.998798, 0.613228, 11.26092, 30.9034
6779.35, 7.975844, 0.576685, 13.53775, 10.5781
5190.76, 7.97321, 0.565106, 14.66716, 10.6023
4791.39, 7.9212, 0.531422, 14.99308, 11.5333
5726.83, 8.187891, 0.704347, 14.50795, 12.6753
6895.45, 8.464534, 0.891447, 14.20794, 13.8068
4484.05, 7.859757, 0.494993, 15.22093, 23.5969
6883.86, 7.991228, 0.586129, 13.50009, 11.9371
6476.95, 7.970358, 0.572378, 13.70151, 15.8668
9247.32, 8.347539, 0.818269, 13.00177, 10.3692
10537.91, 8.035626, 0.623055, 12.08966, 14.4277
6666.52, 8.019479, 0.602372, 13.65611, 11.0055
7458.92, 8.352723, 0.818379, 13.74629, 12.2664
5238.19, 8.090015, 0.637547, 14.77878, 10.1937
7261.43, 9.280992, 1.295113, 15.61799, 32.4852
16218.13, 7.905598, 0.562682, 11.07539, 11.7049
12795.94, 8.405641, 0.86246, 12.22457, 11.4123
5914.65, 8.011032, 0.593947, 14.11903, 13.546
7438.86, 7.873757, 0.520636, 13.0664, 10.9445
11741.45, 8.441102, 0.883896, 12.45471, 12.6324
5077.13, 8.03212, 0.600026, 14.85529, 23.7682
4757.9, 8.00403, 0.580924, 15.14422, 10.8923
10141.44, 8.004877, 0.603669, 12.17014, 11.9874
4136.07, 7.916196, 0.52637, 15.64649, 12.6371
5855.83, 8.22779, 0.731172, 14.47843, 12.7833
4940.83, 7.801529, 0.465698, 14.69891, 10.2745
12052.97, 8.870022, 1.137397, 13.1929, 15.4809
9997.35, 8.248953, 0.755368, 12.58802, 16.0139
6214.93, 8.119464, 0.662622, 14.07231, 12.1546
6582.26, 7.933897, 0.551564, 13.59004, 18.295
6484.6, 8.214295, 0.724691, 14.05003, 10.2989
5101.98, 8.163686, 0.684116, 15.02172, 10.4466
6037.56, 8.064818, 0.627544, 14.11523, 15.7858
4585.52, 7.797253, 0.461222, 15.0568, 16.163
15335.55, 7.969628, 0.596052, 11.26594, 12.9143
15731.75, 7.997616, 0.612927, 11.23216, 38.0943
5243.34, 8.130339, 0.66336, 14.81227, 160.9952
5075.09, 8.075823, 0.627371, 14.92384, 12.0316
8819.78, 8.267882, 0.765124, 13.03016, 17.9823
5323.24, 8.64077, 1.001228, 15.5801, 11.7477
4845.48, 8.006577, 0.58287, 15.04914, 11.8056
6903.68, 8.876968, 1.137685, 14.95414, 10.6272
4609.74, 7.864658, 0.498211, 15.10665, 11.5994
11607.48, 8.035191, 0.62556, 11.84248, 17.9189
9588.43, 7.999488, 0.598914, 12.31677, 34.6632
7949.03, 8.503204, 0.918478, 13.78501, 11.1109
5491.51, 8.147544, 0.676566, 14.64734, 10.1728
4411.81, 7.807173, 0.475539, 15.22727, 10.0069
10374.85, 8.4691, 0.899893, 12.83722, 14.6828
8327.06, 7.852546, 0.511972, 12.63609, 12.1906
5538.31, 8.127148, 0.663855, 14.56999, 15.335
21404.81, 9.206964, 1.276097, 12.91715, 18.0243
6720.83, 8.150168, 0.683953, 13.81604, 10.3099
10962.23, 9.35668, 1.317982, 14.50311, 10.4371
5668.48, 8.13803, 0.671733, 14.48001, 16.3092
6310.72, 7.995824, 0.586796, 13.83625, 16.1794
10297.45, 8.269233, 0.76918, 12.50989, 26.1635
3822.26, 7.688366, 0.419465, 15.61654, 14.9197
6885.34, 8.385537, 0.839043, 14.09256, 12.4309
5536.85, 8.005044, 0.587796, 14.41006, 11.5845
6384.9, 8.020597, 0.602008, 13.81292, 27.8909
5566.83, 8.121077, 0.660192, 14.54732, 11.0285
6783.66, 8.103467, 0.654526, 13.70996, 15.412
7635.03, 8.314393, 0.793333, 13.61351, 10.0445
5194.15, 8.373793, 0.825229, 15.25131, 11.1674
8792.66, 8.073776, 0.641498, 12.76277, 13.8245
8327.12, 7.646409, 0.427345, 12.31519, 10.1263
4445.35, 7.738912, 0.443581, 15.10043, 11.3713
5554.42, 8.022765, 0.598703, 14.4204, 10.4799
7125.48, 7.970825, 0.57482, 13.34356, 18.3214
4902.75, 7.981785, 0.568051, 14.94553, 30.5707
5643.91, 8.097922, 0.646036, 14.44268, 16.0648
12180.7, 8.196009, 0.72605, 11.98945, 10.9233
10426.41, 8.478812, 0.906285, 12.84792, 11.1516
5008.87, 8.19243, 0.702564, 15.15105, 13.9663
5783.26, 8.266584, 0.756497, 14.59201, 11.7916
9354.3, 8.273824, 0.770157, 12.84321, 18.6764
7852.26, 7.807464, 0.486525, 12.7866, 12.1259
8673.41, 7.992989, 0.592494, 12.68383, 15.5167
6104.38, 8.167946, 0.693176, 14.20534, 23.1845
5707.13, 8.10966, 0.653879, 14.4116, 12.5393
5548.07, 7.757212, 0.46119, 14.04441, 10.627
14092.98, 8.043382, 0.635991, 11.49977, 40.0483
6867.48, 8.500486, 0.915072, 14.27528, 13.3318
7295.67, 8.411666, 0.857158, 13.91047, 15.9101
6138.67, 8.20744, 0.718985, 14.23737, 20.0565
8895.47, 8.581581, 0.969976, 13.53733, 11.0135
8312.5, 8.168622, 0.699696, 13.0836, 11.3317
5761.69, 8.021847, 0.599611, 14.24686, 12.5066
5514.08, 8.047654, 0.613668, 14.47063, 22.8658
7741.17, 8.261782, 0.758858, 13.4644, 16.566
7031.35, 8.123336, 0.667743, 13.60272, 12.1326
5700.82, 8.164998, 0.689317, 14.49567, 11.7978
10079.87, 8.016471, 0.610363, 12.18852, 15.8009
6583.77, 8.179556, 0.70243, 13.93201, 23.1874
4922.39, 7.978364, 0.566102, 14.93342, 10.0747
4260.94, 8.2636, 0.7485, 15.9635, 11.5812
6068.21, 8.256787, 0.751189, 14.35862, 18.4872
6787.77, 8.132064, 0.672605, 13.74594, 23.3087
5057.91, 7.92142, 0.533407, 14.71772, 20.4764
4246.56, 7.713192, 0.43114, 15.25834, 11.2492
5494.84, 8.214, 0.719898, 14.73378, 12.5464
4714.43, 7.826745, 0.477711, 14.95216, 10.9109
4998.53, 7.9797, 0.567416, 14.86066, 14.2791
12776.09, 7.748833, 0.473184, 11.28394, 10.7826
5042.03, 8.13138, 0.662741, 15.02561, 18.3686
4254.19, 7.715564, 0.432291, 15.2536, 15.2214
7276.25, 7.872929, 0.519641, 13.13662, 13.8442
4814.71, 8.151327, 0.674788, 15.27586, 14.35
11844.82, 8.181, 0.715854, 12.01475, 12.22
7075.12, 8.442493, 0.877187, 14.07974, 10.0183
10385.4, 8.346854, 0.82003, 12.62486, 14.239
12146.95, 7.960951, 0.583464, 11.64138, 16.5889
3923.68, 7.733971, 0.439605, 15.57785, 27.2417
4875.98, 7.705168, 0.431413, 14.59992, 11.099
9219.74, 7.97967, 0.586223, 12.445, 11.0129
5754.49, 8.085319, 0.638818, 14.3405, 10.7669
5616.56, 8.166378, 0.689679, 14.56425, 10.5553
7938.28, 8.491051, 0.910522, 13.75899, 10.8881
7441.75, 7.989961, 0.587058, 13.21346, 14.7596
4874.17, 8.104236, 0.64443, 15.15302, 13.5855
4748.77, 8.259819, 0.746838, 15.50122, 12.0638
4575.07, 7.843141, 0.486086, 15.11566, 10.7765
5580.59, 7.991858, 0.580191, 14.34674, 11.1129
4235.46, 7.92269, 0.530398, 15.54391, 15.7883
6786.58, 8.430664, 0.868821, 14.19817, 19.4226
4066.75, 7.794696, 0.46816, 15.53753, 10.6431
4606.76, 7.835183, 0.481832, 15.07364, 12.1366
5817.74, 8.4759, 0.896446, 14.89077, 12.4926
6572.74, 8.225467, 0.73227, 13.98699, 32.4527
6447.38, 8.407182, 0.852495, 14.36205, 13.928
6680.65, 8.025916, 0.606315, 13.65209, 17.7018
5580.88, 8.16898, 0.691121, 14.58864, 14.5481
6516.39, 8.264929, 0.758061, 14.09103, 12.8106
4360.91, 8.144797, 0.669391, 15.70774, 11.9681
12671.11, 8.279492, 0.780469, 12.02532, 11.0065
7747.82, 8.510784, 0.923124, 13.87695, 10.5231
9963.43, 7.844711, 0.513013, 11.99048, 10.0807
5579.58, 8.109345, 0.65282, 14.51197, 10.4219
5055.4, 7.797634, 0.464778, 14.5625, 20.8253
6499.48, 8.400108, 0.847904, 14.30106, 30.5237
15191.27, 8.402912, 0.864196, 11.94862, 10.16
5860.78, 8.167251, 0.691647, 14.37897, 10.5335
7342.14, 8.273445, 0.7657, 13.67708, 10.8731
9332.51, 7.944527, 0.566203, 12.34291, 17.8016
5460.45, 8.16127, 0.685161, 14.68599, 11.927
14617.85, 7.970005, 0.594578, 11.34818, 13.4529
30245.61, 8.352051, 0.857018, 10.53386, 11.8122
4882.13, 7.901057, 0.520282, 14.8759, 10.5876
6066.22, 8.009218, 0.593685, 14.01323, 13.9444
5014.88, 9.040191, 1.21148, 16.63392, 28.8797
20317.36, 7.926339, 0.583829, 10.65562, 37.7291
5030.98, 7.850383, 0.492986, 14.66024, 11.3881
6120.96, 7.865482, 0.510981, 13.78702, 10.7472
4704.65, 7.81601, 0.471838, 14.95188, 14.7892
4389.06, 8.086533, 0.631676, 15.61083, 13.6416
6870.91, 8.873901, 1.136108, 14.96393, 15.8229
7833.62, 7.978249, 0.581328, 13.01363, 17.2651
7685.27, 8.371868, 0.831488, 13.66184, 19.0653
5980.19, 8.295068, 0.776298, 14.48445, 10.0418
6895.52, 7.612022, 0.40956, 12.94629, 10.8901
4998.74, 7.350405, 0.291693, 14.05755, 27.449
8615.02, 9.332521, 1.31043, 15.17892, 15.4349
4721.44, 7.942423, 0.543579, 15.09123, 11.5561
5037.09, 7.829416, 0.48159, 14.6275, 10.6477
6496.93, 8.02748, 0.606619, 13.7674, 10.5595
8830.14, 7.956121, 0.571406, 12.55709, 16.1233
8093.89, 8.283054, 0.773578, 13.33866, 24.0286
4089.38, 7.675925, 0.414619, 15.36162, 15.9359
19231.48, 7.902833, 0.568582, 10.74553, 12.4722
4939.31, 7.880266, 0.508854, 14.78233, 21.021
6467.3, 7.962628, 0.5678, 13.6841, 24.1958
5120.11, 7.849007, 0.493108, 14.56208, 15.4069
7217.67, 8.060101, 0.628781, 13.42171, 16.8615
5609.6, 8.225561, 0.728361, 14.65633, 14.7119
6713.53, 8.120894, 0.665305, 13.77597, 12.1894
5810.82, 8.462664, 0.887629, 14.87364, 11.0569
5066.44, 8.542471, 0.937912, 15.6511, 11.1826
6151.31, 7.903662, 0.532417, 13.82414, 13.631
12661.16, 8.370072, 0.839163, 12.18363, 13.4467
6592.44, 7.962697, 0.568318, 13.63184, 11.2204
3792.24, 7.79956, 0.469786, 15.78195, 14.3453
4934.1, 7.883343, 0.510553, 14.79909, 14.8668
7830.3, 7.989196, 0.587767, 13.03196, 17.9913
5437.62, 8.137916, 0.669885, 14.67178, 15.682
8501.4, 8.010933, 0.602649, 12.78227, 10.9025
5307.85, 7.878806, 0.511862, 14.43366, 10.794
6576.57, 8.288104, 0.773562, 14.10018, 17.0585
5352.67, 8.022842, 0.596812, 14.59303, 12.6684
5315.57, 7.630924, 0.405157, 14.07716, 12.3381
6132.93, 8.331116, 0.800874, 14.44422, 10.6846
4499.45, 8.296592, 0.771221, 15.80842, 12.7752
7865.52, 8.186106, 0.70986, 13.31257, 10.3625
16538.72, 7.929742, 0.576589, 11.06205, 15.2506
7716.92, 8.012681, 0.601404, 13.11829, 18.9469
5878.1, 8.551339, 0.946184, 14.97428, 18.6974
5905.7, 7.444366, 0.341749, 13.33577, 13.3865
14129.09, 7.975633, 0.596624, 11.42636, 14.6668
6182.66, 7.973475, 0.572935, 13.89633, 11.4193
12816.67, 8.003947, 0.609897, 11.61918, 29.8563
5401.92, 8.135186, 0.667794, 14.69877, 22.3365
6696.03, 8.011865, 0.597878, 13.63198, 18.1104
13723.97, 7.895444, 0.550958, 11.36733, 10.4564
13451.34, 8.023259, 0.622666, 11.58158, 12.7053
12748.15, 7.934085, 0.569745, 11.53748, 10.0459
6002.18, 8.356472, 0.817393, 14.57318, 11.7915
11973.65, 8.111319, 0.672582, 11.89773, 11.4289
8919.0, 8.350248, 0.819439, 13.12544, 17.7265
5767.8, 8.394162, 0.841724, 14.77174, 37.2683
5347.81, 8.023323, 0.597054, 14.59773, 10.9842
9644.84, 8.659568, 1.018809, 13.40537, 17.6112
4999.82, 8.511336, 0.917226, 15.66232, 13.5144
5338.14, 8.252711, 0.744398, 14.93651, 10.0619
4828.25, 8.274984, 0.75725, 15.45423, 10.8386
5113.8, 8.241458, 0.735668, 15.12666, 11.044
4694.12, 8.082181, 0.629684, 15.31092, 14.5314
4953.12, 8.443306, 0.871559, 15.59546, 11.4447
7118.82, 7.978539, 0.579337, 13.37, 10.6331
4305.64, 7.865918, 0.497896, 15.4147, 15.9806
6089.87, 8.069317, 0.630594, 14.08922, 12.0861
6503.51, 8.27936, 0.767568, 14.13722, 11.446
6002.93, 8.321717, 0.794163, 14.50984, 16.4636
7964.02, 8.018515, 0.605624, 13.02217, 10.6258
7188.01, 7.867326, 0.516272, 13.14979, 61.1753
7199.93, 7.966594, 0.572569, 13.30361, 12.5031
9513.85, 8.306311, 0.791742, 12.83639, 15.4484
5743.3, 8.187729, 0.704334, 14.49612, 11.2576
6669.18, 8.541522, 0.941499, 14.4581, 16.2019
9384.2, 7.584171, 0.409719, 11.79797, 17.5473
5561.37, 7.873151, 0.51134, 14.20652, 12.9283
9517.77, 7.915563, 0.550328, 12.24158, 16.8657
4696.71, 8.010193, 0.584485, 15.20433, 17.2774
6068.86, 8.416486, 0.857705, 14.62398, 10.0208
4548.69, 8.243991, 0.735737, 15.68099, 11.3375
9786.35, 8.357858, 0.826082, 12.83759, 10.4419
7278.02, 8.063012, 0.630739, 13.39791, 13.0249
5490.02, 8.256246, 0.747823, 14.80048, 10.1244
5642.55, 8.027704, 0.602372, 14.34707, 15.6456
16173.21, 8.094671, 0.671087, 11.34934, 10.3792
7565.3, 7.954176, 0.56646, 13.10669, 12.6398
5097.82, 7.813389, 0.473595, 14.54809, 12.7098
4834.7, 7.857994, 0.495609, 14.85072, 30.6306
19767.87, 8.01408, 0.631142, 10.86198, 11.6086
4871.93, 7.908857, 0.524709, 14.89139, 10.4949
11560.14, 8.091994, 0.659775, 11.92752, 15.1997
7871.8, 7.980365, 0.582687, 13.00141, 10.1225
5074.6, 7.892083, 0.516716, 14.6717, 10.7208
8000.15, 7.99863, 0.593863, 12.95658, 15.3407
5131.26, 7.967458, 0.561125, 14.70681, 13.4792
4970.68, 7.896075, 0.518088, 14.77128, 17.5512
5082.4, 7.961064, 0.556902, 14.75367, 13.4011
6140.49, 8.17067, 0.695089, 14.19577, 13.3574
5437.41, 8.084254, 0.635776, 14.59557, 14.5605
15881.67, 7.942943, 0.582361, 11.16555, 18.6638
4480.97, 7.881659, 0.507358, 15.25083, 26.1327
6573.24, 8.265943, 0.758892, 14.07732, 10.0635
5873.21, 7.994142, 0.583539, 14.12609, 18.5788
25220.39, 9.065641, 1.229678, 12.29989, 11.5634
4699.81, 7.87239, 0.502953, 15.02532, 11.1955
7708.26, 8.408804, 0.855985, 13.72428, 15.014
5072.23, 8.13058, 0.662397, 14.99599, 10.523
6526.28, 7.926811, 0.547284, 13.61385, 12.3199
6631.73, 7.98927, 0.584141, 13.63846, 10.6561
5254.44, 8.07584, 0.628728, 14.72488, 60.711
4760.58, 7.906521, 0.522741, 15.00347, 11.2165
5719.74, 8.680281, 1.02649, 15.3211, 12.2927
7413.11, 8.133429, 0.675115, 13.43397, 10.5349
4381.45, 7.842106, 0.48482, 15.30283, 20.5954
4454.78, 7.775429, 0.460361, 15.12302, 18.7717
4735.73, 7.720784, 0.437126, 14.76885, 13.7576
6671.9, 8.025143, 0.605818, 13.64422, 20.661
5094.39, 8.155934, 0.679006, 15.00164, 12.5877
5835.01, 8.050745, 0.617769, 14.22306, 11.0475
5806.57, 8.067936, 0.628263, 14.26815, 10.4065
5085.77, 8.008755, 0.585708, 14.80618, 16.9195
5583.12, 7.539658, 0.372357, 13.70883, 10.1582
6663.43, 7.9728, 0.574503, 13.58799, 16.1352
6729.64, 8.170067, 0.69675, 13.82887, 10.0266
6919.62, 7.970812, 0.574173, 13.44073, 21.1768
10614.43, 8.261553, 0.764869, 12.41095, 17.4033
6870.09, 8.449602, 0.881529, 14.18897, 11.7498
6950.13, 8.07519, 0.637355, 13.57433, 15.5693
4577.53, 8.281167, 0.760905, 15.69253, 13.3326
6304.23, 8.493826, 0.909627, 14.58259, 11.6455
6191.35, 8.476061, 0.897632, 14.62386, 12.6916
5831.19, 7.894901, 0.525535, 14.02621, 10.0696
5633.74, 7.939312, 0.549552, 14.23429, 10.4705
9342.42, 7.513363, 0.385511, 11.67059, 10.6957
7102.85, 8.030486, 0.610366, 13.42106, 26.0722
5144.17, 7.22059, 0.257402, 13.68717, 15.1822
5119.15, 8.063966, 0.620202, 14.84881, 13.2092
26661.76, 8.395845, 0.875206, 10.88858, 12.5056
6803.38, 8.40795, 0.853772, 14.15586, 12.9307
6095.31, 7.912188, 0.536951, 13.85671, 13.4753
6734.51, 8.254879, 0.752041, 13.96085, 10.0188
6662.58, 8.347866, 0.813488, 14.13469, 13.1873
6306.5, 7.90935, 0.536396, 13.70393, 34.0383
9268.22, 7.833203, 0.504641, 12.20839, 18.9845
9019.05, 7.98934, 0.591327, 12.53574, 10.9834
4904.69, 8.68082, 1.025382, 16.03925, 11.9093
13214.3, 7.971562, 0.59211, 11.52864, 13.0084
5418.07, 9.065076, 1.221799, 16.33475, 14.2638
5249.83, 8.120448, 0.657047, 14.81405, 13.5659
5617.55, 8.183091, 0.700552, 14.5867, 10.1037
4458.93, 7.76932, 0.457504, 15.12004, 12.1301
6199.97, 8.076309, 0.63545, 14.0172, 11.9839
16188.93, 8.838472, 1.124203, 12.63263, 10.4871
4924.42, 8.053231, 0.612239, 15.03362, 10.2166
5911.59, 7.948169, 0.556579, 14.02699, 17.086
11170.65, 8.253633, 0.760892, 12.26973, 12.8493
6217.76, 8.337154, 0.805172, 14.38393, 18.1185
5337.6, 8.078739, 0.631308, 14.67529, 10.4343
8969.09, 7.975176, 0.582879, 12.5346, 12.4413
11310.58, 8.007286, 0.608287, 11.85161, 12.2246
4820.63, 7.953124, 0.550397, 14.996, 12.6393
5848.89, 8.08328, 0.638079, 14.24808, 24.2987
4903.75, 8.034459, 0.600398, 15.02813, 11.4164
8809.63, 8.224479, 0.736838, 12.9491, 24.1819
4095.1, 7.355068, 0.286863, 14.98448, 12.5627
6556.82, 8.283726, 0.770608, 14.09618, 12.3151
4575.45, 7.933253, 0.537597, 15.228, 12.7672
4890.1, 8.168604, 0.686372, 15.22923, 10.3355
7305.01, 8.398828, 0.848666, 13.89394, 12.1424
15082.3, 7.880268, 0.546281, 11.15979, 10.1719
13032.45, 8.009492, 0.613634, 11.60304, 11.7412
7511.75, 7.999213, 0.59276, 13.19506, 12.9803
20871.94, 8.479605, 0.92049, 11.50898, 11.0586
10089.0, 8.645952, 1.011046, 13.24089, 12.6821
6587.5, 8.166489, 0.694014, 13.91134, 11.3878
4536.69, 7.788256, 0.467184, 15.06058, 13.1125
6584.7, 9.199009, 1.270242, 15.79544, 13.8322
6604.66, 8.255871, 0.752337, 14.02919, 19.865
5461.36, 8.039205, 0.607988, 14.511, 11.5751
6036.72, 8.180076, 0.700741, 14.26588, 24.3525
11017.01, 8.079905, 0.651067, 12.03379, 12.5972
5246.65, 8.058823, 0.617991, 14.72938, 14.0905
5909.15, 8.150686, 0.681188, 14.32828, 10.3627
7314.9, 8.464156, 0.891889, 13.99733, 12.7234
4446.36, 8.194885, 0.702646, 15.70479, 10.8566
9479.91, 8.435675, 0.876569, 13.08444, 11.6396
8771.95, 8.279365, 0.772541, 13.05543, 24.1069
6918.75, 7.850675, 0.506281, 13.29148, 16.6291
4904.01, 7.980351, 0.567191, 14.95543, 16.3903
5435.14, 8.173723, 0.69302, 14.73369, 10.0786
4374.6, 7.793074, 0.468302, 15.23595, 14.0092
7593.45, 8.364188, 0.826229, 13.70158, 12.8135
5234.92, 7.855637, 0.498086, 14.47315, 14.0302
13375.98, 8.148598, 0.69855, 11.77063, 11.7069
16465.04, 8.265178, 0.77779, 11.58114, 13.9044
6047.12, 8.212555, 0.721967, 14.32235, 12.0847
5392.99, 8.455898, 0.881243, 15.20633, 10.8314
5840.43, 8.050477, 0.617634, 14.23466, 12.5418
17857.68, 7.987454, 0.611801, 11.01681, 15.1818
5146.48, 8.160902, 0.682556, 14.98621, 10.029
3983.68, 7.804629, 0.46332, 15.64698, 13.8814
4044.47, 8.238212, 0.731115, 16.13826, 14.9158
4860.49, 7.846391, 0.489349, 14.82053, 18.6155
6101.16, 8.056125, 0.622483, 14.05421, 12.8026
9521.16, 8.000438, 0.599286, 12.36753, 10.1625
15105.08, 7.903155, 0.558643, 11.19303, 11.4944
7515.54, 7.961229, 0.570404, 13.12834, 21.2956
5302.49, 8.096011, 0.641885, 14.72348, 21.635
5069.64, 7.93046, 0.538765, 14.72698, 18.7018
4674.9, 7.901468, 0.519433, 15.09713, 11.6078
13742.23, 7.722289, 0.463496, 11.13725, 10.8805
11789.6, 7.977658, 0.592206, 11.73699, 12.0536
6541.36, 8.023361, 0.604285, 13.74368, 10.1789
8187.98, 8.030434, 0.613441, 12.94353, 15.4284
5324.08, 8.078304, 0.630905, 14.69629, 13.4052
7655.77, 9.36223, 1.319158, 15.63186, 16.7795
7325.15, 7.289741, 0.30092, 12.38862, 13.5843
6032.91, 8.024607, 0.602828, 14.06513, 14.6613
4958.49, 8.081443, 0.630238, 15.04684, 14.7221
6035.15, 8.414188, 0.856071, 14.63392, 22.2146
9468.85, 8.514582, 0.927998, 13.22728, 10.3214
6896.42, 8.45675, 0.886305, 14.2032, 16.6966
5328.53, 7.936158, 0.54481, 14.49816, 14.9783
5871.15, 8.184228, 0.702714, 14.41376, 10.117
4806.28, 8.720133, 1.048963, 16.2159, 13.3375
7460.37, 8.188116, 0.710236, 13.48965, 23.2294
5045.45, 8.07718, 0.628037, 14.95285, 12.1433
4677.74, 7.125028, 0.223436, 14.09099, 18.5163
9071.44, 8.260099, 0.760585, 12.94331, 10.3038
9667.96, 8.618574, 0.99386, 13.33738, 11.604
4506.46, 7.981167, 0.566092, 15.36686, 17.502
5532.31, 7.965669, 0.564199, 14.36919, 11.3409
5307.21, 7.974051, 0.566857, 14.56749, 15.8988
11424.94, 8.543506, 0.949332, 12.71282, 11.0982
5331.25, 7.953903, 0.555215, 14.525, 10.7601
9200.59, 8.574211, 0.965722, 13.41771, 14.2479
12355.63, 8.12512, 0.681913, 11.86821, 10.7417
6126.26, 8.215098, 0.723948, 14.26419, 14.7865
6020.13, 8.151465, 0.682191, 14.25022, 13.1602
7627.68, 8.354737, 0.820031, 13.68022, 10.7262
9985.08, 8.471382, 0.900731, 12.95468, 20.0689
5000.68, 8.045224, 0.607657, 14.96256, 11.2806
5297.01, 8.318524, 0.788361, 15.07336, 15.7133
9841.14, 8.05714, 0.634134, 12.35003, 12.6784
5147.96, 7.795861, 0.475381, 14.47347, 10.3712
8860.88, 8.249923, 0.753489, 13.00811, 10.3581
4604.41, 7.935649, 0.539112, 15.21622, 12.4615
6426.99, 8.119939, 0.66374, 13.93861, 20.7278
4465.57, 7.822799, 0.474507, 15.21808, 11.5888
6653.75, 8.279122, 0.767825, 14.05879, 12.2751
6658.34, 8.192101, 0.710782, 13.92479, 11.7965
5189.62, 8.287938, 0.767224, 15.12376, 14.9656
3631.52, 7.614712, 0.387634, 15.68922, 20.6489
6666.37, 8.026855, 0.606838, 13.65624, 30.5178
5765.14, 8.208081, 0.717763, 14.51743, 17.7544
6777.3, 8.264304, 0.758363, 13.96989, 11.778
4314.46, 7.825061, 0.475238, 15.38371, 10.4935
5184.89, 8.196448, 0.706128, 15.00706, 10.1821
6487.93, 7.966723, 0.570284, 13.68471, 22.9949
8318.35, 8.373701, 0.833841, 13.43255, 10.7876
6467.01, 8.249467, 0.747715, 14.12794, 10.8725
6006.4, 8.080319, 0.637032, 14.17543, 10.7436
9121.19, 8.312564, 0.795038, 12.959, 90.5454
6517.32, 8.263692, 0.757247, 14.11292, 14.5604
4773.39, 8.010485, 0.584959, 15.13485, 17.5051
5182.93, 8.520252, 0.923494, 15.51174, 10.218
13903.29, 8.425011, 0.876607, 12.14876, 10.969
5569.07, 7.460577, 0.341739, 13.64344, 16.7122
10513.01, 7.985106, 0.593111, 12.05195, 10.157
18260.29, 8.009695, 0.625351, 11.00649, 20.1516
10212.49, 8.000286, 0.601163, 12.13133, 23.9941
10199.02, 8.25975, 0.762809, 12.54419, 21.5446
6020.5, 8.273061, 0.761803, 14.42095, 22.2995
9394.62, 8.407706, 0.85808, 13.06831, 13.5486
6833.87, 8.198764, 0.715599, 13.83938, 11.6824
5191.82, 8.316986, 0.786823, 15.17169, 12.9335
5639.82, 8.536436, 0.935632, 15.15733, 10.135
5524.77, 8.142091, 0.673329, 14.62049, 12.2195
6432.48, 8.403582, 0.850063, 14.36437, 28.5343
4776.7, 7.899647, 0.518859, 14.99757, 13.8152
6271.69, 8.035731, 0.610742, 13.93009, 15.3105
5776.74, 8.369056, 0.824946, 14.77327, 11.3059
8093.2, 8.018697, 0.60611, 12.98334, 11.2309
4916.81, 7.926148, 0.535051, 14.88577, 12.1695
6935.18, 8.343896, 0.811471, 14.00743, 12.2833
6643.4, 8.006134, 0.594257, 13.6787, 11.2434
5360.85, 8.049823, 0.613502, 14.63221, 12.1877
12142.92, 8.137009, 0.688858, 11.90096, 28.778
5967.02, 7.888775, 0.522983, 13.94453, 10.2519
8009.9, 8.223418, 0.734348, 13.3089, 14.8594
6794.12, 8.036775, 0.613276, 13.62776, 14.8838
5559.34, 8.043266, 0.611317, 14.42719, 19.0629
4775.8, 7.816236, 0.472351, 14.88638, 10.5238
6482.7, 8.583404, 0.968008, 14.6456, 10.6137
10764.89, 8.275248, 0.774072, 12.40184, 12.0203
5422.71, 7.741943, 0.453984, 14.1309, 10.5699
6636.35, 7.993143, 0.586463, 13.65052, 10.5862
6052.24, 8.253373, 0.748869, 14.3706, 12.3121
5868.48, 8.256166, 0.749982, 14.50524, 13.9613
7841.52, 8.043965, 0.620645, 13.10192, 13.2862
5594.41, 7.954228, 0.557956, 14.28022, 17.4765
5913.89, 8.133678, 0.670305, 14.29882, 10.1281
8301.08, 7.833309, 0.501595, 12.61485, 12.3759
4772.57, 7.879543, 0.507358, 14.96456, 10.6633
6788.12, 8.33739, 0.806817, 14.05371, 17.9503
4496.34, 8.051058, 0.609375, 15.46794, 10.191
6976.86, 8.179632, 0.703587, 13.73016, 10.2729
9717.55, 7.736642, 0.464075, 11.90329, 22.1035
21641.3, 7.831358, 0.538238, 10.43349, 11.3956
4467.46, 7.936043, 0.538903, 15.33839, 14.9508
4975.16, 7.913489, 0.52813, 14.7963, 16.6341
14899.15, 7.980871, 0.601428, 11.33796, 11.8865
5683.55, 8.100987, 0.648236, 14.42382, 10.0768
5934.09, 8.080291, 0.636652, 14.19944, 16.966
5748.73, 7.975157, 0.571443, 14.20007, 11.295
4818.12, 8.019165, 0.590508, 15.10185, 14.4092
4391.76, 7.810374, 0.467507, 15.27139, 11.1111
6521.76, 8.195967, 0.712867, 13.99135, 17.0128
15521.43, 8.796232, 1.101743, 12.62599, 11.2022
5037.38, 7.985465, 0.571182, 14.82871, 14.9858
13258.34, 7.917492, 0.561815, 11.45837, 10.2754
11201.23, 8.143043, 0.690532, 12.09813, 12.1197
8845.54, 7.954974, 0.570789, 12.56289, 12.7537
15861.5, 8.002771, 0.616184, 11.2529, 11.4129
5028.99, 8.254683, 0.744168, 15.25092, 11.4176
4759.62, 7.808518, 0.468102, 14.89391, 13.0097
6406.42, 8.316814, 0.792169, 14.22722, 24.2812
4785.79, 7.955475, 0.551629, 15.0598, 10.9085
7165.3, 8.387571, 0.840943, 13.9429, 19.7379
4455.72, 7.650811, 0.405531, 14.98065, 10.3137
6497.25, 8.175582, 0.699581, 13.98243, 19.2336
6607.48, 8.331342, 0.802358, 14.167, 10.2468
24554.96, 7.827864, 0.54441, 10.17209, 12.1831
5754.08, 8.59975, 0.976744, 15.17081, 10.5235
4463.13, 7.024749, 0.193454, 14.28895, 11.3318
4445.47, 8.289926, 0.76661, 15.85012, 10.7485
4980.77, 8.895553, 1.145165, 16.38795, 12.9095
16125.31, 7.671476, 0.458882, 10.72816, 21.3797
5504.6, 8.079678, 0.633524, 14.55119, 10.5241
8791.65, 8.381432, 0.839768, 13.23858, 12.5884
10068.09, 8.341898, 0.816167, 12.72562, 10.0278
18618.13, 8.147753, 0.707991, 11.1901, 10.9621
7279.61, 7.981138, 0.581357, 13.28922, 15.807
5257.45, 8.512419, 0.918491, 15.43706, 11.0529
12344.7, 7.854016, 0.525046, 11.50585, 10.3326
4134.01, 7.295305, 0.268399, 14.90105, 10.8367
4117.63, 8.089934, 0.633319, 15.89941, 11.9703
4672.43, 8.054612, 0.61212, 15.30167, 10.8969
9864.59, 7.893589, 0.539172, 12.12252, 10.0253
6758.78, 8.022223, 0.60433, 13.63476, 10.9273
6841.05, 8.326479, 0.79969, 14.0354, 10.4877
10051.28, 8.603711, 0.985125, 13.1822, 11.7943
7445.67, 8.07152, 0.636441, 13.32552, 15.9696
10495.61, 8.324392, 0.805556, 12.55623, 16.1275
6543.53, 8.185788, 0.706334, 13.97572, 12.4321
9331.45, 7.996118, 0.596204, 12.42657, 19.8611
10664.58, 8.475778, 0.904701, 12.76126, 20.3306
4736.44, 6.920948, 0.167396, 13.97819, 14.5171
8054.83, 8.380073, 0.837593, 13.52775, 15.9889
4976.08, 7.34769, 0.290586, 14.10291, 10.8908
7504.68, 8.131306, 0.673997, 13.44776, 10.5858
14228.19, 8.31286, 0.804641, 11.92224, 11.4919
7499.58, 8.478436, 0.901578, 13.94324, 11.7205
20143.9, 7.930755, 0.58578, 10.68015, 67.4085
4808.44, 7.874249, 0.504562, 14.91442, 20.2409
4907.4, 8.801202, 1.095382, 16.28076, 11.9128
5276.24, 8.033787, 0.602733, 14.6773, 13.362
4120.54, 7.607193, 0.386055, 15.25375, 13.1185
4938.67, 8.007787, 0.584105, 14.95414, 18.257
5802.66, 7.943861, 0.553391, 14.12803, 10.6415
12711.92, 8.159507, 0.70406, 11.87356, 10.0268
4107.71, 7.730799, 0.438429, 15.42589, 17.0083
4569.3, 7.991035, 0.572294, 15.3221, 10.3611
4985.24, 8.023593, 0.594123, 14.94745, 11.022
7034.21, 8.331562, 0.803495, 13.9252, 13.6738
5876.26, 8.17666, 0.697819, 14.38767, 16.6642
5101.55, 8.222489, 0.722951, 15.11544, 11.2644
25031.3, 8.028522, 0.650923, 10.44807, 11.3534
7588.18, 8.439877, 0.876318, 13.84511, 12.6183
5964.52, 8.036311, 0.609602, 14.13559, 12.8719
10221.62, 8.057437, 0.635344, 12.23273, 11.5397
9129.76, 8.155649, 0.693472, 12.76845, 10.7912
11267.39, 8.322242, 0.805648, 12.38212, 10.6273
11628.3, 8.0264, 0.62038, 11.83398, 14.7846
6012.82, 8.125762, 0.665719, 14.19981, 35.6744
8201.22, 7.494478, 0.373989, 12.11816, 31.5556
6636.39, 8.220669, 0.729321, 13.98062, 10.4944
6049.28, 8.204548, 0.716735, 14.31701, 12.4897
5082.49, 8.215617, 0.718286, 15.11752, 18.5113
17357.79, 8.178358, 0.724628, 11.36717, 10.3265
5184.16, 8.458021, 0.881983, 15.4059, 10.7747
12659.84, 8.167138, 0.708746, 11.87778, 15.9589
4486.95, 7.860241, 0.495275, 15.23403, 17.7323
4908.73, 7.268195, 0.266783, 13.98262, 52.2406
5551.09, 8.202119, 0.712528, 14.68601, 15.8511
12285.45, 9.092855, 1.235242, 13.62782, 11.748
6149.71, 8.020196, 0.600744, 13.97822, 16.8856
8480.85, 8.465841, 0.894817, 13.50888, 11.0981
5827.31, 8.010552, 0.593155, 14.19718, 13.3951
7674.66, 8.051486, 0.62476, 13.2071, 10.8322
8335.71, 8.418064, 0.863157, 13.48614, 11.8176
12985.97, 7.88602, 0.543903, 11.46566, 10.6543
5564.63, 8.617547, 0.987284, 15.34988, 15.7324
6466.9, 7.962215, 0.567557, 13.71152, 12.1949
6554.31, 8.268992, 0.760853, 14.09851, 16.5972
6174.6, 8.09805, 0.648935, 14.08673, 10.6857
6106.93, 8.158169, 0.686884, 14.22045, 11.6867
10030.07, 8.343651, 0.817241, 12.7541, 11.1212
5858.75, 7.923379, 0.541905, 14.0772, 13.9738
5451.33, 8.834266, 1.113781, 15.8439, 22.8995
7845.34, 7.935004, 0.556291, 12.97589, 10.1468
6619.08, 7.991554, 0.585456, 13.67187, 12.1463
6097.52, 8.192117, 0.708822, 14.27437, 12.4351
7152.02, 8.397808, 0.847711, 13.99335, 11.1142
6107.37, 8.273386, 0.762336, 14.39078, 10.1706
5927.59, 8.200628, 0.713664, 14.40278, 11.2519
5506.08, 8.091365, 0.640882, 14.55381, 20.557
8896.72, 8.469465, 0.897824, 13.36704, 10.5052
6810.95, 7.917491, 0.542991, 13.45173, 23.5777
8436.56, 8.062578, 0.633662, 12.88979, 14.5269
4412.52, 7.837837, 0.482563, 15.29851, 11.1115
4718.25, 8.080791, 0.628873, 15.30239, 10.7101
5621.33, 8.178841, 0.697808, 14.59571, 16.9288
4256.12, 6.691903, 0.121218, 14.17569, 10.3463
5348.8, 7.928308, 0.540501, 14.47687, 10.5802
4913.38, 7.873625, 0.504907, 14.81929, 15.1531
4976.77, 8.045204, 0.607499, 14.97725, 14.9918
8123.45, 8.320043, 0.798032, 13.41575, 10.7708
7868.7, 8.22904, 0.737701, 13.39145, 10.4432
4962.94, 7.992558, 0.574955, 14.92897, 15.0667
7301.35, 8.259371, 0.756348, 13.69182, 10.8064
5962.06, 7.868078, 0.511457, 13.91743, 12.64
5684.37, 7.972983, 0.569706, 14.2543, 13.6693
4361.59, 7.435253, 0.316882, 14.83843, 13.14
15574.14, 7.941588, 0.58088, 11.2094, 13.5762
4944.03, 6.761771, 0.134655, 13.61231, 13.6823
7406.31, 8.205166, 0.721153, 13.55365, 16.8063
5183.25, 8.064063, 0.620746, 14.82164, 10.0472
7000.37, 7.929141, 0.550263, 13.36588, 10.5588
12297.66, 8.139059, 0.690453, 11.89361, 10.513
7079.23, 8.4599, 0.888699, 14.13165, 10.8502
6821.21, 7.997354, 0.589583, 13.55759, 11.8576
5026.86, 8.28331, 0.763432, 15.27794, 10.3728
5939.18, 8.024312, 0.60214, 14.1359, 12.5926
9393.77, 8.022595, 0.612106, 12.45676, 17.5566
4451.14, 7.794643, 0.469519, 15.18673, 10.0366
7275.44, 8.354564, 0.819249, 13.85975, 11.2858
18858.51, 8.284285, 0.793742, 11.38195, 16.7382
6196.78, 8.087655, 0.642515, 14.06009, 10.7525
5562.73, 8.44782, 0.876617, 15.0591, 14.4809
4759.72, 7.889837, 0.51315, 15.01151, 10.3994
6684.88, 7.871712, 0.516931, 13.45867, 16.7394
6880.62, 8.418118, 0.860678, 14.1536, 14.4132
4471.43, 7.866151, 0.498541, 15.26154, 18.6883
10473.23, 8.259678, 0.763352, 12.45713, 31.022
6785.11, 8.080156, 0.63996, 13.6923, 14.7802
5547.65, 7.935074, 0.546397, 14.316, 15.9949
11781.0, 8.187904, 0.720092, 12.05771, 19.1099
6244.67, 8.156527, 0.686399, 14.1271, 13.6219
6260.32, 8.214782, 0.724253, 14.1851, 21.4055
6339.34, 8.268378, 0.759811, 14.23361, 10.5513
5072.78, 8.084707, 0.632985, 14.95451, 13.2953
14409.1, 8.037189, 0.633028, 11.48948, 14.7637
7646.09, 7.649154, 0.425882, 12.68446, 10.9937
4740.57, 8.046213, 0.607063, 15.22944, 10.8028
4274.21, 8.129527, 0.659239, 15.80411, 12.7727
14709.2, 8.296479, 0.794877, 11.81001, 56.8646
5740.61, 8.283339, 0.767439, 14.66526, 11.4125
6662.35, 8.182926, 0.704851, 13.91123, 16.1071
6892.19, 8.11705, 0.663391, 13.69516, 10.8708
4976.35, 7.725405, 0.441028, 14.55196, 11.9397
10044.57, 8.306722, 0.793098, 12.67347, 14.3608
4876.12, 7.988692, 0.572093, 15.00175, 20.0517
4468.9, 7.942767, 0.542894, 15.36198, 17.4001
5164.72, 8.119494, 0.655831, 14.89948, 20.2599
5381.47, 8.105147, 0.648415, 14.68119, 11.8496
6134.2, 8.515165, 0.923269, 14.75253, 10.9244
7292.43, 8.273409, 0.765571, 13.70852, 12.1704
8203.23, 8.003667, 0.597457, 12.89531, 16.8528
19114.96, 8.38597, 0.858826, 11.52005, 14.1228
13711.23, 8.24494, 0.7601, 11.87458, 14.1971
6829.83, 7.697463, 0.441041, 13.12521, 14.4627
5919.2, 8.290857, 0.773256, 14.50831, 32.2688
4192.91, 7.512102, 0.347069, 15.07499, 10.5024
5064.22, 8.12396, 0.65807, 14.99254, 27.3703
5064.52, 8.179219, 0.694111, 15.08097, 20.12
5122.75, 7.920306, 0.533335, 14.67796, 10.0349
5032.87, 8.055529, 0.614311, 14.94213, 10.3721
8529.53, 8.421722, 0.865885, 13.41477, 13.0323
9845.26, 8.35173, 0.822177, 12.81974, 10.4965
22575.0, 8.314874, 0.818645, 11.10871, 11.1393
4903.18, 7.876507, 0.506454, 14.83823, 11.2955
14761.6, 7.766913, 0.487676, 11.0603, 11.7661
6070.33, 7.65618, 0.422343, 13.52578, 13.7886
7190.75, 8.147452, 0.683481, 13.57936, 11.5459
6346.91, 8.004935, 0.592408, 13.84324, 12.4617
8919.23, 7.815154, 0.494035, 12.35462, 14.5687
9653.57, 7.874941, 0.528279, 12.16381, 11.9707
7499.15, 8.086503, 0.645867, 13.34008, 15.8805
7437.15, 8.405319, 0.853202, 13.85063, 13.605
9075.16, 8.061982, 0.635039, 12.63798, 10.4297
5635.3, 7.678237, 0.428488, 13.83898, 50.0518
12654.3, 8.224331, 0.744994, 11.96912, 12.3656
5338.72, 8.008448, 0.587893, 14.59374, 11.1141
5115.52, 7.934127, 0.541305, 14.70236, 10.8602
4371.3, 7.862542, 0.496187, 15.35437, 17.9925
6489.52, 8.236982, 0.739569, 14.08911, 12.0282
4972.17, 7.899774, 0.520216, 14.7997, 15.7085
5517.16, 8.163954, 0.687381, 14.65809, 12.6448
6046.96, 8.248495, 0.745623, 14.3751, 21.3608
5387.1, 7.998883, 0.58264, 14.52779, 24.0184
30927.09, 8.597064, 1.006257, 10.94456, 11.6849
4886.55, 7.965394, 0.558086, 14.96972, 15.1757
26628.73, 8.35593, 0.850266, 10.8322, 17.2766
7391.4, 8.177435, 0.703188, 13.53785, 10.6758
6769.9, 8.241136, 0.7431, 13.93796, 14.8768
4537.65, 7.733822, 0.442027, 14.98726, 27.0503
4924.02, 8.365418, 0.818775, 15.51372, 12.7503
5780.73, 8.1199, 0.660828, 14.39378, 10.1785
8269.79, 8.498264, 0.915721, 13.64866, 13.1216
7129.0, 8.640561, 1.004562, 14.40992, 17.6394
8063.36, 8.108136, 0.660827, 13.12437, 10.0181
8330.37, 7.93492, 0.557739, 12.76216, 10.5887
16389.6, 8.011378, 0.622294, 11.22852, 11.8365
4571.68, 8.143167, 0.668782, 15.53545, 11.2824
6262.56, 8.220558, 0.728044, 14.21047, 11.9204
11979.25, 7.940954, 0.571688, 11.66764, 13.9736
4992.08, 8.046306, 0.60828, 14.97043, 15.148
16790.36, 8.180648, 0.72504, 11.43739, 11.2657
5190.89, 8.579632, 0.962291, 15.61893, 10.2547
7344.65, 8.096269, 0.651548, 13.42473, 19.6632
8816.3, 8.315964, 0.79667, 13.13891, 10.6524
5051.37, 8.583118, 0.964298, 15.74919, 10.8858
10293.72, 8.02905, 0.618457, 12.15799, 25.1556
4931.69, 7.794652, 0.472934, 14.6915, 10.1217
10195.74, 7.507623, 0.387545, 11.39954, 10.98
4354.12, 8.337189, 0.798639, 16.02513, 12.6634
6708.39, 8.339031, 0.807719, 14.13076, 12.2039
6507.25, 7.913683, 0.539725, 13.62646, 15.0432
6918.68, 8.377187, 0.833562, 14.07939, 13.8346
4952.93, 7.731638, 0.443842, 14.58118, 13.9635
5025.08, 7.979367, 0.567411, 14.84145, 23.0094
5067.87, 7.944339, 0.546884, 14.77054, 14.0287
7377.92, 8.117414, 0.664903, 13.44095, 19.1663
4986.33, 8.24647, 0.738496, 15.27829, 10.6431
7487.43, 8.2112, 0.725255, 13.53864, 10.4608
4444.39, 7.872087, 0.501802, 15.26244, 49.225
7671.79, 7.950534, 0.564682, 13.06455, 16.9539
4976.59, 7.225927, 0.25624, 13.90908, 10.2665
10617.16, 8.323584, 0.80527, 12.54544, 13.3062
9863.6, 8.421517, 0.86796, 12.93598, 12.2627
8969.65, 8.47421, 0.901035, 13.34235, 13.3715
7004.28, 8.414431, 0.858467, 14.0837, 17.7591
4843.48, 8.020944, 0.591722, 15.09116, 10.8885
5783.25, 8.26389, 0.754707, 14.60325, 10.4481
4794.08, 7.569431, 0.373829, 14.52842, 11.6064
5777.22, 8.193457, 0.708256, 14.50097, 13.1309
5002.72, 7.798701, 0.47497, 14.62522, 10.1605
20227.3, 7.97006, 0.607454, 10.77074, 15.6845
5005.85, 8.244603, 0.737316, 15.24801, 11.8255
5202.53, 8.116577, 0.65422, 14.87366, 11.8511
6725.72, 8.183378, 0.705329, 13.86474, 22.5648
11747.56, 7.992581, 0.60077, 11.77854, 12.7532
6526.74, 7.909775, 0.537586, 13.61573, 13.7232
6016.86, 7.976882, 0.574081, 14.02752, 11.3789
6393.56, 7.970202, 0.571946, 13.77695, 12.8045
6470.24, 8.041488, 0.615053, 13.8262, 15.7306
5459.35, 8.19338, 0.706064, 14.75847, 11.9932
7781.49, 8.164112, 0.695545, 13.33201, 13.2325
5563.22, 8.058286, 0.620639, 14.48214, 10.7701
4816.94, 8.039641, 0.603238, 15.14685, 14.1286
5785.04, 8.243849, 0.74143, 14.57165, 12.6321
10420.29, 8.320388, 0.802788, 12.60672, 10.0655
5878.47, 8.055062, 0.620675, 14.23919, 11.3184
5064.76, 8.079734, 0.629779, 14.95463, 13.0929
4699.98, 8.063, 0.617509, 15.29595, 10.6727
7605.7, 8.461031, 0.890296, 13.87295, 15.5687
5145.63, 8.04162, 0.606437, 14.81814, 15.4969
5697.75, 8.22508, 0.728575, 14.61193, 10.5796
4918.41, 8.051372, 0.611042, 15.06061, 10.1461
19057.08, 7.967878, 0.603529, 10.87344, 17.4691
4532.84, 7.257906, 0.260142, 14.42627, 12.6544
8444.24, 8.250576, 0.753005, 13.13236, 45.2859
5810.51, 7.844127, 0.49734, 13.99286, 11.2626
8863.69, 8.275613, 0.770276, 13.04925, 10.5688
4751.88, 7.314496, 0.277949, 14.24651, 19.0637
7956.3, 8.105361, 0.658814, 13.16543, 11.5078
5659.44, 8.515667, 0.922103, 15.09544, 13.0928
16663.73, 7.984134, 0.607271, 11.12555, 28.0206
6759.37, 8.105369, 0.65565, 13.75183, 16.2777
5286.16, 8.028589, 0.599634, 14.66855, 18.7966
7270.04, 8.305388, 0.786646, 13.7913, 10.4699
7021.69, 8.340377, 0.80932, 13.97467, 11.3911
8944.24, 8.156186, 0.693353, 12.83823, 13.3768
14516.56, 8.020696, 0.623573, 11.45395, 13.4248
4391.1, 7.904774, 0.520361, 15.40322, 12.6018
5768.56, 8.11932, 0.660389, 14.37692, 21.3983
10226.01, 7.8228, 0.502341, 11.89403, 23.5742
10689.19, 8.316809, 0.800989, 12.51624, 16.6282
8770.49, 8.530922, 0.9376, 13.52704, 10.8543
4999.91, 7.924324, 0.534613, 14.80978, 15.2804
4897.7, 7.960858, 0.555437, 14.94293, 25.2857
5080.62, 7.421631, 0.317948, 14.05293, 14.2429
7153.86, 9.026471, 1.207009, 15.12984, 27.8564
10140.93, 8.156826, 0.69668, 12.41619, 14.1321
11303.27, 8.054837, 0.636587, 11.96679, 11.1555
4922.57, 7.328863, 0.28425, 14.1708, 11.6184
8211.32, 7.981109, 0.584146, 12.8675, 19.0585
4823.15, 7.808501, 0.478677, 14.80289, 21.3211
7357.33, 8.307858, 0.788459, 13.73952, 18.2965
5212.52, 7.975079, 0.566438, 14.671, 12.8211
5591.1, 8.008965, 0.590589, 14.38616, 12.5525
8038.1, 8.072185, 0.638456, 13.09104, 12.4146
18258.7, 8.337784, 0.826893, 11.53486, 20.498
4159.14, 7.826878, 0.475815, 15.54676, 10.0611
6402.65, 8.391183, 0.841728, 14.38957, 13.6126
6210.3, 8.000281, 0.589021, 13.93551, 15.9322
4080.17, 7.932513, 0.535856, 15.73466, 15.8194
7257.49, 8.408263, 0.854835, 13.94812, 19.7778
5016.5, 7.887701, 0.513713, 14.74855, 11.6374
5032.54, 8.080221, 0.629883, 14.99761, 10.4402
6194.11, 8.257979, 0.75244, 14.31832, 10.1715
9185.24, 8.024603, 0.612736, 12.54922, 10.7165
4749.26, 8.141768, 0.668345, 15.33037, 25.2934
5501.08, 8.164945, 0.687893, 14.68206, 14.0084
6643.0, 8.261192, 0.755953, 14.05477, 11.2077
9133.03, 8.216384, 0.732348, 12.86537, 11.8512
9141.87, 8.272094, 0.768568, 12.94199, 12.7596
5761.39, 8.112273, 0.655869, 14.37973, 19.3012
4328.0, 7.997155, 0.575395, 15.56963, 13.6651
6731.52, 8.291909, 0.776492, 14.03102, 11.7356
5143.21, 8.717191, 1.047502, 15.90641, 12.8365
6501.04, 8.123933, 0.666535, 13.9257, 10.6834
14687.89, 8.438208, 0.886226, 12.09325, 14.0547
13789.88, 8.009138, 0.615166, 11.53782, 11.9507
5693.05, 7.941289, 0.55115, 14.21629, 10.7947
4816.26, 8.162866, 0.682364, 15.31704, 10.8859
6270.8, 8.220588, 0.728093, 14.20517, 10.2793
5896.82, 7.771451, 0.468017, 13.82838, 11.9048
4687.46, 7.801755, 0.474391, 14.94446, 14.0009
6024.69, 8.29145, 0.77405, 14.46488, 15.4337
7050.62, 7.935852, 0.554273, 13.35713, 15.2138
5875.0, 8.491444, 0.906935, 14.89188, 10.5125
10958.43, 8.209727, 0.732205, 12.2769, 10.0471
6195.52, 8.365278, 0.823881, 14.4745, 10.7936
8085.12, 8.053484, 0.627128, 13.03354, 10.7828
8457.3, 8.171053, 0.701604, 13.05531, 13.5259
7388.46, 8.455193, 0.886097, 13.97265, 14.4462
5206.36, 7.96181, 0.558473, 14.65416, 15.9752
7379.47, 8.300353, 0.78354, 13.72757, 13.6365
6049.29, 8.249933, 0.746583, 14.39419, 14.1819
6426.52, 8.457405, 0.885825, 14.48034, 10.7922
10433.59, 8.177951, 0.710759, 12.36516, 10.0958
18905.76, 7.983686, 0.61202, 10.9233, 14.2019
11930.61, 8.129507, 0.683746, 11.9222, 21.224
25728.22, 8.668154, 1.038981, 11.47948, 10.612
4659.98, 7.865582, 0.498941, 15.08512, 10.3321
6803.99, 8.092725, 0.647853, 13.71059, 10.2098
5192.66, 8.111789, 0.65108, 14.87871, 11.5557
6152.09, 7.934524, 0.550041, 13.87988, 12.5362
14130.27, 8.200609, 0.732659, 11.76997, 17.7069
7555.7, 8.120748, 0.667453, 13.35136, 25.3555
5859.31, 8.045927, 0.614934, 14.21236, 24.3163
6348.62, 8.375326, 0.831017, 14.39477, 12.7893
6879.75, 8.173736, 0.69953, 13.78793, 10.1119
9503.42, 8.078371, 0.646199, 12.51425, 10.9318
6571.1, 8.539112, 0.939774, 14.49675, 34.2589
4939.18, 7.874188, 0.505426, 14.80535, 14.2651
6679.93, 8.32036, 0.795237, 14.11713, 10.6912
6219.46, 7.92756, 0.546366, 13.82714, 12.0751
9662.77, 8.0016, 0.600372, 12.3314, 18.9987
5088.81, 8.000402, 0.580634, 14.80639, 22.7324
9694.39, 8.288, 0.780141, 12.75968, 20.7605
9199.15, 8.370859, 0.833517, 13.07462, 17.5831
5640.54, 8.845376, 1.119933, 15.72492, 10.783
6179.36, 8.359434, 0.81993, 14.48597, 10.0274
4225.4, 7.824808, 0.47485, 15.45297, 22.481
4674.49, 7.950979, 0.548472, 15.17334, 13.2418
5131.01, 8.130103, 0.662448, 14.96304, 10.8904
5907.94, 8.660765, 1.015125, 15.17119, 12.7217
6125.65, 8.283304, 0.768988, 14.38497, 13.8816
14054.95, 8.555861, 0.960342, 12.35832, 11.6097
5438.91, 8.072585, 0.628476, 14.6033, 10.3818
4717.42, 7.989871, 0.572096, 15.17152, 17.5435
7129.9, 8.467837, 0.894019, 14.11008, 16.9036
4796.28, 7.816111, 0.472407, 14.88115, 10.3625
6931.34, 7.817173, 0.48843, 13.26646, 10.5112
9264.84, 8.338085, 0.812089, 13.00621, 10.1061
6866.86, 8.319969, 0.795427, 14.00617, 11.7518
3985.63, 7.490492, 0.337315, 15.26004, 10.3284
7022.16, 8.021522, 0.604705, 13.47026, 23.5967
14897.3, 7.892905, 0.552587, 11.22878, 12.4662
4685.67, 7.973818, 0.562227, 15.18441, 15.0122
5406.86, 8.521964, 0.925237, 15.32575, 11.5712
6750.01, 8.862477, 1.130182, 15.03122, 11.8148
4638.89, 8.315849, 0.784551, 15.70912, 16.1259
6514.84, 8.274323, 0.764266, 14.13846, 11.4313
4810.82, 8.601779, 0.975951, 16.01374, 10.8409
8654.8, 8.112178, 0.664909, 12.87408, 11.3286
12304.96, 7.826931, 0.510764, 11.4679, 10.1232
12534.28, 8.10244, 0.668302, 11.80366, 17.6643
7652.53, 8.393805, 0.845959, 13.74, 10.7746
6165.84, 8.075971, 0.635088, 14.05638, 10.219
4959.87, 7.966143, 0.559, 14.89538, 13.144
4707.11, 7.409478, 0.309244, 14.42184, 11.0114
4721.55, 7.809305, 0.478196, 14.91992, 12.659
5764.63, 8.147202, 0.678204, 14.43766, 10.1807
5461.18, 8.16285, 0.686191, 14.70378, 12.1177
8021.32, 8.487953, 0.908618, 13.73359, 10.1889
5462.76, 7.478641, 0.346392, 13.73937, 18.4845
9776.75, 8.312352, 0.796237, 12.77439, 11.4695
7694.51, 8.197276, 0.716686, 13.4145, 10.7388
6552.29, 8.404252, 0.850781, 14.30398, 23.0385
5841.11, 8.238113, 0.737912, 14.51426, 12.4502
15741.24, 8.021726, 0.626904, 11.30466, 14.1654
4680.2, 7.991198, 0.572766, 15.2109, 10.7115
4909.02, 7.88149, 0.509312, 14.82651, 25.6206
21625.36, 8.450377, 0.902958, 11.4147, 11.7691
7563.89, 7.959628, 0.569622, 13.12078, 13.7365
4365.38, 7.580219, 0.375808, 14.97628, 15.5027
4783.86, 8.032949, 0.598928, 15.15377, 16.0368
8312.31, 8.569811, 0.961839, 13.75757, 10.447
5354.62, 7.887441, 0.517276, 14.40454, 21.8491
6679.69, 8.312904, 0.790284, 14.09647, 10.8869
4805.56, 7.370171, 0.296169, 14.26859, 10.3021
10691.89, 8.350179, 0.822796, 12.56483, 12.6368
6001.21, 8.327884, 0.798277, 14.53587, 10.2318
5085.18, 8.29287, 0.770096, 15.23678, 11.2698
4936.03, 8.158958, 0.680206, 15.1837, 10.5449
4345.61, 7.824837, 0.475211, 15.35123, 11.2456
5017.81, 7.783167, 0.46792, 14.5885, 11.2043
5576.64, 8.177203, 0.696435, 14.63592, 10.7274
6395.18, 8.114075, 0.659914, 13.97491, 13.3152
7204.27, 9.37321, 1.322427, 15.87908, 14.6806
8796.97, 8.213198, 0.729508, 12.9819, 10.2257
5564.77, 7.933199, 0.545451, 14.29908, 14.0453
7464.96, 8.085195, 0.644965, 13.3591, 12.6603
8814.68, 8.429067, 0.871185, 13.31311, 14.7464
6454.43, 8.244326, 0.744291, 14.13024, 10.2464
6825.89, 8.435506, 0.872108, 14.22166, 10.7203
7428.15, 8.374699, 0.832891, 13.82128, 10.3205
5888.07, 8.3713, 0.826903, 14.69638, 10.1119
6665.62, 8.16487, 0.693217, 13.88191, 14.335
4629.22, 7.728439, 0.439834, 14.90287, 12.598
6293.15, 8.056522, 0.623586, 13.93369, 18.4125
5208.39, 8.95676, 1.174805, 16.30514, 12.9806
5864.05, 8.206433, 0.717179, 14.44126, 20.1278
4925.29, 8.11137, 0.649231, 15.13276, 10.3854
5998.56, 7.92428, 0.543296, 13.96857, 11.3228
5637.13, 7.965317, 0.564818, 14.29192, 10.8318
7125.13, 8.352856, 0.81782, 13.91369, 27.3496
5319.62, 8.077015, 0.630053, 14.70587, 14.3821
6115.63, 7.957293, 0.563084, 13.93358, 12.6457
5320.73, 7.788936, 0.474046, 14.28876, 21.3019
14460.81, 8.020906, 0.62357, 11.46071, 19.0553
7887.21, 8.033072, 0.61417, 13.09446, 11.5668
6392.54, 8.020413, 0.601928, 13.81657, 23.0357
11389.5, 8.269384, 0.77154, 12.27135, 11.6121
6088.15, 8.218153, 0.725801, 14.30991, 13.4121
4670.04, 7.946615, 0.545857, 15.17335, 10.2691
12120.75, 8.042791, 0.631279, 11.77531, 16.7067
6992.29, 8.151838, 0.68577, 13.69268, 10.8657
7275.37, 8.370607, 0.829893, 13.87223, 22.7317
5531.38, 8.106314, 0.650536, 14.52736, 60.8946
12490.23, 8.09874, 0.665941, 11.82217, 10.0226
7348.51, 7.982622, 0.58244, 13.26533, 13.5977
5425.33, 7.610449, 0.398226, 13.96724, 12.5762
4939.61, 8.458572, 0.881818, 15.65109, 10.1196
5402.13, 8.051083, 0.614718, 14.58952, 20.0479
5776.18, 8.192323, 0.707511, 14.48931, 19.945
5552.11, 8.058178, 0.620488, 14.47699, 17.1084
6789.4, 8.384584, 0.838207, 14.14983, 13.4806
5325.52, 8.077539, 0.630438, 14.70948, 11.291
12449.33, 7.864284, 0.530785, 11.48713, 13.7434
11570.55, 8.073433, 0.648483, 11.93069, 10.235
4916.43, 8.149755, 0.674105, 15.2015, 10.0973
6038.68, 8.045665, 0.615729, 14.09686, 13.9467
6430.95, 8.191369, 0.709582, 14.05627, 13.819
4706.53, 7.85121, 0.491128, 15.00158, 20.3375
7206.25, 7.759783, 0.466601, 13.00296, 25.2622
6077.48, 7.80521, 0.478384, 13.75098, 11.9587
4940.49, 8.058012, 0.615326, 15.03968, 11.3924
6041.28, 8.003523, 0.590123, 14.04045, 10.5335
4833.33, 8.141845, 0.668647, 15.25908, 10.3548
4814.11, 7.892585, 0.51501, 14.94967, 13.8606
7910.02, 8.196242, 0.716501, 13.3031, 18.777
9027.63, 8.021107, 0.610207, 12.5964, 12.9731
10528.2, 8.134215, 0.683416, 12.27004, 12.5449
4762.41, 7.97044, 0.5605, 15.11125, 10.3246
16012.81, 8.279214, 0.785983, 11.67595, 12.5768
5177.26, 7.941044, 0.545935, 14.64138, 19.0063
8303.22, 8.430821, 0.871513, 13.51966, 14.7573
7215.56, 8.293728, 0.778819, 13.77845, 16.0866
6375.32, 8.167883, 0.694194, 14.04329, 18.5503
4412.97, 7.689553, 0.421855, 15.05849, 25.4056
7022.45, 8.048452, 0.621084, 13.50843, 18.1405
9078.32, 8.048386, 0.626778, 12.61574, 13.3419
6300.08, 8.062451, 0.627274, 13.95108, 13.4229
26463.37, 7.928032, 0.599686, 10.16425, 15.8149
4648.45, 8.070198, 0.621913, 15.34988, 10.8985
10090.61, 8.031956, 0.619633, 12.23468, 12.583
4900.78, 8.497878, 0.908108, 15.74952, 10.5907
6669.59, 8.281243, 0.76927, 14.06025, 11.3175
7520.85, 8.376179, 0.834042, 13.77086, 11.7154
5315.72, 7.990074, 0.57654, 14.5808, 17.8796
5691.14, 7.986517, 0.577814, 14.26907, 13.8234
6337.67, 8.504803, 0.916923, 14.61344, 11.6691
6581.67, 8.219859, 0.728628, 14.02003, 11.832
5417.2, 7.869141, 0.507764, 14.34011, 12.4377
14013.56, 7.991191, 0.605278, 11.48638, 10.2219
5870.77, 8.262265, 0.754037, 14.53534, 10.0455
7173.09, 8.223521, 0.732568, 13.71058, 10.8235
5922.62, 8.227454, 0.731245, 14.42802, 21.7093
4476.91, 7.988676, 0.570587, 15.4234, 11.1657
6951.68, 8.982557, 1.187919, 15.15679, 14.0396
6215.84, 7.875709, 0.517116, 13.75658, 16.7557
7930.69, 8.099334, 0.654986, 13.16185, 14.1541
5560.48, 8.505287, 0.914808, 15.16646, 10.5445
3984.66, 7.753183, 0.448067, 15.58382, 10.3031
3781.25, 7.803063, 0.471299, 15.81603, 13.731
4640.26, 7.781166, 0.464183, 14.95702, 19.0519
8614.88, 8.493168, 0.912898, 13.49024, 16.8288
4974.53, 7.800723, 0.475744, 14.64415, 21.6229
6509.85, 8.271158, 0.762159, 14.11935, 18.8715
6473.2, 7.982594, 0.579591, 13.73421, 11.8776
13514.58, 8.121472, 0.682016, 11.72172, 12.0002
4970.49, 8.148621, 0.673591, 15.12876, 17.7589
6000.43, 7.943307, 0.554287, 13.97703, 17.4265
6810.0, 8.756239, 1.072774, 14.79355, 14.3209
6888.39, 8.058539, 0.626889, 13.6182, 13.681
4807.48, 7.958127, 0.553317, 15.03482, 18.483
8772.64, 7.514173, 0.383277, 11.91629, 28.202
10196.48, 8.331637, 0.809701, 12.66809, 17.3606
5501.23, 8.02606, 0.600286, 14.49489, 12.2742
6000.47, 8.142442, 0.676314, 14.28652, 10.3776
5051.7, 8.630095, 0.994122, 15.84861, 10.1556
9052.69, 7.951377, 0.569318, 12.50391, 10.3258
24227.74, 8.517238, 0.947826, 11.28879, 33.1763
4875.11, 7.705146, 0.43139, 14.62621, 12.2387
19315.32, 7.831231, 0.531837, 10.67608, 10.3142
8086.05, 8.446272, 0.881345, 13.64649, 10.7379
12021.22, 8.044353, 0.631991, 11.75427, 54.7767
5910.23, 8.012921, 0.595064, 14.15461, 10.9998
5799.12, 8.096497, 0.64611, 14.34264, 11.3477
4678.27, 7.739002, 0.445014, 14.85787, 18.7332
4176.54, 8.37751, 0.825932, 16.25471, 11.9799
11714.03, 7.986371, 0.597074, 11.74791, 21.0917
4840.0, 7.865723, 0.49996, 14.88891, 10.5825
9463.32, 8.07565, 0.644425, 12.50955, 12.2073
6791.74, 7.996101, 0.588742, 13.5735, 11.1033
6843.02, 8.86135, 1.129668, 14.96819, 11.7287
4907.46, 7.855804, 0.494902, 14.81834, 11.2963
8972.19, 8.005724, 0.600883, 12.60063, 10.4029
7687.97, 7.977139, 0.580235, 13.09155, 11.6753
5641.59, 8.281809, 0.765893, 14.7419, 11.6248
6982.19, 8.211428, 0.724218, 13.7675, 17.6677
6690.77, 8.474591, 0.897719, 14.35128, 12.9085
6426.46, 8.251869, 0.749175, 14.13181, 20.2419
8682.5, 7.783382, 0.476893, 12.39849, 11.5228
5583.3, 8.051035, 0.616294, 14.45303, 10.4118
5347.7, 7.924302, 0.538176, 14.47371, 15.4481
6742.21, 8.111649, 0.659552, 13.76121, 11.3623
5017.72, 8.15477, 0.677833, 15.09743, 11.436
4753.76, 7.911353, 0.525506, 15.03615, 15.2188
10581.61, 8.751249, 1.073142, 13.33549, 12.4403
9219.62, 7.178708, 0.283257, 11.23737, 14.0265
7690.48, 8.478128, 0.901674, 13.87836, 10.0564
4884.05, 7.855673, 0.494653, 14.85022, 11.072
5427.84, 7.93008, 0.542405, 14.40963, 14.6109
19059.07, 8.09629, 0.677686, 11.08504, 10.2499
5674.97, 8.173824, 0.694886, 14.55869, 11.9124
11292.54, 8.293592, 0.787052, 12.30462, 20.879
7700.98, 8.458754, 0.88895, 13.8415, 10.2694
10505.56, 8.321193, 0.803485, 12.57357, 12.1958
4853.53, 8.311768, 0.782212, 15.50027, 11.5205
7663.63, 8.057462, 0.628386, 13.23121, 11.1768
6196.8, 8.136662, 0.673484, 14.09233, 26.9682
5216.82, 8.004125, 0.583997, 14.70628, 12.0162
5011.68, 8.030422, 0.59852, 14.94147, 10.0219
4925.01, 7.823059, 0.477101, 14.75821, 10.0189
4969.73, 8.246508, 0.738464, 15.29052, 10.2901
4869.66, 7.779875, 0.465089, 14.73245, 10.1745
21080.75, 8.623376, 1.008751, 11.77694, 11.2026
4649.3, 8.18004, 0.693253, 15.50827, 10.3376
11042.85, 8.468378, 0.900504, 12.66534, 14.0773
9324.23, 8.288979, 0.779998, 12.90405, 10.8986
6872.43, 8.50698, 0.919337, 14.30752, 13.1374
5424.51, 7.960372, 0.560069, 14.45385, 14.324
21601.26, 7.902114, 0.574188, 10.52451, 24.4668
4905.83, 7.260565, 0.26466, 14.01606, 13.5395
4812.4, 7.567429, 0.373185, 14.49689, 13.4719
4694.86, 7.806673, 0.476789, 14.9322, 16.5534
8095.61, 7.983409, 0.585152, 12.90188, 21.0803
5616.36, 8.419396, 0.857897, 14.97222, 11.5204
16871.75, 7.908718, 0.565932, 11.00186, 20.1764
5223.55, 7.975986, 0.567093, 14.64751, 14.2835
18952.32, 7.93849, 0.587095, 10.84289, 12.3754
6702.08, 8.110534, 0.658728, 13.78315, 10.1095
5043.83, 8.316713, 0.786066, 15.31233, 10.2947
9765.61, 8.485403, 0.909499, 13.06019, 16.4573
5954.54, 8.371377, 0.827199, 14.63895, 10.4896
5439.8, 8.095954, 0.643171, 14.61657, 16.7628
4538.79, 8.256396, 0.744079, 15.71817, 11.0515
3843.03, 7.277549, 0.261923, 15.14882, 11.9668
13396.17, 8.121973, 0.682085, 11.75132, 10.1011
4836.37, 8.02878, 0.59655, 15.09302, 14.3277
6607.65, 8.378974, 0.834072, 14.24083, 12.5804
6445.72, 8.250611, 0.748404, 14.09643, 84.2443
5590.35, 8.186973, 0.7029, 14.62412, 12.0382
5708.04, 8.302444, 0.780029, 14.70377, 12.174
4697.57, 7.900437, 0.518937, 15.07026, 16.6874
18893.65, 8.827462, 1.120459, 12.3331, 32.509
5956.93, 8.770522, 1.079796, 15.34162, 11.4668
6322.48, 8.416256, 0.858236, 14.46819, 12.2683
11834.25, 8.404918, 0.860512, 12.37835, 22.0889
7966.75, 7.758411, 0.461874, 12.6855, 13.2512
8515.12, 8.049046, 0.625632, 12.84799, 10.973
5713.82, 7.25181, 0.276696, 13.24317, 13.3869
6919.87, 8.440046, 0.875293, 14.17887, 11.6415
5064.82, 8.0112, 0.587047, 14.85873, 10.9295
5842.89, 8.081908, 0.637188, 14.29414, 11.1764
4743.66, 8.948074, 1.170569, 16.71615, 15.0541
6958.22, 9.442375, 1.344738, 16.14831, 13.2798
4658.74, 7.935466, 0.539207, 15.16335, 14.2527
6142.14, 7.788151, 0.469884, 13.7042, 10.7198
5492.95, 8.350298, 0.810814, 14.95933, 12.7547
13791.1, 8.02881, 0.626701, 11.56607, 10.155
4016.04, 7.673517, 0.413367, 15.44443, 12.321
5128.1, 8.08077, 0.630866, 14.89369, 10.3984
9021.92, 7.951841, 0.569495, 12.49915, 14.5442
6080.21, 8.05984, 0.624675, 14.08029, 21.8291
6456.1, 8.310223, 0.78792, 14.21838, 11.2971
17622.95, 7.896395, 0.56115, 10.92894, 13.3035
9335.19, 7.84812, 0.512786, 12.2359, 14.9816
6087.81, 8.476431, 0.897618, 14.72394, 11.4975
11237.11, 8.135413, 0.68585, 12.08075, 17.9901
5793.44, 8.020665, 0.599089, 14.22603, 21.0319
5719.63, 8.122726, 0.662266, 14.42839, 19.8385
25024.06, 7.984088, 0.626312, 10.36059, 24.9678
4638.39, 7.914724, 0.526966, 15.14315, 28.4064
5913.26, 8.378656, 0.83192, 14.63974, 48.201
4487.62, 8.139165, 0.665964, 15.59298, 20.028
4892.46, 7.983628, 0.569109, 14.98693, 12.6549
15325.6, 8.321699, 0.812092, 11.8148, 13.5314
7287.27, 8.334817, 0.806176, 13.81274, 17.1558
13056.05, 8.011026, 0.614587, 11.61811, 17.2169
10361.42, 8.361011, 0.829252, 12.67266, 11.8733
10206.55, 8.050258, 0.630961, 12.22713, 12.9491
17343.19, 7.983559, 0.608453, 11.07386, 11.4869
5306.13, 8.217846, 0.721006, 14.92111, 14.8689
6226.18, 8.186853, 0.705917, 14.17579, 11.2296
5203.03, 8.235327, 0.732029, 15.04167, 10.3498
4618.73, 7.954464, 0.550345, 15.22497, 12.7229
5975.91, 7.963622, 0.566016, 14.02178, 15.1158
9413.67, 8.307179, 0.792104, 12.88122, 19.5344
7008.6, 8.03427, 0.612391, 13.49806, 16.466
5013.95, 8.253023, 0.742996, 15.23435, 16.1179
5722.14, 8.303443, 0.780767, 14.70391, 11.2009
6987.05, 8.381873, 0.836815, 14.02201, 18.7726
5205.76, 8.356743, 0.813749, 15.22096, 10.4341
9563.97, 8.417294, 0.864662, 13.00008, 23.9095
5061.63, 6.998414, 0.192407, 13.58342, 14.4989
4905.62, 7.922232, 0.532691, 14.87677, 21.1205
6557.02, 8.071807, 0.63404, 13.80768, 10.6207
6617.2, 8.063658, 0.629204, 13.77076, 11.6715
7069.41, 7.987906, 0.584726, 13.41456, 10.4025
5895.45, 8.126642, 0.665726, 14.31479, 10.0179
5049.09, 8.196549, 0.705475, 15.10646, 25.0323
6868.51, 8.361829, 0.823245, 14.06146, 15.0891
7496.29, 8.284971, 0.773618, 13.64213, 12.0182
6584.81, 8.061481, 0.62775, 13.77076, 12.1658
10321.24, 8.524102, 0.93534, 12.9589, 11.3511
9572.67, 8.049231, 0.628619, 12.42539, 15.6178
6717.62, 8.101907, 0.653348, 13.74362, 19.5994
5108.89, 8.037244, 0.603438, 14.82749, 26.0287
6175.15, 8.237302, 0.738723, 14.27186, 13.9762
4082.34, 8.096391, 0.63742, 15.92139, 15.2412
4855.28, 7.891855, 0.514838, 14.87857, 34.7726
5383.21, 8.111732, 0.652618, 14.67164, 34.7116
4199.49, 7.963972, 0.554888, 15.64598, 10.9725
5546.36, 7.925951, 0.541109, 14.2956, 13.4806
6633.76, 8.413354, 0.857011, 14.27263, 16.6922
4485.48, 7.902691, 0.519445, 15.28969, 15.2095
7383.33, 8.087008, 0.645876, 13.38465, 12.5801
12792.84, 8.011587, 0.614314, 11.64378, 10.4073
13309.47, 8.355772, 0.830907, 12.08689, 12.7865
10716.29, 8.007704, 0.606938, 12.00021, 17.114
4830.33, 7.889733, 0.513474, 14.92201, 14.8758
5564.72, 8.205058, 0.714557, 14.6713, 10.0424
11590.91, 8.283847, 0.781308, 12.23368, 10.6537
8393.71, 8.311466, 0.792889, 13.2681, 17.2875
5658.88, 8.202463, 0.71348, 14.58739, 10.3096
6265.21, 8.345008, 0.810556, 14.38044, 11.1306
7566.63, 8.383584, 0.839033, 13.75397, 11.0279
12844.22, 8.00019, 0.607769, 11.62358, 12.6461
5879.56, 7.991699, 0.582112, 14.12622, 12.6568
7247.67, 8.198635, 0.716551, 13.62023, 10.6807
5265.0, 8.000209, 0.582103, 14.64038, 14.8227
15534.73, 8.983774, 1.192346, 12.99912, 13.5289
4086.53, 7.827073, 0.475754, 15.57609, 20.3607
13533.34, 7.863566, 0.533363, 11.34792, 10.2379
10916.99, 8.486919, 0.912319, 12.72499, 10.9035
13201.98, 8.02199, 0.621356, 11.606, 11.6136
5059.62, 8.240865, 0.735028, 15.17776, 10.0142
9276.61, 8.059079, 0.633808, 12.56606, 10.6248
7389.63, 7.912538, 0.54208, 13.15302, 10.9766
6774.26, 8.048728, 0.62052, 13.66479, 10.0016
11122.55, 8.104266, 0.666264, 12.06712, 11.4151
11903.27, 8.331218, 0.812653, 12.22292, 32.9424
6578.1, 8.184189, 0.705408, 13.96013, 10.4506
5901.96, 7.993718, 0.583452, 14.11023, 19.0555
6666.24, 8.097589, 0.65048, 13.78569, 11.4232
6142.24, 8.01105, 0.595177, 13.9824, 11.2838
5236.09, 7.995052, 0.578685, 14.66144, 17.9049
4986.85, 7.863755, 0.49999, 14.72921, 14.2575
4743.24, 7.896974, 0.517156, 15.01997, 15.3072
11569.08, 8.220213, 0.740235, 12.14611, 11.1451
17980.23, 7.986686, 0.611639, 11.00045, 17.2972
13115.88, 7.833751, 0.516583, 11.36132, 15.5832
5374.98, 8.169029, 0.68944, 14.77935, 13.1587
9405.6, 7.986159, 0.590553, 12.38295, 22.5505
9016.65, 8.598641, 0.980781, 13.53878, 10.2936
4481.31, 7.803066, 0.463902, 15.17185, 12.0365
4955.38, 8.08108, 0.629991, 15.04847, 11.6584
9764.59, 7.965595, 0.579601, 12.23858, 12.8322
7697.36, 7.897008, 0.534352, 12.97167, 12.6219
7777.24, 8.24376, 0.747119, 13.43863, 12.3221
9758.81, 7.962012, 0.577513, 12.23912, 11.273
8872.49, 8.001018, 0.59781, 12.61703, 11.57
5157.48, 7.365353, 0.299078, 13.88918, 11.6897
17779.67, 7.844131, 0.534254, 10.82351, 15.0659
4404.1, 7.87665, 0.50426, 15.32899, 21.7078
4775.21, 7.889699, 0.51315, 14.98632, 10.2897
5050.33, 8.039834, 0.604625, 14.89102, 21.6778
4985.18, 8.709669, 1.042875, 16.02418, 12.2351
5206.57, 8.125897, 0.660239, 14.8697, 12.2543
6340.74, 8.036067, 0.611232, 13.87166, 21.1071
6795.61, 8.365823, 0.825741, 14.10952, 11.2649
6090.96, 7.698565, 0.439006, 13.56707, 10.4004
7511.6, 9.286972, 1.296909, 15.53071, 22.937
5582.59, 8.194324, 0.70765, 14.64043, 10.9751
7603.97, 7.968498, 0.574916, 13.11885, 15.4503
5426.62, 8.233284, 0.732087, 14.83849, 10.6339
6192.15, 8.174894, 0.698032, 14.15055, 24.0482
8962.42, 8.23993, 0.747212, 12.9557, 10.5141
16551.68, 7.925562, 0.574328, 11.06074, 22.9244
6143.67, 8.15403, 0.68438, 14.18129, 10.395
6466.97, 8.207851, 0.720427, 14.05881, 10.5269
4866.8, 7.903623, 0.521658, 14.90251, 11.5343
6582.53, 8.089782, 0.645318, 13.81199, 11.6396
6073.13, 8.207187, 0.718557, 14.28727, 21.667
5072.68, 7.975831, 0.56565, 14.77987, 21.8915
8474.94, 8.47886, 0.90334, 13.52539, 11.7561
5449.59, 8.184252, 0.700011, 14.73038, 17.5261
4505.99, 8.232692, 0.72805, 15.70963, 11.2282
12240.43, 8.47908, 0.909244, 12.42272, 17.212
11326.48, 8.787655, 1.093843, 13.18457, 12.3642
18128.02, 9.357143, 1.319362, 13.55917, 11.8551
5846.05, 8.24344, 0.741455, 14.50611, 10.8459
5792.8, 8.070768, 0.629947, 14.28824, 20.9344
4866.36, 8.554799, 0.945699, 15.86266, 10.3452
9296.29, 8.343272, 0.815558, 12.986, 13.3651
9909.69, 8.26333, 0.764516, 12.64197, 10.9451
4361.72, 7.781233, 0.4624, 15.23325, 18.3333
4975.06, 7.957915, 0.554196, 14.86425, 11.0769
7395.6, 8.014199, 0.60138, 13.24681, 42.8743
4996.04, 7.996005, 0.577275, 14.89198, 13.0329
4049.22, 8.167301, 0.68372, 16.04334, 13.6069
5377.45, 8.162045, 0.68492, 14.76489, 10.5432
4473.51, 7.328135, 0.280069, 14.56391, 11.4082
5388.97, 8.377095, 0.82828, 15.08006, 10.7997
5079.19, 8.06019, 0.617547, 14.89901, 10.2829
5900.62, 8.144934, 0.677452, 14.3254, 11.4288
6932.59, 8.271426, 0.763447, 13.88921, 11.4899
4781.02, 7.861562, 0.497282, 14.91603, 32.2835
5572.82, 8.409559, 0.851075, 14.98241, 10.0552
5933.05, 8.985985, 1.188721, 15.76759, 10.828
5074.8, 8.099244, 0.642259, 14.95705, 13.2132
9878.66, 8.006557, 0.603913, 12.2605, 10.0657
4775.0, 7.31289, 0.277828, 14.19809, 35.639
23196.97, 8.425438, 0.889223, 11.2349, 12.9869
7695.34, 8.240101, 0.744551, 13.46993, 11.6812
6992.07, 8.725897, 1.055559, 14.62733, 11.5445
8149.47, 8.206695, 0.723805, 13.19555, 29.7087
11473.16, 8.115466, 0.674013, 11.99555, 10.4886
5606.15, 8.16895, 0.691277, 14.58436, 11.2385
6206.69, 8.253248, 0.749358, 14.27803, 12.8919
10035.29, 8.257086, 0.760727, 12.59355, 11.0226
6699.05, 8.259298, 0.754857, 13.99458, 10.0901
5622.53, 8.218118, 0.723539, 14.63557, 14.8273
13636.99, 7.995564, 0.606925, 11.52107, 11.1528
6891.79, 7.99156, 0.586352, 13.49587, 17.7128
8406.03, 8.237688, 0.744513, 13.1614, 14.6528
22370.45, 8.551125, 0.966522, 11.52154, 10.9013
8763.72, 7.963669, 0.575585, 12.596, 15.3646
7180.22, 8.047213, 0.620773, 13.43581, 12.1997
6920.19, 8.029233, 0.609072, 13.5422, 10.8101
5605.01, 7.938285, 0.548729, 14.26371, 10.7338
5266.88, 8.30076, 0.776239, 15.06973, 10.2191
7875.23, 8.22799, 0.737031, 13.37101, 12.0593
4586.25, 7.686637, 0.421215, 14.88606, 12.0726
4986.6, 7.928333, 0.536844, 14.81355, 14.3165
6344.07, 8.351035, 0.814801, 14.34177, 13.2857
5437.78, 8.039304, 0.607815, 14.54047, 12.0473
7946.53, 7.963758, 0.573199, 12.95418, 11.3923
33919.68, 7.967655, 0.641681, 9.66769, 10.0258
10461.52, 8.024197, 0.616021, 12.10186, 10.1616
5042.45, 7.982096, 0.569186, 14.82731, 11.9002
6106.31, 8.242893, 0.742149, 14.32825, 10.9774
7898.77, 8.333239, 0.806319, 13.51577, 15.3005
6544.74, 8.224227, 0.731373, 14.0222, 16.9825
4250.48, 7.640458, 0.400346, 15.16547, 11.4047
9630.54, 7.988308, 0.592453, 12.31516, 10.9717
17189.29, 8.288459, 0.793806, 11.51844, 45.1086
7578.33, 7.735902, 0.458521, 12.82052, 11.8475
4949.69, 8.03784, 0.602748, 14.99357, 11.7568
5418.16, 7.149396, 0.245333, 13.33717, 11.8206
13024.63, 8.468638, 0.903564, 12.29885, 14.6974
4661.6, 8.174883, 0.689873, 15.47094, 15.0155
5614.42, 7.920931, 0.538779, 14.23403, 11.1747
15400.23, 8.476228, 0.911593, 12.05811, 14.3525
22702.92, 8.116559, 0.696918, 10.77054, 14.3962
6551.0, 8.349699, 0.81444, 14.19933, 31.4537
5476.09, 7.775646, 0.469327, 14.13074, 18.4139
8430.66, 8.345224, 0.815231, 13.32222, 10.2958
5723.1, 8.205353, 0.715746, 14.5461, 12.0276
10891.16, 8.174288, 0.709486, 12.22062, 10.3524
5186.39, 8.118353, 0.655247, 14.87869, 10.7492
7828.34, 7.938141, 0.558035, 12.97432, 12.4974
7543.9, 8.580408, 0.96756, 14.09829, 11.9896
6914.46, 8.339641, 0.808599, 14.00483, 11.0925
4738.07, 7.87774, 0.506161, 14.97379, 40.3931
4488.28, 8.321826, 0.788354, 15.85455, 11.526
4646.01, 7.892575, 0.5142, 15.09502, 35.698
22197.4, 7.873721, 0.561028, 10.44271, 11.17
26077.84, 8.994091, 1.20154, 12.08085, 13.2804
6152.42, 8.228786, 0.733033, 14.27574, 13.5675
6021.4, 8.048262, 0.617236, 14.10537, 10.8367
4955.01, 7.889216, 0.514053, 14.78025, 32.3163
5145.37, 8.152007, 0.676748, 14.96484, 11.4272
6711.43, 8.472166, 0.896155, 14.29427, 58.7012
4592.59, 7.833695, 0.480957, 15.08748, 20.8992
4501.22, 7.98285, 0.567101, 15.36636, 21.1345
27119.67, 7.466917, 0.430583, 9.3396, 12.2835
7735.95, 8.248865, 0.750374, 13.4659, 11.954
7828.83, 8.093895, 0.651331, 13.19073, 10.23
8890.02, 8.000136, 0.597337, 12.60944, 10.2107
7767.44, 8.294797, 0.780651, 13.5166, 14.3966
14773.87, 7.979329, 0.600254, 11.34965, 14.36
4880.06, 7.790564, 0.470323, 14.7204, 10.1764
5848.29, 7.914033, 0.53649, 14.04641, 12.7555
5589.9, 8.192769, 0.706684, 14.63289, 11.5455
11501.41, 8.090274, 0.658583, 11.93884, 24.2583
8994.34, 7.856236, 0.516061, 12.35601, 20.4887
4789.97, 8.473578, 0.891673, 15.80285, 12.38
11496.3, 7.611956, 0.426616, 11.23475, 10.4044
5209.19, 8.070693, 0.625117, 14.79074, 11.2759
4822.97, 7.763968, 0.457455, 14.71472, 72.9516
7142.45, 8.04988, 0.622299, 13.4541, 12.6136
7639.09, 8.297158, 0.781951, 13.58412, 10.8214
4420.83, 7.820822, 0.47327, 15.25344, 12.5397
12201.52, 8.42288, 0.872771, 12.34245, 10.4935
4834.89, 7.815917, 0.472554, 14.82462, 12.7385
6380.84, 8.186416, 0.706197, 14.07077, 11.309
11627.25, 7.873694, 0.53361, 11.61323, 11.6616
5359.5, 8.035039, 0.604364, 14.60424, 17.1191
10075.27, 8.294016, 0.784859, 12.64934, 13.4071
11313.55, 8.116616, 0.67435, 12.02451, 19.4557
7074.04, 8.212023, 0.724834, 13.73494, 16.9223
8164.72, 8.278888, 0.770982, 13.33234, 10.1193
34971.52, 7.916839, 0.618694, 9.51222, 19.88
5711.02, 7.966197, 0.565879, 14.2265, 10.6106
10574.93, 7.988795, 0.59544, 12.02104, 17.5813
5461.24, 8.209545, 0.71669, 14.77083, 10.6922
4610.51, 7.865158, 0.498495, 15.12358, 10.8545
5664.29, 8.201546, 0.712911, 14.58606, 11.2517
5278.07, 8.001353, 0.582933, 14.63188, 10.986
6210.2, 8.223952, 0.730078, 14.22597, 10.3864
9621.2, 8.060623, 0.635663, 12.40458, 29.3819
4901.5, 7.935653, 0.540519, 14.89718, 25.8193
5957.98, 7.989948, 0.58152, 14.06913, 14.4407
12627.07, 8.722774, 1.058983, 12.81643, 10.3172
6493.36, 8.24791, 0.746769, 14.08325, 20.7243
6875.07, 7.745782, 0.459997, 13.17371, 12.8762
5991.5, 8.166962, 0.692053, 14.30149, 10.9489
5412.12, 8.112281, 0.653249, 14.66198, 12.9246
6392.02, 9.368624, 1.320849, 16.29421, 12.0626
4544.88, 7.721076, 0.436342, 14.96483, 18.7844
6243.45, 8.180294, 0.701729, 14.14692, 13.6458
4465.29, 7.574797, 0.37408, 14.87287, 10.3588
6451.01, 8.109654, 0.657328, 13.92839, 11.546
10172.85, 7.985431, 0.592332, 12.12854, 14.9338
5269.96, 8.419737, 0.856518, 15.26726, 11.0906
6585.71, 8.229103, 0.734691, 14.01318, 14.3513
14783.94, 7.897599, 0.554835, 11.2015, 57.7643
4493.17, 7.947911, 0.546028, 15.33773, 15.508
5052.21, 7.995799, 0.577555, 14.8368, 11.2663
8239.47, 7.988007, 0.58829, 12.86028, 11.9604
13786.45, 8.084514, 0.659992, 11.65248, 10.5288
13072.13, 8.369087, 0.839164, 12.11939, 29.6602
5297.76, 7.376146, 0.30543, 13.82056, 11.7254
4864.42, 8.29958, 0.773975, 15.45311, 12.1913
13307.26, 8.378292, 0.845495, 12.11819, 20.4397
4940.55, 8.043827, 0.606433, 15.00339, 19.3665
6335.59, 8.294406, 0.777061, 14.25659, 15.8946
7648.3, 8.261185, 0.758273, 13.52423, 13.7826
5525.78, 7.999475, 0.584342, 14.41177, 12.8971
5912.27, 7.941799, 0.552876, 14.02893, 17.8787
10741.23, 8.193269, 0.721211, 12.28649, 12.1845
7075.32, 8.281506, 0.770434, 13.83162, 10.0983
10331.3, 8.459464, 0.893552, 12.8424, 11.98
5254.49, 7.978, 0.568624, 14.62547, 10.6031
9303.43, 8.297021, 0.785219, 12.90588, 15.1902
10796.62, 8.200861, 0.72618, 12.28182, 10.3619
6105.08, 8.257295, 0.751662, 14.33926, 26.3466
4683.62, 7.689148, 0.423129, 14.78723, 14.7311
8267.89, 8.483909, 0.906336, 13.61937, 13.4072
8752.32, 8.172321, 0.703141, 12.92184, 10.4675
5064.78, 8.551798, 0.944019, 15.67024, 11.0425
5547.66, 7.491487, 0.353084, 13.68305, 10.2912
7579.37, 7.972789, 0.577353, 13.1186, 21.1746
7226.35, 8.485524, 0.905813, 14.07378, 21.0363
5143.89, 8.225872, 0.725416, 15.07402, 10.928
11315.26, 8.77212, 1.085361, 13.15386, 12.5649
5911.85, 7.462087, 0.348364, 13.34497, 16.9499
4518.55, 7.934633, 0.538225, 15.27678, 43.9597
6263.23, 8.206571, 0.718895, 14.1735, 13.3197
7868.69, 8.439311, 0.87641, 13.71099, 14.3864
7220.7, 8.037814, 0.615154, 13.39752, 12.6837
7961.54, 8.449078, 0.882996, 13.6855, 13.5456
20230.78, 9.166034, 1.26305, 12.93734, 10.5738
6670.64, 8.262511, 0.756899, 14.01939, 10.3022
8158.57, 8.029551, 0.612824, 12.94398, 25.7975
5319.01, 8.132994, 0.665649, 14.77759, 11.1542
8043.27, 8.497354, 0.914798, 13.73489, 10.9736
5016.76, 7.973024, 0.563535, 14.84247, 12.8011
7951.37, 7.873482, 0.522155, 12.82433, 15.2412
5019.17, 7.816535, 0.474466, 14.63655, 10.0875
4880.61, 7.9028, 0.521274, 14.88772, 12.5484
7906.74, 7.956025, 0.568585, 12.95895, 10.2057
5327.72, 7.959538, 0.558492, 14.53173, 10.2056
4826.53, 7.840659, 0.485966, 14.86146, 11.2075
10288.82, 8.467839, 0.89893, 12.86912, 12.1681
4660.76, 8.198702, 0.70567, 15.50961, 10.0884
4362.49, 8.087853, 0.632463, 15.64596, 12.1437
4408.1, 7.715619, 0.433148, 15.10586, 14.8134
8071.8, 8.014961, 0.603809, 12.97801, 10.6078
6429.33, 7.43801, 0.344297, 12.9811, 11.8566
5278.32, 7.940678, 0.546839, 14.55077, 16.2124
16830.89, 8.070505, 0.657911, 11.23691, 26.4332
5254.39, 8.38229, 0.831208, 15.21837, 10.4946
4667.2, 8.275586, 0.75731, 15.61225, 21.3331
6775.7, 7.998077, 0.58987, 13.58278, 10.6188
5113.61, 7.935241, 0.541939, 14.70749, 10.4056
6974.49, 7.890228, 0.5282, 13.33088, 14.2773
5511.83, 8.003547, 0.586685, 14.4195, 26.291
4981.07, 7.965791, 0.55894, 14.8715, 11.5022
7292.4, 8.259847, 0.756642, 13.69846, 10.1307
8266.18, 7.987842, 0.588271, 12.85673, 11.8546
8202.59, 8.114783, 0.665349, 13.0642, 15.2496
6523.11, 8.164759, 0.69269, 13.96376, 10.7705
6274.13, 8.176516, 0.6994, 14.11996, 14.2691
5271.45, 7.721638, 0.442782, 14.25143, 10.5414
5104.79, 7.986091, 0.572085, 14.73537, 118.1551
6733.82, 8.334581, 0.804821, 14.10062, 10.139
6236.05, 8.333674, 0.802906, 14.3899, 10.5302
7726.94, 7.433323, 0.350499, 12.2568, 15.513
5121.32, 7.859128, 0.498696, 14.58019, 26.3258
5280.85, 8.07219, 0.626665, 14.72494, 14.8243
5127.57, 8.026415, 0.596881, 14.80599, 17.8717
8552.27, 9.17092, 1.261654, 14.86734, 11.3462
17821.2, 7.837675, 0.531073, 10.80385, 21.2585
8945.48, 7.530619, 0.389682, 11.88539, 12.3891
4591.46, 7.865698, 0.498723, 15.12477, 27.3967
6006.71, 8.161208, 0.688405, 14.28134, 10.9162
7863.8, 8.070277, 0.636806, 13.14137, 15.5614
5042.3, 8.244276, 0.73724, 15.20408, 12.7895
8509.38, 8.288458, 0.77797, 13.20786, 11.7354
5368.88, 8.356646, 0.814409, 15.06911, 14.9001
5221.26, 8.034415, 0.602605, 14.73752, 10.0287
6118.77, 8.290349, 0.773648, 14.39951, 11.6787
7191.81, 8.318907, 0.795436, 13.83212, 13.2685
4010.3, 7.574788, 0.372338, 15.32863, 11.8197
5069.58, 7.983358, 0.570155, 14.79508, 20.6766
7925.82, 8.378575, 0.836371, 13.58598, 12.0227
10985.79, 8.047896, 0.631602, 12.01886, 10.3857
6874.18, 9.165411, 1.259444, 15.57538, 13.475
8967.09, 8.135609, 0.680408, 12.7667, 22.9342
8269.41, 8.408885, 0.856992, 13.48696, 16.1134
20064.94, 7.959915, 0.601475, 10.75871, 16.0753
5098.63, 8.033619, 0.601113, 14.84277, 14.1759
6099.65, 8.022639, 0.601979, 14.0156, 17.1816
6629.79, 8.33837, 0.807089, 14.15551, 13.5418
7368.29, 8.201301, 0.718559, 13.56542, 10.5326
4256.35, 7.749404, 0.447419, 15.29667, 17.4316
11257.65, 8.225045, 0.742674, 12.20354, 18.5252
4934.26, 8.042453, 0.60554, 15.01123, 10.144
5577.48, 7.952723, 0.556938, 14.30893, 12.0666
21406.7, 8.421871, 0.884649, 11.36523, 16.0735
6376.36, 8.131823, 0.671098, 13.99409, 12.0085
14255.49, 8.035701, 0.631807, 11.49797, 12.1365
7908.84, 8.28312, 0.773243, 13.44047, 13.726
4531.24, 7.908031, 0.522689, 15.2483, 15.44
7144.49, 8.203657, 0.719564, 13.67757, 10.7277
4682.51, 8.120312, 0.654189, 15.38357, 11.6547
7284.77, 8.519485, 0.92812, 14.11476, 11.8752
5030.36, 8.156327, 0.678916, 15.07143, 19.9399
5567.81, 8.506163, 0.915419, 15.14533, 14.4646
4804.18, 8.2254, 0.723836, 15.41208, 10.1071
15401.44, 8.022046, 0.626345, 11.34507, 13.7735
7602.16, 8.364664, 0.826561, 13.70856, 10.6944
5225.37, 7.95403, 0.55407, 14.61733, 14.2776
9188.24, 8.251484, 0.75523, 12.8734, 14.3724
8499.3, 7.806128, 0.487971, 12.50321, 11.2806
8244.01, 8.017182, 0.605641, 12.8862, 18.7113
4903.91, 7.884784, 0.511142, 14.84092, 10.1853
11675.55, 9.513262, 1.371628, 14.68653, 10.217
5145.54, 8.047107, 0.609851, 14.81796, 10.9914
4815.12, 7.962772, 0.556135, 15.03051, 11.5803
7583.06, 7.817784, 0.491019, 12.90641, 20.2403
7648.5, 8.078974, 0.641593, 13.25247, 11.3324
4548.61, 7.683376, 0.41992, 14.90995, 14.1521
4621.73, 8.150773, 0.673894, 15.4791, 13.0096
5157.87, 7.997538, 0.57946, 14.73803, 10.8846
7967.29, 8.282514, 0.772964, 13.41447, 10.8851
5132.75, 7.856543, 0.497386, 14.57694, 12.4278
6936.88, 7.899455, 0.533232, 13.35553, 12.6197
5470.2, 7.771538, 0.467454, 14.13524, 10.8679
6297.21, 7.990955, 0.583831, 13.83764, 15.7461
6811.5, 8.237908, 0.741092, 13.90213, 14.5713
5048.75, 7.9801, 0.568031, 14.81149, 16.9828
7586.69, 8.183079, 0.707275, 13.43154, 10.797
14548.87, 7.787103, 0.496976, 11.10359, 13.131
5536.46, 7.423196, 0.327187, 13.61141, 14.6535
10330.15, 8.526118, 0.936645, 12.9612, 10.8433
13951.66, 7.968895, 0.59236, 11.43959, 15.5414
6032.2, 8.130208, 0.66864, 14.21302, 14.0128
7237.03, 8.398335, 0.848216, 13.93307, 14.7761
5888.9, 8.051594, 0.618589, 14.20251, 10.5879
5330.25, 7.40016, 0.31448, 13.74387, 30.0113
3942.11, 7.752065, 0.447949, 15.60048, 15.5284
9135.72, 8.096741, 0.656569, 12.64581, 16.7385
12460.94, 7.867004, 0.532268, 11.47405, 16.6887
16734.31, 8.052467, 0.64702, 11.23289, 11.9118
7282.35, 7.924207, 0.548353, 13.21206, 10.9958
11655.61, 7.987245, 0.597438, 11.76966, 11.7235
5971.32, 7.964664, 0.566602, 14.02582, 11.4245
6312.56, 7.995948, 0.586878, 13.84348, 12.1465
7047.4, 8.362044, 0.823763, 13.97168, 14.4315
4617.1, 7.877788, 0.505651, 15.1106, 22.8484
4591.89, 7.795845, 0.470582, 15.02681, 10.7987
4906.62, 8.028125, 0.596476, 15.02242, 10.5855
6027.81, 7.935428, 0.549886, 13.93725, 20.0094
4275.66, 7.853564, 0.490878, 15.43714, 12.2898
7151.79, 8.303629, 0.785232, 13.82493, 15.6198
6769.67, 8.148703, 0.683157, 13.79369, 11.8683
4723.8, 7.666753, 0.413734, 14.71594, 15.2118
9930.68, 8.37911, 0.840295, 12.82686, 12.0849
9041.58, 8.066879, 0.637941, 12.64583, 13.1143
15237.13, 7.558705, 0.422707, 10.63288, 11.6978
5577.94, 8.086884, 0.638617, 14.48995, 10.0883
5240.99, 8.228381, 0.727613, 14.96836, 28.4111
6583.4, 7.99334, 0.586394, 13.6684, 16.8813
5549.46, 8.013656, 0.593117, 14.41171, 11.363
8084.53, 7.965847, 0.574835, 12.89322, 12.1668
5094.28, 7.823387, 0.478916, 14.57259, 11.7243
20168.35, 8.548444, 0.962604, 11.69995, 11.4543
4756.48, 7.84155, 0.486042, 14.93524, 14.983
8794.11, 7.986604, 0.589078, 12.62747, 11.4042
5249.63, 7.991633, 0.576759, 14.64167, 10.3906
5362.26, 7.990149, 0.577108, 14.53972, 12.0879
5048.11, 7.872559, 0.505464, 14.67099, 20.2738
6765.97, 8.226997, 0.733823, 13.91074, 11.4254
5246.28, 8.323059, 0.791174, 15.1249, 10.6558
12398.79, 8.102868, 0.668281, 11.82246, 12.936
5630.08, 8.138185, 0.671581, 14.52009, 11.7256
7779.23, 8.241055, 0.745354, 13.43465, 10.8503
7972.87, 8.068008, 0.635709, 13.08849, 12.6389
15238.38, 8.887928, 1.148226, 12.84032, 11.596
7530.51, 8.420744, 0.863576, 13.83278, 10.7265
6929.48, 8.305197, 0.785774, 13.93273, 20.4678
6048.24, 8.280379, 0.766768, 14.42309, 12.8901
4908.37, 8.00518, 0.582333, 14.97476, 33.0856
6637.56, 7.980119, 0.578734, 13.62365, 18.8291
4865.77, 7.896905, 0.517793, 14.8943, 11.5125
6643.01, 8.057327, 0.625386, 13.73354, 12.8157
10587.44, 8.007924, 0.606715, 12.04339, 12.1102
7204.45, 7.50641, 0.373328, 12.62987, 11.276
6923.28, 8.153715, 0.686788, 13.71684, 15.7418
11313.95, 8.447873, 0.887617, 12.55546, 13.0092
5716.09, 7.942092, 0.551782, 14.18224, 12.5302
5172.14, 8.150469, 0.675914, 14.93774, 10.1939
6929.76, 8.345187, 0.812317, 14.00623, 11.217
6261.54, 8.188446, 0.707086, 14.14699, 11.2095
12539.82, 8.669977, 1.028192, 12.69685, 77.6696
11876.61, 8.187172, 0.719829, 12.02291, 11.6124
8331.42, 7.939387, 0.560297, 12.74892, 15.8438
7767.0, 7.89313, 0.532415, 12.93984, 13.9079
6289.14, 8.303671, 0.783079, 14.30324, 10.4906
22947.29, 7.98548, 0.622296, 10.54684, 12.07
7454.95, 7.920768, 0.546948, 13.12159, 10.7285
7867.02, 8.254281, 0.754202, 13.41652, 10.2288
13090.73, 8.742223, 1.070371, 12.77518, 10.6235
4966.8, 7.955492, 0.552696, 14.86831, 16.2841
6567.85, 7.967068, 0.570791, 13.65095, 12.2066
4816.89, 8.224372, 0.72318, 15.38608, 10.8638
7134.61, 8.409816, 0.855645, 14.00352, 13.1212
9343.49, 8.591492, 0.976716, 13.39976, 12.2296
5410.34, 7.903638, 0.527057, 14.38277, 10.2786
8640.23, 8.277472, 0.771026, 13.11543, 21.6172
9618.08, 7.945417, 0.567554, 12.26109, 12.189
10312.31, 8.470811, 0.900901, 12.86802, 11.2377
9825.88, 8.094753, 0.65712, 12.40808, 13.9982
5968.36, 8.231761, 0.734271, 14.40443, 15.4886
4983.19, 7.963337, 0.557488, 14.85367, 17.7764
6103.42, 7.978405, 0.575456, 13.94539, 17.6799
4707.32, 7.802117, 0.474559, 14.91602, 13.107
5711.57, 8.223855, 0.727844, 14.58177, 10.605
10413.32, 8.241973, 0.751759, 12.45698, 11.7557
4663.13, 7.849211, 0.489816, 15.04105, 14.0317
6108.3, 8.337168, 0.804836, 14.47061, 10.7527
4677.91, 7.70189, 0.428608, 14.80905, 11.1926
4972.8, 7.912629, 0.527614, 14.80746, 10.0905
6433.24, 7.935604, 0.551958, 13.6889, 14.7634
9718.34, 7.223395, 0.297472, 11.10078, 10.3904
15125.56, 7.889092, 0.551109, 11.15299, 44.9917
5206.81, 8.366351, 0.820248, 15.22943, 10.6838
4905.13, 7.879357, 0.508077, 14.8242, 16.4003
7109.84, 8.074517, 0.637384, 13.50262, 10.7372
5224.38, 8.099401, 0.643402, 14.80718, 21.0439
6180.98, 8.178757, 0.700488, 14.17596, 21.4895
5340.57, 8.192169, 0.7043, 14.84294, 13.6637
5048.94, 7.909703, 0.526562, 14.71914, 12.9547
5334.09, 8.041873, 0.608307, 14.62873, 18.32
6019.44, 7.950653, 0.558674, 13.9735, 10.3639
11055.24, 8.291619, 0.7853, 12.35488, 12.7257
12783.24, 8.386209, 0.849829, 12.19209, 15.7531
9977.92, 8.979562, 1.187926, 13.95243, 10.0557
7650.49, 8.636747, 1.002775, 14.12995, 19.5505
4643.27, 7.896567, 0.51648, 15.11205, 11.5958
5294.15, 7.542859, 0.368772, 13.96843, 16.8067
5100.51, 7.888352, 0.514841, 14.64368, 20.6444
7576.66, 8.109849, 0.660651, 13.32945, 11.8175
5853.94, 8.008648, 0.592159, 14.16083, 14.6514
8896.27, 8.388352, 0.844508, 13.20191, 12.5746
7346.58, 8.024838, 0.607646, 13.30536, 16.7853
6823.52, 8.331069, 0.802698, 14.02966, 13.3688
5254.03, 8.069792, 0.624923, 14.73901, 13.3977
14483.89, 8.869287, 1.13861, 12.87028, 10.1589
14108.19, 8.185864, 0.723316, 11.73828, 13.8729
4407.34, 7.798681, 0.461279, 15.23269, 10.5216
6153.62, 8.641232, 1.003611, 14.9431, 13.2189
5294.52, 8.131487, 0.664483, 14.783, 26.6579
5315.64, 7.34235, 0.294563, 13.69736, 10.1656
4590.51, 7.803147, 0.47413, 15.03062, 13.6018
11656.12, 8.377287, 0.842221, 12.36737, 10.1516
6304.79, 7.906289, 0.534655, 13.72092, 17.4751
6106.11, 8.049472, 0.618409, 14.04992, 10.6855
5449.02, 8.087841, 0.638146, 14.59091, 18.7328
4826.1, 7.964491, 0.55722, 15.01344, 16.0013
5076.9, 8.473678, 0.892223, 15.52546, 10.343
14577.02, 8.215183, 0.742707, 11.72799, 10.1187
6075.55, 8.072738, 0.63265, 14.10059, 10.7297
5028.35, 7.939455, 0.54369, 14.7776, 18.5784
5538.9, 8.231983, 0.732106, 14.73199, 10.9789
11124.92, 8.698751, 1.043618, 13.06333, 12.4904
6789.66, 8.30315, 0.784086, 14.00538, 13.0026
7249.62, 8.558104, 0.953012, 14.19758, 10.3149
10744.27, 8.109181, 0.668374, 12.14551, 13.7733
7575.07, 8.500561, 0.916197, 13.9465, 13.8957
16983.84, 9.127668, 1.249329, 13.1621, 10.6731
5177.02, 7.934014, 0.541823, 14.61715, 32.8438
5013.65, 8.502405, 0.911306, 15.63207, 11.8261
25452.84, 8.075265, 0.678377, 10.47846, 11.8688
10199.28, 8.008602, 0.606035, 12.1559, 12.7163
9598.17, 7.889862, 0.53628, 12.16973, 24.4735
6360.79, 8.151833, 0.683823, 14.03293, 14.5427
5293.34, 8.051211, 0.613681, 14.6684, 28.2337
6043.42, 8.181464, 0.70167, 14.27961, 10.1257
8159.48, 8.170097, 0.700268, 13.15925, 10.3646
5017.79, 7.912297, 0.527791, 14.75039, 12.0042
6461.76, 8.263992, 0.757283, 14.13855, 10.0398
4427.92, 7.683385, 0.419244, 15.03457, 13.9281
7052.65, 8.286363, 0.773592, 13.84003, 15.6704
8425.19, 7.675189, 0.438399, 12.30729, 14.9407
10150.76, 8.331578, 0.809572, 12.76694, 13.5905
18001.07, 8.295999, 0.799877, 11.46799, 11.2207
6266.64, 7.945836, 0.55714, 13.79705, 12.6743
13690.71, 7.980994, 0.598652, 11.48299, 11.9075
5087.28, 7.892288, 0.516948, 14.65893, 11.9983
17486.91, 7.927744, 0.577735, 10.93711, 37.8547
4804.62, 8.309078, 0.780284, 15.50911, 27.9851
5967.02, 8.140468, 0.674897, 14.25421, 25.8326
7326.18, 8.281387, 0.770903, 13.69861, 10.7786
9799.15, 8.595248, 0.979587, 13.24181, 12.5571
6027.8, 8.082177, 0.638299, 14.13827, 11.1541
4975.73, 7.971542, 0.562347, 14.87081, 10.1987
6193.16, 8.27235, 0.761953, 14.30815, 15.5301
6985.4, 8.133396, 0.673998, 13.6468, 10.052
17306.04, 7.95264, 0.591023, 11.01918, 12.6958
5234.37, 8.12308, 0.658624, 14.83147, 14.1282
9174.45, 7.812399, 0.493434, 12.2279, 12.8271
7631.87, 8.125899, 0.670893, 13.31933, 12.9033
7110.88, 7.647376, 0.423274, 12.86681, 10.4319
7410.65, 8.285597, 0.773856, 13.64474, 18.5655
6164.02, 7.991875, 0.583774, 13.9032, 20.0064
9517.07, 7.384797, 0.344111, 11.40243, 10.6786
5088.64, 7.939842, 0.544416, 14.70297, 12.1061
4481.89, 7.977962, 0.564075, 15.36284, 14.9971
8286.29, 8.570998, 0.962557, 13.73711, 11.0403
5382.07, 7.987969, 0.576022, 14.49115, 24.1072
4319.4, 7.888287, 0.510652, 15.4101, 10.5191
7007.72, 8.046015, 0.619551, 13.49026, 28.0491
7679.86, 8.09054, 0.648853, 13.22713, 14.6528
8500.89, 8.283208, 0.774503, 13.16872, 10.6345
4673.05, 6.974996, 0.181085, 13.93344, 10.9981
6625.23, 8.050407, 0.621072, 13.70952, 10.7178
4153.25, 7.679147, 0.416355, 15.28767, 13.6522
14896.54, 7.965445, 0.592654, 11.28836, 16.3267
9393.25, 8.507069, 0.923032, 13.204, 17.8489
6861.9, 8.253752, 0.751628, 13.87322, 17.953
4967.32, 7.777568, 0.464793, 14.58581, 12.3591
6750.06, 8.329378, 0.801402, 14.05078, 10.8233
5191.98, 8.398462, 0.84189, 15.26935, 13.2204
5100.48, 7.915517, 0.530364, 14.6606, 15.4937
6098.6, 8.061785, 0.625968, 14.04525, 10.1605
6465.62, 8.217708, 0.726861, 14.02816, 67.5291
8558.92, 7.960073, 0.572898, 12.64812, 43.0996
4659.15, 7.902767, 0.520116, 15.08791, 11.0672
4479.94, 7.798987, 0.471767, 15.1193, 13.7175
7890.78, 8.366827, 0.828531, 13.55828, 11.642
20448.35, 7.877649, 0.558487, 10.57477, 15.2529
9316.57, 8.529505, 0.937422, 13.2727, 10.0173
10917.28, 8.270651, 0.771401, 12.33435, 13.8553
7195.28, 8.269262, 0.762627, 13.72806, 11.2564
7308.62, 8.387814, 0.841369, 13.85723, 15.1155
6003.37, 8.355732, 0.816903, 14.54471, 12.3969
12394.1, 8.180453, 0.716616, 11.90376, 10.3585
7958.92, 8.374826, 0.83395, 13.53989, 10.2637
5350.21, 8.074076, 0.628506, 14.64042, 15.5912
5081.9, 8.004548, 0.583108, 14.7953, 14.547
5471.94, 8.212974, 0.719036, 14.73306, 26.4979
8262.7, 8.043263, 0.621412, 12.89823, 15.9326
5165.25, 8.335029, 0.798902, 15.1945, 15.0407
4511.4, 7.454795, 0.3253, 14.64781, 17.0743
8610.8, 7.947719, 0.565916, 12.61865, 14.3153
6168.63, 8.118328, 0.661705, 14.08056, 13.9392
6975.78, 8.237811, 0.741442, 13.79132, 10.7218
7376.43, 8.361296, 0.823907, 13.7826, 13.3153
6474.68, 8.318357, 0.79338, 14.18863, 11.497
7082.15, 8.349731, 0.815657, 13.90814, 11.1565
7369.87, 8.404759, 0.852713, 13.85654, 11.0824
5410.99, 7.807002, 0.474069, 14.23266, 11.3155
9495.34, 7.992934, 0.594788, 12.34977, 10.0418
10701.85, 7.978578, 0.589843, 11.94293, 16.3232
6532.85, 8.340898, 0.808534, 14.18868, 21.4741
4597.7, 7.71243, 0.432409, 14.88416, 18.597
5758.07, 7.940111, 0.550919, 14.12357, 12.4335
4893.54, 7.763974, 0.45798, 14.64738, 14.7314
7901.44, 8.025204, 0.609463, 13.03387, 10.7323
4360.73, 7.75066, 0.448191, 15.17682, 17.976
5888.02, 8.259881, 0.752531, 14.4768, 12.707
11859.97, 8.025211, 0.620222, 11.76161, 10.3824
5434.02, 7.977849, 0.570531, 14.43574, 12.7237
4549.15, 7.911353, 0.524679, 15.21088, 10.5051
5322.06, 8.215588, 0.719614, 14.87085, 14.6977
7371.37, 8.614146, 0.988499, 14.21298, 10.3601
13364.7, 7.386555, 0.365484, 10.57207, 11.1131
5277.76, 7.919136, 0.534349, 14.49567, 10.0949
8612.61, 7.997326, 0.594883, 12.6946, 11.6739
11920.2, 8.519842, 0.934986, 12.53324, 10.4668
5397.68, 8.51595, 0.921237, 15.28202, 12.5803
17793.94, 7.844271, 0.534363, 10.78799, 11.5316
5945.33, 8.238783, 0.738809, 14.4062, 10.2862
6815.52, 8.103279, 0.654501, 13.67716, 12.537
5981.85, 8.39124, 0.840575, 14.61769, 10.3815
18702.09, 8.009258, 0.626061, 10.93757, 12.6917
8044.55, 7.907077, 0.541089, 12.80505, 11.6046
6651.65, 7.986995, 0.582858, 13.6062, 11.1083
5546.56, 8.256389, 0.748343, 14.73712, 20.8018
4143.18, 7.514299, 0.347734, 15.09495, 10.1277
7955.69, 8.258061, 0.756868, 13.35175, 21.4225
5538.38, 8.053733, 0.617625, 14.44938, 21.8383
29308.82, 8.389427, 0.874781, 10.65253, 11.3966
11317.22, 8.024821, 0.618669, 11.86256, 20.0211
4598.52, 8.128262, 0.659124, 15.44616, 12.6975
5228.78, 7.988811, 0.574845, 14.63416, 15.6166
7768.12, 8.350837, 0.817714, 13.58467, 14.1174
4410.69, 7.562476, 0.36881, 14.88073, 10.8716
4508.21, 8.100042, 0.640624, 15.49505, 15.3452
11080.17, 8.692834, 1.040106, 13.03222, 11.0733
11586.9, 8.41263, 0.86513, 12.41691, 12.2426
4469.07, 7.659476, 0.409223, 14.94419, 12.3503
5682.16, 8.154512, 0.682425, 14.47867, 13.3033
5489.15, 7.962086, 0.561709, 14.36734, 19.7631
6077.99, 8.408038, 0.852093, 14.57877, 12.8631
4834.3, 7.80903, 0.468849, 14.79174, 10.7694
5545.0, 8.196182, 0.708593, 14.64941, 13.6978
5002.98, 7.883363, 0.511139, 14.71383, 13.8867
9827.63, 8.001611, 0.600845, 12.23719, 13.2627
10588.91, 8.151273, 0.694259, 12.23902, 12.8399
7983.04, 7.924342, 0.550644, 12.85961, 19.0701
5341.35, 8.094716, 0.641418, 14.67678, 11.1291
11769.9, 9.249586, 1.286686, 14.04381, 10.0396
12889.64, 8.023928, 0.621794, 11.62021, 10.4063
8077.64, 7.791341, 0.478939, 12.63393, 10.811
4629.02, 7.879134, 0.506463, 15.08625, 10.6644
5710.23, 7.992504, 0.581533, 14.22949, 13.0489
5230.71, 8.283089, 0.764164, 15.05607, 10.1576
12069.48, 8.923386, 1.16333, 13.27461, 21.1726
6929.16, 8.33474, 0.805376, 13.96152, 15.5069
7931.2, 7.91622, 0.545881, 12.86503, 14.0253
5484.17, 8.067965, 0.626022, 14.50272, 109.9276
4618.37, 7.525089, 0.354364, 14.62801, 10.1401
5051.92, 8.067552, 0.621995, 14.91106, 11.8983
4649.85, 7.838006, 0.483569, 15.01767, 12.8757
9676.15, 8.035447, 0.620584, 12.34229, 12.6571
4724.33, 7.79585, 0.461138, 14.89004, 10.112
5221.24, 8.347854, 0.807807, 15.15914, 10.4258
7395.04, 8.109597, 0.660029, 13.38894, 14.2309
4754.38, 8.028377, 0.595966, 15.15214, 10.2395
4478.66, 7.893757, 0.514272, 15.26005, 10.2837
14453.69, 7.954018, 0.585149, 11.3297, 10.5638
10531.91, 8.340362, 0.816068, 12.55606, 10.096
6282.44, 8.166718, 0.693104, 14.07634, 11.8744
5028.5, 7.882362, 0.510799, 14.68622, 13.2407
4868.9, 7.933291, 0.538928, 14.91328, 14.3044
4684.41, 7.816278, 0.471882, 14.95526, 21.3707
4806.23, 7.794843, 0.461096, 14.80312, 10.598
4881.27, 7.891613, 0.514869, 14.84214, 37.152
6969.05, 8.303264, 0.784585, 13.89415, 11.555
6813.08, 8.258262, 0.754474, 13.90612, 17.9333
5218.89, 8.202684, 0.710446, 14.94458, 11.1495
6726.35, 8.226306, 0.733263, 13.90569, 12.3938
10825.06, 8.402359, 0.857145, 12.57635, 14.0105
5960.35, 8.526015, 0.929935, 14.85208, 21.2673
5082.65, 7.875631, 0.507506, 14.6245, 13.8688
6645.33, 8.220578, 0.729287, 13.94055, 14.4524
4563.2, 7.447856, 0.322967, 14.58581, 11.942
6136.87, 7.852797, 0.504132, 13.74407, 12.7189
4829.92, 7.914085, 0.527486, 14.92889, 11.6832
4868.47, 7.830057, 0.480453, 14.78416, 12.3406
13444.68, 7.912266, 0.559416, 11.40187, 15.8928
6799.9, 8.314652, 0.79174, 14.00047, 10.0725
8502.46, 8.391413, 0.845852, 13.34239, 11.2098
5478.5, 7.943523, 0.550713, 14.35276, 21.3848
9000.7, 8.072374, 0.641196, 12.64965, 11.0336
4985.56, 8.079427, 0.629103, 14.99121, 10.287
9658.76, 8.006753, 0.60341, 12.30438, 29.9493
4960.81, 8.101753, 0.643216, 15.04736, 19.5891
10118.05, 7.943219, 0.567797, 12.06245, 13.1394
9050.72, 8.176609, 0.706611, 12.7842, 12.5811
16307.43, 7.932254, 0.577437, 11.08258, 15.5827
6516.14, 8.269875, 0.761328, 14.08988, 10.9237
4530.85, 7.7176, 0.434785, 14.95698, 12.7572
4602.74, 7.669715, 0.414132, 14.82098, 10.0307
5760.23, 8.078795, 0.634765, 14.30947, 10.522
6294.08, 8.236664, 0.738731, 14.17227, 17.2038
8632.44, 8.393108, 0.847194, 13.2933, 10.3267
5925.03, 8.100753, 0.649453, 14.22134, 12.8819
5195.7, 8.050154, 0.61215, 14.75049, 13.0067
4306.11, 8.392758, 0.836429, 16.10846, 10.9101
7685.07, 8.407708, 0.85522, 13.7129, 22.0035
7779.26, 8.388598, 0.842739, 13.64125, 13.4819
5163.96, 8.038411, 0.604592, 14.76185, 23.8698
7104.6, 8.089972, 0.646978, 13.50726, 14.267
7187.94, 8.451844, 0.883559, 14.02027, 11.5722
7924.65, 7.678117, 0.437616, 12.51184, 11.2939
6642.54, 8.163543, 0.692293, 13.85928, 11.1826
25758.42, 8.292424, 0.809487, 10.77175, 13.5521
9454.18, 7.999701, 0.598663, 12.37339, 11.4901
6530.94, 8.088292, 0.644208, 13.81571, 11.7641
5190.71, 7.373786, 0.302533, 13.83962, 14.3874
5296.87, 8.202656, 0.710903, 14.87318, 10.5729
8440.8, 8.338453, 0.810781, 13.28032, 18.9865
5889.61, 7.976837, 0.573313, 14.07338, 20.2349
5405.73, 8.048636, 0.613241, 14.56537, 27.0823
5012.15, 7.891293, 0.515714, 14.71419, 12.5083
20638.17, 8.775096, 1.094233, 12.06766, 32.1226
4431.56, 7.469494, 0.3308, 14.74766, 10.269
10175.38, 8.320048, 0.802076, 12.62668, 13.7098
5452.58, 8.454601, 0.880622, 15.13213, 11.2866
6470.08, 8.271952, 0.76257, 14.11985, 11.121
8996.78, 8.273676, 0.769291, 12.95882, 11.3878
7189.56, 7.9237, 0.547767, 13.23257, 10.2762
5920.94, 8.635339, 0.999486, 15.07534, 12.6883
4281.22, 7.906586, 0.521108, 15.47032, 17.0723
4369.15, 7.734992, 0.441281, 15.14729, 13.882
14440.89, 8.75897, 1.080798, 12.63789, 12.4764
19571.5, 7.983578, 0.613469, 10.81286, 13.4933
4996.38, 7.953208, 0.551558, 14.81234, 10.7835
7521.31, 8.576241, 0.964898, 14.07621, 14.8059
5282.02, 8.217093, 0.720357, 14.9093, 15.5467
6110.58, 8.163951, 0.690625, 14.18395, 13.376
26336.76, 8.696417, 1.055497, 11.43932, 10.6616
16048.74, 7.993167, 0.611082, 11.18856, 30.5144
5135.07, 8.002289, 0.582155, 14.742, 12.6318
5195.8, 8.171584, 0.689844, 14.92093, 16.1184
6190.95, 8.508077, 0.918747, 14.66954, 12.7148
8150.11, 8.204364, 0.722297, 13.18971, 16.1196
7025.55, 8.236011, 0.740384, 13.76149, 11.3517
12128.91, 7.956785, 0.581042, 11.61579, 11.1769
4561.71, 8.107189, 0.645367, 15.45406, 10.0767
8868.28, 7.972392, 0.580965, 12.55212, 14.8101
6147.99, 8.032036, 0.607934, 13.97376, 15.3862
6596.77, 8.165465, 0.693384, 13.88809, 11.7094
4848.62, 8.032496, 0.598916, 15.06526, 23.5674
5351.44, 7.915209, 0.532994, 14.42535, 14.2796
5641.85, 8.516073, 0.922291, 15.07715, 10.1676
22038.15, 7.911027, 0.579971, 10.48726, 10.6762
17974.44, 8.980113, 1.19192, 12.72332, 10.5818
7900.85, 7.747718, 0.463664, 12.63427, 26.8758
5185.97, 8.325421, 0.792494, 15.15827, 40.3411
13174.82, 7.93772, 0.572853, 11.47178, 12.445
5220.99, 8.005744, 0.585022, 14.66546, 19.7237
13505.72, 7.970986, 0.592481, 11.47057, 41.0794
3927.36, 7.751113, 0.447391, 15.58913, 24.4057
5975.8, 7.553389, 0.382854, 13.40824, 10.3306
7332.43, 7.977273, 0.579238, 13.23362, 15.0834
5377.07, 8.124164, 0.660494, 14.68891, 12.9231
9420.76, 8.325736, 0.804287, 12.88713, 15.5403
4785.47, 7.802871, 0.465235, 14.83213, 13.4171
4328.83, 7.744992, 0.445317, 15.20205, 15.2911
8302.45, 8.446372, 0.881751, 13.51568, 12.5269
4412.55, 7.934838, 0.53803, 15.37682, 12.3355
19377.4, 8.004939, 0.625081, 10.86553, 11.5511
5061.53, 7.904235, 0.523531, 14.68333, 10.9051
4508.21, 7.751729, 0.449798, 15.02882, 11.0132
5478.37, 8.178926, 0.696787, 14.68074, 11.8823
5992.24, 8.28481, 0.76951, 14.44346, 12.885
7439.95, 8.314106, 0.792759, 13.67855, 11.3656
11673.74, 8.17594, 0.712286, 12.02251, 39.1455
4864.27, 7.791491, 0.470554, 14.71269, 13.4166
8852.71, 8.384672, 0.842009, 13.18776, 34.6436
4902.45, 7.886234, 0.511954, 14.81976, 16.9466
4598.29, 7.755976, 0.451872, 14.94306, 12.6507
4465.38, 8.019885, 0.589785, 15.43405, 12.47
6162.74, 8.099802, 0.649984, 14.05875, 12.1584
5323.87, 8.095885, 0.641997, 14.69597, 27.3548
5490.9, 8.353471, 0.812933, 14.93518, 11.1851
5627.12, 8.115914, 0.657328, 14.46442, 14.6842
5698.05, 8.084698, 0.63807, 14.36606, 17.2749
8511.73, 8.306638, 0.789936, 13.20017, 11.0656
6676.87, 8.286999, 0.773099, 14.02374, 17.7628
6905.72, 8.659094, 1.015648, 14.52276, 10.2286
4886.7, 7.845729, 0.489172, 14.78442, 12.6974
14694.64, 7.922654, 0.568281, 11.25401, 10.0966
13143.49, 8.096724, 0.66607, 11.70572, 26.2578
8618.13, 8.075695, 0.642204, 12.80334, 11.7119
11570.97, 7.87789, 0.535723, 11.60781, 12.3374
4462.3, 8.016721, 0.587813, 15.43117, 12.5262
6400.86, 7.541658, 0.381648, 13.13766, 16.4608
4910.95, 8.027396, 0.596046, 14.994, 13.2004
5870.59, 8.211137, 0.720293, 14.41592, 53.8809
6180.81, 8.192559, 0.709448, 14.18035, 15.0934
5253.87, 7.609408, 0.395233, 14.08172, 13.4159
7869.77, 8.38545, 0.840819, 13.5972, 16.1531
5405.29, 7.531611, 0.365965, 13.83193, 15.3655
6954.03, 8.336678, 0.806718, 13.9532, 13.6274
4528.69, 7.899539, 0.517767, 15.21649, 18.4146
10955.26, 8.373438, 0.838483, 12.49319, 10.3704
5253.52, 8.30815, 0.781151, 15.06853, 12.8474
9181.41, 7.34043, 0.327994, 11.45943, 11.35
8758.66, 8.284205, 0.775687, 13.0683, 10.9039
8472.94, 8.410722, 0.858541, 13.382, 19.1586
6044.11, 8.414403, 0.856242, 14.6114, 22.9267
15296.43, 7.99346, 0.609555, 11.28805, 16.752
6092.43, 7.876963, 0.517159, 13.80143, 18.0617
9181.16, 8.362043, 0.827684, 13.03717, 10.2847
5727.82, 8.129463, 0.666616, 14.40634, 10.7067
5205.86, 8.010996, 0.588081, 14.68643, 10.6252
4811.23, 7.85324, 0.49282, 14.87019, 11.0138
21905.11, 7.913915, 0.581159, 10.50348, 19.1092
9821.64, 8.228005, 0.741425, 12.59796, 14.6512
5170.77, 8.219518, 0.721331, 15.01474, 11.8994
5313.12, 8.239336, 0.735325, 14.91423, 10.7627
6673.81, 7.956003, 0.564695, 13.5515, 10.6039
4992.14, 7.960941, 0.556124, 14.8253, 20.5708
6215.88, 8.028045, 0.605817, 13.92388, 17.4464
5701.47, 8.28209, 0.766409, 14.65448, 16.1859
5347.27, 8.230347, 0.729566, 14.86941, 13.9187
6168.36, 7.979946, 0.576696, 13.88908, 14.2488
8209.42, 7.963303, 0.573732, 12.81201, 10.3503
7489.32, 8.351346, 0.817523, 13.72229, 10.0646
5547.27, 8.150599, 0.678982, 14.58703, 10.0084
10871.98, 8.008014, 0.607548, 11.93811, 53.5809
6587.26, 7.993578, 0.58655, 13.65171, 13.631
6497.96, 7.941459, 0.555601, 13.63182, 16.0129
4923.35, 7.781506, 0.466636, 14.64772, 11.126
8982.91, 8.55678, 0.954426, 13.44397, 11.4315
4956.19, 8.392215, 0.837015, 15.49357, 11.2828
4135.31, 7.59285, 0.380192, 15.1957, 11.442
11008.71, 8.066967, 0.643176, 11.99978, 10.6364
4130.08, 7.593898, 0.380593, 15.20883, 10.0883
14433.48, 8.494891, 0.922266, 12.1772, 14.6236
8517.33, 7.789501, 0.479463, 12.44773, 13.9353
5786.46, 7.900935, 0.528644, 14.04905, 11.0286
5704.21, 7.961367, 0.562982, 14.19316, 21.4723
4625.83, 7.736536, 0.443407, 14.8855, 12.6243
7162.14, 8.152378, 0.686554, 13.57657, 10.1211
6442.39, 8.103899, 0.653672, 13.8972, 11.7471
6238.74, 8.276859, 0.7651, 14.26927, 13.1736
6404.59, 7.93739, 0.552867, 13.68271, 17.6995
5725.27, 8.127424, 0.665298, 14.40428, 16.6275
15374.59, 8.073515, 0.656735, 11.40568, 11.2005
5827.02, 8.253741, 0.748185, 14.51369, 14.1568
18160.26, 7.835848, 0.531048, 10.7461, 10.7238
5677.94, 8.179058, 0.698307, 14.5252, 12.9464
5573.94, 8.141378, 0.673243, 14.54506, 22.5412
6970.09, 7.938805, 0.555713, 13.36037, 21.2713
5368.03, 8.354929, 0.813249, 15.04055, 23.6064
4750.99, 7.881202, 0.508188, 14.97497, 10.0137
10586.94, 9.354818, 1.317358, 14.59239, 33.3451
5307.82, 7.963309, 0.560488, 14.53598, 14.118
6327.06, 8.306954, 0.785379, 14.25903, 14.9634
11096.28, 8.030525, 0.621491, 11.92128, 21.8176
4487.59, 8.075938, 0.625128, 15.4833, 10.6213
10468.56, 6.224207, 0.179853, 8.98151, 10.5993
5563.59, 8.491702, 0.905829, 15.10042, 11.6671
10710.82, 8.244693, 0.754162, 12.35047, 11.8809
11074.28, 8.001635, 0.604343, 11.88779, 10.0088
7259.31, 8.254237, 0.752883, 13.67044, 13.8711
7174.1, 7.992068, 0.58751, 13.33478, 13.9428
5972.78, 8.204317, 0.716269, 14.33597, 12.784
14656.98, 8.008123, 0.616564, 11.38257, 12.8529
6346.17, 8.130705, 0.670275, 13.98494, 12.1234
7605.75, 8.296305, 0.781321, 13.57319, 10.4361
4969.55, 7.796265, 0.473631, 14.61404, 10.9357
4965.47, 7.835322, 0.484119, 14.68632, 39.3669
6471.28, 8.22011, 0.72845, 14.0414, 12.9873
11832.44, 7.934583, 0.567728, 11.63409, 30.537
10885.87, 8.299206, 0.789902, 12.39152, 11.0085
4578.84, 8.346287, 0.805139, 15.78273, 10.3371
7895.17, 8.500045, 0.916337, 13.77752, 15.2764
4717.56, 7.852699, 0.492009, 14.96611, 12.461
4424.27, 7.805779, 0.465146, 15.20722, 14.0347
12861.77, 8.194381, 0.726328, 11.86618, 11.4514
6829.79, 8.116871, 0.663102, 13.68742, 22.3202
9135.47, 7.962674, 0.576084, 12.43549, 15.6114
5147.18, 7.977452, 0.567245, 14.69337, 10.6321
4986.22, 8.476966, 0.894253, 15.59388, 10.0664
7849.08, 8.423254, 0.86578, 13.66726, 14.0091
10937.4, 8.053876, 0.635077, 12.00385, 10.5458
5776.41, 7.822863, 0.485671, 13.96001, 10.8661
6555.34, 7.93969, 0.554801, 13.59657, 22.8129
5649.03, 8.227913, 0.730162, 14.61328, 12.6803
4431.33, 8.069361, 0.620809, 15.53212, 10.2245
7896.39, 8.196289, 0.716501, 13.28455, 13.9281
10504.37, 7.951481, 0.573651, 11.95941, 13.0456
6031.51, 7.999995, 0.58795, 14.00568, 10.4073
5414.99, 8.195465, 0.707052, 14.75883, 18.4348
8637.19, 7.955917, 0.570723, 12.6188, 17.1443
7226.6, 8.452918, 0.884332, 14.00428, 13.5083
8578.0, 8.150991, 0.689135, 12.93201, 11.228
5015.48, 7.999157, 0.57933, 14.8536, 16.7654
8268.21, 7.892963, 0.533908, 12.68434, 16.4634
8465.93, 8.335598, 0.808942, 13.26099, 14.0746
11356.74, 8.099199, 0.663711, 11.97996, 17.7995
4773.45, 7.893856, 0.515518, 14.96068, 19.2218
5625.6, 8.297668, 0.776389, 14.73675, 11.052
6360.36, 8.237817, 0.739712, 14.13462, 10.3979
5441.98, 8.236655, 0.73444, 14.79653, 11.9245
6952.33, 7.947984, 0.560957, 13.38249, 44.5573
5143.79, 8.347895, 0.80752, 15.23112, 22.1041
8205.21, 8.034058, 0.615678, 12.91218, 14.35
8922.95, 7.978925, 0.584939, 12.53547, 14.6818
13348.41, 7.873426, 0.538108, 11.35989, 15.567
4675.45, 7.917881, 0.528955, 15.09136, 16.4747
19011.74, 7.877769, 0.554832, 10.71481, 23.1033
4066.91, 7.669032, 0.411784, 15.35657, 18.2694
6083.74, 7.849756, 0.502183, 13.77355, 10.1154
5661.69, 8.095186, 0.644429, 14.40968, 14.9086
7469.28, 8.378307, 0.835359, 13.76968, 10.7458
5781.83, 8.212543, 0.720779, 14.48673, 10.3647
6203.26, 7.846714, 0.501182, 13.69089, 13.9919
6083.02, 7.95108, 0.55928, 13.90585, 11.1983
7126.97, 7.229985, 0.282901, 12.23916, 79.2432
16283.0, 7.917344, 0.569212, 11.05485, 16.9283
5318.65, 8.926106, 1.160367, 16.11659, 15.3147
7781.74, 8.430115, 0.870198, 13.71032, 12.7253
5318.21, 7.984352, 0.573135, 14.54676, 15.3299
9914.35, 7.936612, 0.563422, 12.1149, 14.194
5205.6, 7.921463, 0.53484, 14.56553, 10.0637
5214.1, 8.007768, 0.586189, 14.67613, 10.3016
6946.97, 8.359241, 0.821693, 13.99496, 10.9658
4934.68, 7.952195, 0.550513, 14.87223, 24.2006
5087.35, 7.957187, 0.55464, 14.72803, 23.5673
9656.03, 8.706773, 1.046853, 13.48291, 10.7415
9208.08, 8.516944, 0.929175, 13.28947, 10.6486
7310.64, 8.31804, 0.795105, 13.74071, 27.9861
6895.85, 8.370849, 0.829301, 14.03937, 15.202
5794.65, 7.966152, 0.566409, 14.12853, 23.0593
5635.48, 7.895171, 0.524287, 14.15572, 21.9571
9132.35, 8.237789, 0.746204, 12.85395, 22.5421
6552.64, 8.437021, 0.87257, 14.33275, 10.1672
8467.25, 7.892135, 0.534064, 12.60096, 59.7569
11976.1, 7.72182, 0.464113, 11.3264, 11.6329
5311.03, 7.968691, 0.563714, 14.53135, 22.4054
5618.93, 8.293751, 0.773731, 14.73613, 15.3784
4632.75, 7.763613, 0.455831, 14.91571, 14.0742
5435.03, 7.889582, 0.519364, 14.31855, 10.9155
4740.52, 7.884716, 0.510134, 14.98072, 12.2668
8227.19, 8.41132, 0.85853, 13.48856, 10.5056
8925.16, 8.470501, 0.898544, 13.30851, 16.2947
12846.18, 8.655078, 1.01966, 12.62882, 13.8761
13145.09, 8.58217, 0.975692, 12.44372, 41.6458
9113.33, 6.805528, 0.206983, 10.64311, 12.2825
13101.08, 8.038391, 0.63083, 11.6202, 10.9681
10632.42, 8.139001, 0.686661, 12.20455, 11.8901
5397.12, 8.198641, 0.708991, 14.77431, 10.7437
6319.04, 7.912558, 0.538273, 13.70415, 10.0904
5046.31, 7.882024, 0.510768, 14.66987, 13.4107
5297.31, 8.119272, 0.656663, 14.75219, 13.5405
8281.25, 8.343449, 0.813788, 13.35333, 15.9212
6790.2, 8.098982, 0.651731, 13.68549, 12.0227
4084.3, 7.834375, 0.479763, 15.57008, 31.0756
7622.34, 7.359312, 0.324835, 12.18017, 11.7881
4577.59, 8.141686, 0.667828, 15.48549, 10.9005
5995.69, 7.921852, 0.541888, 13.9276, 10.0052
4812.05, 7.978216, 0.56542, 15.02976, 10.8225
7507.24, 8.416154, 0.860499, 13.80936, 19.385
9415.13, 8.02599, 0.614197, 12.42182, 17.9783
8004.83, 8.501125, 0.917203, 13.73223, 12.6422
6211.59, 8.346734, 0.811547, 14.38914, 14.6843
5301.44, 8.145834, 0.673794, 14.78706, 12.4189
6730.7, 8.127251, 0.669383, 13.75341, 46.5742
9818.93, 8.482148, 0.907466, 13.01218, 15.7984
7994.45, 7.994658, 0.591491, 12.94799, 21.2587
8022.54, 8.064066, 0.633426, 13.03382, 14.6267
12492.38, 8.043826, 0.632722, 11.69452, 13.419
6750.29, 7.995158, 0.588045, 13.55806, 30.267
5538.73, 8.360371, 0.817873, 14.91433, 11.932
4980.91, 7.796206, 0.473546, 14.60232, 12.5521
5550.17, 8.187505, 0.702957, 14.63102, 10.9947
7118.17, 8.258844, 0.755594, 13.74938, 10.9356
7264.85, 8.610455, 0.986081, 14.25502, 17.498
6270.65, 8.412747, 0.855765, 14.46274, 10.4264
6719.36, 7.779865, 0.468273, 13.29752, 11.7132
4473.76, 7.966268, 0.556977, 15.35725, 10.5799
11208.21, 7.955726, 0.578088, 11.78963, 11.547
8063.02, 8.544202, 0.945189, 13.78333, 11.7816
12336.68, 7.958544, 0.582551, 11.59268, 20.9828
10066.24, 8.015666, 0.609846, 12.1945, 11.0977
7839.44, 8.21568, 0.72894, 13.33695, 22.0758
11991.64, 8.074001, 0.649791, 11.82248, 10.6673
4983.02, 7.87209, 0.504617, 14.71976, 12.037
6574.76, 7.9147, 0.540564, 13.55403, 11.7438
4718.62, 7.923188, 0.53224, 15.05298, 12.307
6530.29, 8.352347, 0.816153, 14.20997, 12.6746
5281.83, 8.069488, 0.624979, 14.69659, 13.2363
6285.29, 8.302166, 0.782065, 14.2863, 11.2124
5110.25, 8.256873, 0.745976, 15.12665, 13.6439
18963.25, 7.871227, 0.551303, 10.70288, 37.711
7262.33, 8.08161, 0.642198, 13.41269, 25.3504
4161.51, 7.651288, 0.404623, 15.25239, 15.1622
7948.08, 8.141881, 0.681783, 13.19191, 12.2771
5903.18, 8.13788, 0.672942, 14.29562, 11.1517
10884.74, 8.322904, 0.80535, 12.43888, 10.5248
9500.99, 7.95999, 0.575589, 12.29683, 16.2958
4953.54, 7.961238, 0.556025, 14.87264, 12.7286
4588.82, 7.841592, 0.485286, 15.0933, 15.4245
4014.33, 7.380705, 0.295113, 15.08162, 12.9337
38092.46, 7.935066, 0.634924, 9.39151, 12.0996
7488.1, 8.467931, 0.894651, 13.90579, 10.8694
6079.99, 8.262012, 0.754693, 14.34858, 26.7138
4697.6, 8.075768, 0.625607, 15.2736, 12.9184
5136.53, 7.679821, 0.423237, 14.28718, 10.9493
4846.91, 8.376674, 0.826263, 15.56607, 33.0266
5887.88, 8.072066, 0.63128, 14.20647, 10.1189
4376.55, 7.899047, 0.517005, 15.36763, 14.9537
9374.66, 9.387203, 1.327078, 15.02723, 34.4228
17061.77, 8.026897, 0.632722, 11.13453, 13.8625
4602.12, 8.022698, 0.591914, 15.29814, 10.1932
5937.86, 8.229821, 0.732868, 14.39757, 20.6219
5462.57, 8.106653, 0.650162, 14.58776, 17.2863
5739.7, 8.083011, 0.637279, 14.33222, 11.4078
5201.52, 7.940148, 0.545659, 14.59559, 12.819
6486.45, 8.428681, 0.866889, 14.35731, 10.7661
12753.85, 9.260783, 1.29017, 13.88292, 11.3003
4841.73, 7.861228, 0.497457, 14.84608, 13.4839
4496.32, 7.818982, 0.472547, 15.1483, 42.4881
5672.55, 7.504955, 0.360532, 13.56826, 23.1227
12809.67, 7.942845, 0.574818, 11.51997, 15.8012
24332.45, 9.035621, 1.21772, 12.29118, 12.5805
7478.79, 7.957381, 0.568054, 13.1346, 18.4013
6075.06, 7.886386, 0.522302, 13.83539, 11.2998
5988.65, 8.415875, 0.857055, 14.65105, 23.6979
10204.15, 8.499062, 0.919041, 12.91963, 14.5124
4782.07, 7.642348, 0.404043, 14.60269, 10.5125
5369.42, 8.343983, 0.805879, 15.02347, 28.0987
8742.31, 8.020265, 0.608909, 12.66978, 16.5061
8168.88, 8.029091, 0.612577, 12.92313, 10.3542
7870.3, 8.257503, 0.756321, 13.39132, 14.3179
5507.32, 8.066912, 0.625566, 14.49152, 12.7166
4587.25, 8.156041, 0.677264, 15.49527, 10.8848
5787.55, 8.008707, 0.591799, 14.19391, 20.1277
6366.58, 8.211681, 0.722597, 14.10034, 10.1077
5217.74, 8.045482, 0.609429, 14.7213, 29.4137
4390.96, 7.919741, 0.529083, 15.37896, 13.1713
4110.7, 7.721329, 0.434274, 15.39325, 11.2698
5540.12, 8.127134, 0.66386, 14.55948, 10.4857
6829.94, 8.12122, 0.665852, 13.70444, 10.6687
11574.68, 7.995253, 0.601905, 11.77051, 12.2592
8203.22, 7.57593, 0.402197, 12.23829, 10.2188
5183.31, 8.015743, 0.590782, 14.72222, 10.5381
5452.02, 7.955646, 0.557565, 14.39915, 10.0735
4622.23, 7.784112, 0.465317, 14.96212, 12.6135
18239.39, 8.069351, 0.660049, 11.08737, 10.3054
4890.45, 7.852208, 0.492779, 14.78804, 14.0471
4543.57, 7.95774, 0.552056, 15.27517, 15.1781
6049.18, 8.003828, 0.590349, 13.99744, 15.6859
5671.07, 8.041031, 0.610747, 14.33425, 11.6993
6027.35, 8.01845, 0.59906, 14.03392, 16.3331
4449.52, 7.786417, 0.465566, 15.132, 25.7584
6017.74, 8.116952, 0.660144, 14.179, 14.5973
4221.62, 8.059538, 0.614102, 15.72928, 12.7388
10886.23, 7.497671, 0.387426, 11.15011, 18.238
9512.62, 7.975136, 0.584411, 12.30985, 14.9893
5141.66, 8.529694, 0.929643, 15.54459, 11.1337
4878.32, 7.924086, 0.533594, 14.89996, 10.3384
10804.74, 8.691352, 1.038945, 13.10108, 31.4086
4421.7, 7.94238, 0.542528, 15.38635, 11.0626
5424.4, 8.091155, 0.63999, 14.60752, 10.4795
7183.31, 8.124462, 0.668856, 13.52531, 10.523
9528.4, 7.987608, 0.59175, 12.32628, 25.0024
5109.06, 7.82023, 0.477378, 14.53188, 23.4146
5306.84, 8.410904, 0.850707, 15.19684, 10.61
8878.37, 8.455654, 0.888748, 13.3022, 21.2468
10103.72, 8.326618, 0.806232, 12.66696, 13.1569
6011.61, 9.028071, 1.207035, 15.77672, 18.6736
4362.64, 7.784036, 0.463749, 15.21936, 13.9099
5526.69, 8.1093, 0.652394, 14.54679, 11.6107
6705.65, 7.894711, 0.529774, 13.44911, 14.6835
8841.05, 8.003432, 0.599153, 12.61707, 13.766
6767.04, 8.358991, 0.821133, 14.09639, 13.2899
8064.34, 7.53665, 0.387893, 12.22388, 45.4192
5697.29, 8.130853, 0.667317, 14.43948, 12.3105
5485.74, 8.152314, 0.679593, 14.64321, 11.3353
4878.21, 8.096914, 0.639747, 15.13126, 10.2986
6829.33, 8.334166, 0.804769, 14.0247, 11.217
6593.85, 8.335419, 0.805037, 14.12454, 231.78
6548.31, 8.138868, 0.676192, 13.87316, 35.9973
5580.0, 8.36735, 0.82281, 14.89151, 10.2581
5099.55, 8.162252, 0.683164, 15.00714, 11.568
5572.24, 7.955696, 0.558641, 14.28531, 46.1183
7008.37, 8.011397, 0.598565, 13.45352, 13.0599
6952.43, 8.059193, 0.627477, 13.54855, 14.8317
7971.77, 8.34475, 0.814074, 13.49605, 10.0789
5345.9, 8.112843, 0.652975, 14.70847, 14.5283
9415.78, 7.938056, 0.562751, 12.30632, 10.1898
4612.48, 7.913849, 0.526357, 15.15703, 15.7727
7622.18, 8.053174, 0.625646, 13.20829, 11.6841
8229.51, 7.856955, 0.514042, 12.66583, 10.5147
11458.62, 8.132313, 0.684432, 12.00993, 10.1328
6479.24, 8.143537, 0.678935, 13.92298, 16.1813
12607.08, 7.734844, 0.465997, 11.26335, 20.9159
9633.34, 8.134476, 0.681361, 12.51126, 13.5456
4627.9, 7.926571, 0.533852, 15.15029, 18.3013
9567.79, 8.646825, 1.011015, 13.40701, 12.5932
6292.99, 8.039504, 0.613136, 13.89172, 15.0982
5926.69, 7.928799, 0.54545, 13.99291, 11.9477
5424.13, 8.043715, 0.610393, 14.54363, 11.989
4505.61, 7.469469, 0.331098, 14.68005, 11.9844
8628.32, 8.442876, 0.879968, 13.38597, 12.0023
11470.45, 8.21467, 0.736479, 12.13128, 12.8045
5552.69, 8.0235, 0.599138, 14.39689, 25.1241
9983.26, 8.282799, 0.77735, 12.63329, 12.745
6192.39, 7.693557, 0.43706, 13.4747, 21.5222
5655.95, 7.926606, 0.542371, 14.19196, 15.3158
5117.21, 7.947586, 0.549218, 14.69424, 13.8818
4724.81, 7.852877, 0.492144, 14.96665, 15.4568
5348.26, 8.161447, 0.684287, 14.77541, 10.6414
4115.32, 7.664457, 0.409892, 15.31317, 12.709
5894.1, 8.076074, 0.633812, 14.21576, 10.9193
5942.51, 8.047723, 0.61649, 14.13012, 20.3802
10027.8, 8.348909, 0.820683, 12.7265, 12.6793
13654.6, 7.948773, 0.580251, 11.43357, 10.2461
5098.43, 8.068951, 0.623192, 14.87597, 14.0669
7150.79, 8.058295, 0.627485, 13.44761, 10.1406
7357.51, 8.225006, 0.733958, 13.57775, 31.7466
9573.06, 8.276071, 0.772095, 12.76145, 15.4683
7122.13, 7.94785, 0.561419, 13.30835, 11.8296
7810.94, 8.031681, 0.613109, 13.09102, 14.9344
7632.1, 8.053099, 0.625628, 13.20427, 12.265
4336.31, 7.814784, 0.469711, 15.31305, 11.2622
6633.69, 8.302152, 0.78303, 14.08129, 10.6826
4730.53, 7.779641, 0.46394, 14.84334, 10.7743
4948.14, 8.090906, 0.636213, 15.05283, 11.3616
5606.54, 7.913858, 0.534663, 14.21519, 10.3647
13930.9, 8.408903, 0.86624, 12.08243, 16.378
8438.51, 8.576328, 0.966113, 13.69455, 11.1389
5170.86, 7.896441, 0.520129, 14.5765, 13.566
6211.38, 8.513168, 0.922135, 14.67429, 10.8088
5232.17, 8.451807, 0.877954, 15.32696, 10.2406
4325.48, 7.676425, 0.41555, 15.1226, 11.462
9361.7, 8.152063, 0.691773, 12.64527, 10.3487
4732.66, 7.874972, 0.504568, 14.97845, 17.6383
6415.06, 8.290167, 0.774481, 14.19003, 12.7306
4914.92, 7.711046, 0.434566, 14.55806, 10.7694
7630.36, 7.983866, 0.58402, 13.10742, 14.5576
7087.86, 8.194195, 0.713287, 13.67542, 11.5131
24567.57, 7.976252, 0.620993, 10.38112, 15.0756
7757.28, 8.158339, 0.691797, 13.30035, 12.0863
6229.66, 8.029951, 0.607038, 13.91133, 37.6319
7218.45, 7.935846, 0.554804, 13.24284, 10.01
7727.93, 8.449774, 0.883078, 13.77545, 10.6138
6072.71, 8.395708, 0.843845, 14.57074, 15.0207
4067.61, 7.958761, 0.551486, 15.7431, 17.0811
5996.09, 7.906744, 0.533284, 13.91572, 11.3662
10724.0, 8.208597, 0.730968, 12.2991, 13.1041
7491.36, 8.676009, 1.026521, 14.27709, 13.615
8515.98, 7.534529, 0.389142, 12.02312, 34.1749
16430.03, 8.039819, 0.638946, 11.22494, 10.1153
9975.88, 8.29844, 0.787545, 12.65864, 11.7021
6969.09, 8.386738, 0.840011, 14.03402, 10.0873
13093.77, 7.915536, 0.560311, 11.44555, 26.5706
8279.17, 8.04627, 0.623284, 12.91005, 11.6584
5662.45, 8.450619, 0.878989, 14.96003, 12.2558
6469.02, 7.992069, 0.585207, 13.73083, 12.4202
7684.33, 7.531387, 0.384269, 12.40851, 12.6305
7874.17, 8.046883, 0.622512, 13.07017, 44.0894
5118.04, 8.038609, 0.604354, 14.81457, 19.4144
6659.64, 8.227229, 0.73368, 13.95343, 11.7641
4973.51, 7.883628, 0.511035, 14.752, 11.732
5215.97, 8.155009, 0.679151, 14.89495, 10.1349
6164.54, 8.084767, 0.640567, 14.04273, 13.2835
9145.47, 8.542318, 0.945418, 13.36132, 19.601
9937.24, 8.298277, 0.787359, 12.66117, 59.6606
6068.51, 8.786756, 1.089032, 15.27085, 10.8602
8669.0, 8.361792, 0.826597, 13.23378, 16.4683
5206.38, 7.895633, 0.520065, 14.53152, 17.7978
8150.89, 7.994253, 0.591717, 12.88382, 11.1564
4791.58, 8.179926, 0.693543, 15.32426, 11.1115
4680.96, 8.181103, 0.694036, 15.43592, 11.1577
9900.97, 8.119197, 0.672475, 12.38807, 18.8149
16547.94, 9.336671, 1.312947, 13.63596, 11.3937
6199.73, 8.34888, 0.812944, 14.40552, 18.7127
8161.88, 8.212383, 0.727518, 13.19673, 13.2219
4087.3, 7.806356, 0.473601, 15.51729, 19.8823
7058.73, 8.397075, 0.847051, 13.99644, 10.9547
4892.17, 8.058976, 0.615697, 15.05306, 11.1051
5091.56, 8.26342, 0.75029, 15.14873, 10.5762
4364.42, 7.534204, 0.356818, 14.89563, 20.5561
12464.54, 8.04825, 0.635306, 11.70339, 10.3648
10645.93, 8.055134, 0.635076, 12.07601, 10.2048
6918.06, 8.211485, 0.724093, 13.78154, 10.3436
7742.04, 7.345087, 0.320907, 12.0984, 26.3263
5269.76, 8.080972, 0.632092, 14.72371, 12.1604
10478.59, 8.752989, 1.074026, 13.32119, 11.5253
10201.29, 8.562753, 0.959738, 13.03939, 12.1931
6370.23, 8.183009, 0.703952, 14.04771, 21.1223
5770.84, 8.219518, 0.725306, 14.50659, 13.1873
4648.54, 7.547783, 0.363937, 14.61341, 11.6967
9732.41, 8.234663, 0.745529, 12.63006, 13.731
5607.99, 8.084928, 0.637603, 14.43795, 18.7176
19649.52, 7.959638, 0.600346, 10.77436, 10.5485
5094.35, 8.05716, 0.615753, 14.85576, 14.1345
5885.27, 7.779495, 0.471368, 13.80426, 13.4167
10224.76, 7.999326, 0.600632, 12.11219, 11.0847
7729.53, 8.174772, 0.702258, 13.32927, 10.0614
7136.74, 8.395719, 0.846297, 13.95315, 10.5112
5953.46, 8.12987, 0.66806, 14.24215, 19.6904
9085.44, 7.998268, 0.596782, 12.50932, 12.1138
4009.85, 7.374964, 0.293076, 15.0721, 10.7347
11685.32, 8.339463, 0.817632, 12.27976, 10.7918
4957.36, 7.899701, 0.520054, 14.78009, 12.9449
7220.17, 8.07126, 0.63567, 13.42882, 22.8342
6182.35, 8.325845, 0.797515, 14.37945, 14.4709
6157.61, 8.130195, 0.669195, 14.11154, 10.2252
8551.45, 8.304434, 0.788562, 13.1769, 17.6624
7407.78, 7.935261, 0.555067, 13.13715, 14.5035
6611.78, 7.949701, 0.560808, 13.57617, 27.8134
4189.89, 8.084509, 0.629961, 15.76473, 117.1388
5085.98, 8.52145, 0.924087, 15.57847, 12.1544
16886.13, 7.836902, 0.528222, 10.87955, 14.7485
24862.41, 8.293314, 0.808647, 10.84565, 14.5177
9083.25, 7.798075, 0.485733, 12.22387, 15.8024
4476.97, 7.904638, 0.520545, 15.27493, 19.3592
6781.58, 8.424755, 0.864889, 14.19452, 10.265
6454.41, 8.074069, 0.635072, 13.83998, 11.4112
6861.28, 8.361025, 0.822695, 14.04313, 14.8873
11351.77, 8.397708, 0.855014, 12.44196, 15.0269
10377.17, 8.05251, 0.632781, 12.1467, 13.6461
5529.71, 8.084751, 0.636913, 14.50952, 10.52
5069.59, 8.137649, 0.666962, 14.99177, 13.2266
5372.08, 8.001851, 0.584267, 14.53063, 10.2256
4164.98, 7.844762, 0.485694, 15.50833, 22.007
5991.2, 8.042717, 0.613671, 14.09357, 12.1913
5847.07, 8.058681, 0.622744, 14.21885, 18.3921
6583.46, 8.006488, 0.594261, 13.67179, 15.7163
4554.83, 7.948643, 0.546654, 15.25046, 14.0049
4887.39, 8.081752, 0.630101, 15.09241, 14.0043
6254.8, 8.222854, 0.729521, 14.17776, 13.5776
7675.11, 7.985947, 0.585382, 13.09087, 12.3833
6942.69, 7.907868, 0.537985, 13.33732, 22.1611
12053.28, 8.114947, 0.674991, 11.87351, 10.9029
7153.77, 7.762319, 0.467768, 13.03198, 10.2427
5130.6, 7.8008, 0.477493, 14.46927, 14.1584
4259.88, 7.510492, 0.346637, 14.98218, 11.1022
8066.74, 7.926361, 0.552051, 12.83353, 10.8355
5193.01, 8.081545, 0.631834, 14.79421, 19.614
7276.22, 8.130028, 0.672617, 13.47983, 12.0639
15609.0, 8.02013, 0.625684, 11.29056, 11.902
5621.17, 8.042925, 0.611561, 14.37695, 11.6563
8375.82, 8.505486, 0.92058, 13.59507, 11.6053
8945.48, 7.930732, 0.55719, 12.46483, 16.5105
4912.79, 8.064735, 0.619426, 15.04301, 14.9355
7384.54, 7.350854, 0.320578, 12.29029, 15.7182
5652.71, 8.169464, 0.691917, 14.53223, 10.3942
10018.96, 8.364135, 0.830645, 12.74236, 25.6299
12060.18, 8.048962, 0.634839, 11.77073, 11.2116
5604.6, 7.59508, 0.394607, 13.75639, 13.367
5206.74, 8.074642, 0.627583, 14.7793, 12.9917
9455.03, 7.870631, 0.525302, 12.18753, 22.8047
11595.81, 7.561569, 0.41088, 11.11247, 13.2974
7515.23, 7.820811, 0.492383, 12.93444, 13.3337
8125.88, 8.243258, 0.747539, 13.25626, 38.5786
4563.08, 7.80663, 0.475914, 15.04522, 27.5493
4650.78, 7.751766, 0.450674, 14.88061, 20.3711
6200.66, 7.211309, 0.271908, 12.78344, 18.3343
10178.19, 8.650783, 1.014067, 13.2072, 13.0548
4807.15, 7.941395, 0.543367, 14.99471, 10.2612
10431.3, 7.956571, 0.576356, 11.98767, 17.8237
4676.36, 7.881325, 0.507908, 15.04476, 14.6988
10486.86, 8.196162, 0.722482, 12.34163, 11.2481
4393.01, 7.916652, 0.527281, 15.37414, 18.5819
8000.18, 8.283971, 0.773991, 13.37743, 18.2338
4479.95, 8.277609, 0.758314, 15.78334, 11.0921
6523.63, 8.100688, 0.651947, 13.84832, 11.4704
6044.2, 8.351606, 0.814279, 14.51984, 11.3136
5602.86, 8.003793, 0.587548, 14.3385, 10.6482
6498.79, 7.99529, 0.587243, 13.71505, 12.2247
5070.11, 7.292957, 0.275736, 13.85112, 24.0772
6904.16, 8.356693, 0.819908, 14.01952, 11.3545
3662.85, 7.439869, 0.315776, 15.4528, 16.6462
6766.51, 8.214756, 0.725827, 13.86031, 33.643
5169.89, 8.002803, 0.582764, 14.7097, 22.1051
4692.66, 7.836978, 0.483202, 14.97047, 20.0734
5419.19, 8.446015, 0.874731, 15.15348, 10.4606
6076.48, 7.83749, 0.495513, 13.76763, 11.5917
4620.51, 7.837256, 0.483029, 15.04674, 15.9095
4843.57, 7.839783, 0.485596, 14.82847, 10.4279
4661.1, 7.896075, 0.51627, 15.08506, 12.8424
5719.05, 8.016767, 0.596241, 14.26454, 12.2857
4411.68, 7.803021, 0.46362, 15.22532, 17.4896
6131.38, 8.634448, 0.999375, 14.93752, 16.5661
4733.19, 7.937729, 0.540852, 15.06608, 16.3779
4978.25, 8.25259, 0.742577, 15.25648, 11.6883
6224.65, 8.094916, 0.647182, 14.01803, 14.3775
6558.21, 8.211992, 0.723417, 13.97893, 22.0534
6610.28, 8.183191, 0.704863, 13.91537, 17.4879
7518.59, 7.880089, 0.524384, 13.01892, 15.8594
5694.26, 7.980675, 0.574349, 14.22427, 19.0875
4978.17, 7.195965, 0.24804, 13.83931, 14.7031
6530.59, 7.974147, 0.574818, 13.67069, 16.7556
11537.87, 7.952178, 0.576945, 11.72682, 11.1886
5638.4, 8.167871, 0.690791, 14.54132, 11.4439
8136.96, 8.161275, 0.694578, 13.13194, 15.6799
5087.5, 8.000384, 0.580613, 14.79268, 10.0237
7121.04, 8.096746, 0.651254, 13.50658, 17.1563
7549.74, 7.975561, 0.578889, 13.13629, 12.8253
5163.2, 7.981981, 0.570108, 14.6963, 12.9093
5949.37, 8.708778, 1.04416, 15.198, 13.7715
4881.5, 7.783903, 0.46717, 14.69439, 10.6287
4827.66, 7.784138, 0.46689, 14.75148, 11.1924
5282.56, 8.230625, 0.729344, 14.93612, 11.2903
10970.56, 8.206074, 0.729894, 12.23295, 11.8388
8953.52, 8.414433, 0.861779, 13.21469, 12.8709
9167.21, 8.000081, 0.598084, 12.47857, 18.2104
7382.13, 8.361103, 0.82379, 13.78956, 10.6543
24573.58, 8.057182, 0.666162, 10.4922, 20.4868
5803.75, 8.591573, 0.971734, 15.0928, 12.1599
4490.81, 7.774403, 0.460079, 15.07663, 18.9362
7524.0, 8.011404, 0.600076, 13.19881, 10.3837
13160.32, 7.9606, 0.585728, 11.51507, 10.5778
6911.4, 8.478275, 0.90054, 14.21373, 12.5516
5847.11, 8.082382, 0.637508, 14.25883, 13.8306
8274.67, 8.105175, 0.659533, 12.9968, 11.2553
9755.94, 8.022493, 0.613043, 12.3142, 12.2718
5478.42, 7.988336, 0.577233, 14.41969, 20.2059
7006.1, 7.955536, 0.565514, 13.37743, 13.5307
11528.0, 8.040596, 0.628594, 11.84413, 57.062
4973.89, 8.313738, 0.783841, 15.35243, 15.9001
4396.09, 7.852319, 0.49054, 15.30008, 15.9657
4788.26, 7.814661, 0.471576, 14.85327, 10.6252
5121.23, 7.898396, 0.520741, 14.63391, 10.3671
16267.4, 7.983307, 0.605933, 11.15985, 14.0307
5291.88, 8.099241, 0.643843, 14.74575, 10.19
12093.5, 8.810495, 1.106717, 13.0515, 15.3457
6036.16, 8.263089, 0.755244, 14.38889, 13.1258
7140.48, 8.356712, 0.82041, 13.89808, 16.8102
7218.73, 8.376152, 0.833466, 13.89098, 14.6571
5963.95, 8.266644, 0.757328, 14.45251, 10.868
5485.14, 8.124302, 0.6616, 14.60371, 14.6293
5105.78, 8.207084, 0.712735, 15.07134, 10.6899
5884.45, 7.861542, 0.507346, 13.92623, 20.4053
15930.46, 7.963417, 0.593924, 11.17134, 19.0252
7322.6, 7.923401, 0.548023, 13.16532, 12.6022
8905.31, 8.422593, 0.867071, 13.22954, 55.0964
7808.52, 8.418592, 0.862631, 13.68726, 11.0482
5745.66, 7.962501, 0.563937, 14.16131, 13.4943
4789.92, 7.520665, 0.353723, 14.43787, 10.8566
4820.37, 7.994978, 0.575648, 15.03995, 13.1756
12190.99, 8.199006, 0.727974, 11.96508, 19.8966
5456.56, 8.392553, 0.839012, 15.02365, 28.171
6074.96, 8.058498, 0.623819, 14.05753, 14.0308
9623.44, 8.290993, 0.781947, 12.76586, 11.3234
11316.94, 8.149311, 0.694725, 12.06487, 10.1851
5749.88, 8.106634, 0.652226, 14.3564, 23.1538
5813.82, 8.11623, 0.658679, 14.33126, 10.9676
4090.89, 7.762297, 0.452589, 15.46512, 10.5373
6378.39, 7.85394, 0.505965, 13.59237, 14.9902
17336.87, 7.871884, 0.547477, 10.87974, 18.8582
6624.26, 7.950991, 0.561603, 13.57092, 17.435
7186.38, 8.133019, 0.674286, 13.5372, 10.7381
9847.17, 8.268746, 0.767907, 12.65823, 11.0355
6840.64, 8.215667, 0.726618, 13.83676, 10.3454
5621.39, 8.068713, 0.627548, 14.41228, 11.0724
9601.17, 8.543608, 0.946825, 13.20622, 10.3865
6819.66, 8.266231, 0.759742, 13.92133, 12.6163
5099.25, 8.579995, 0.962363, 15.6583, 13.2033
5297.96, 8.179068, 0.695405, 14.84505, 10.5257
6115.24, 8.731167, 1.057591, 15.1257, 13.3016
4678.76, 7.987747, 0.570655, 15.18621, 10.2673
4734.34, 7.827653, 0.47831, 14.91569, 35.7399
4871.3, 7.891452, 0.514711, 14.85571, 35.6703
5066.39, 7.756223, 0.456292, 14.4698, 12.0139
5104.33, 7.539571, 0.364825, 14.1365, 11.199
4525.28, 7.680473, 0.418594, 14.92204, 12.97
17967.75, 8.016744, 0.628769, 11.03245, 10.165
6024.59, 8.436967, 0.871228, 14.66988, 11.2347
8020.45, 8.031491, 0.613597, 12.99739, 13.6148
5418.66, 8.070519, 0.62698, 14.58527, 12.9919
4806.73, 7.974817, 0.563341, 15.0396, 11.7172
7690.22, 7.558335, 0.39372, 12.46041, 39.1832
8669.42, 8.450167, 0.884824, 13.38269, 13.2284
4668.7, 7.811503, 0.479058, 14.94773, 13.3921
5583.2, 8.210781, 0.718448, 14.64765, 10.52
4317.02, 7.990231, 0.571121, 15.5479, 15.4957
4866.34, 8.054062, 0.612489, 15.08354, 15.6065
5776.17, 8.198124, 0.7113, 14.46794, 33.3647
7413.28, 7.885258, 0.526897, 13.07439, 14.9456
8800.47, 7.551291, 0.39599, 11.94773, 10.6139
6474.34, 8.016021, 0.599596, 13.74289, 28.467
5312.81, 8.13894, 0.66943, 14.77463, 14.1163
5893.73, 8.602088, 0.978635, 15.0438, 11.3091
4658.17, 7.672994, 0.416098, 14.77355, 10.6962
13646.53, 7.97954, 0.597713, 11.47915, 23.2906
8788.27, 7.226965, 0.292525, 11.45719, 15.2839
7736.03, 8.132295, 0.675192, 13.27182, 11.1725
7799.3, 8.211362, 0.726047, 13.3627, 10.9487
4896.22, 7.978849, 0.566238, 14.94907, 10.9545
4353.05, 7.708939, 0.429554, 15.13846, 11.85
5463.75, 8.257989, 0.748781, 14.81269, 10.1057
6072.29, 8.042236, 0.613797, 14.04533, 11.5732
7048.31, 7.27727, 0.295502, 12.38136, 10.3836
6296.75, 8.297598, 0.779063, 14.27262, 16.9498
6095.83, 7.980147, 0.576449, 13.93526, 25.9906
15730.76, 7.944132, 0.582666, 11.16702, 15.3476
6362.44, 8.489568, 0.90695, 14.53955, 13.2546
7276.66, 8.416658, 0.860432, 13.92886, 10.084
4968.97, 7.79852, 0.474717, 14.61742, 41.2965
6127.46, 8.355032, 0.816831, 14.47059, 10.095
17507.27, 7.979824, 0.606706, 11.01002, 44.3255
4937.46, 8.026817, 0.595831, 14.97483, 12.9325
5425.86, 7.810803, 0.476234, 14.29732, 16.0993
5172.47, 7.427339, 0.321506, 13.92154, 28.4935
10371.31, 8.508371, 0.92531, 12.90108, 11.5001
7215.7, 8.183053, 0.706393, 13.59393, 10.2567
5798.9, 8.019154, 0.598203, 14.20687, 10.9966
8729.66, 7.969461, 0.578855, 12.62237, 10.3045
4710.29, 7.832387, 0.480771, 14.966, 11.1331
4819.31, 7.730923, 0.442463, 14.67483, 33.4497
4807.97, 7.767373, 0.459118, 14.75543, 10.8224
7424.3, 8.422282, 0.86441, 13.86606, 15.4277
6824.11, 8.253821, 0.751578, 13.8988, 13.463
4335.19, 7.291103, 0.268285, 14.64774, 16.6133
6053.77, 8.009562, 0.593827, 14.01215, 16.3549
10182.42, 8.140583, 0.686555, 12.34679, 12.0985
7534.27, 8.213063, 0.726569, 13.48723, 10.8146
4263.23, 7.528563, 0.354101, 14.99834, 10.8334
4789.99, 8.160314, 0.680611, 15.3057, 17.9837
8822.06, 8.039851, 0.620912, 12.67483, 14.7051
7190.63, 8.188618, 0.709928, 13.61319, 18.1433
6215.16, 8.02997, 0.606985, 13.93463, 13.8878
4535.57, 7.502255, 0.344494, 14.72289, 24.2941
4454.41, 8.33432, 0.796806, 15.88994, 18.5077
12067.96, 7.84206, 0.517983, 11.4916, 11.9117
16616.24, 7.767304, 0.493009, 10.80999, 16.1019
4591.95, 7.711931, 0.432144, 14.9051, 10.1399
6659.86, 8.388416, 0.840475, 14.21054, 11.2762
5931.41, 7.995283, 0.58456, 14.06935, 40.325
6832.27, 8.842932, 1.120084, 14.92475, 10.4076
12432.98, 9.430625, 1.341546, 14.33903, 10.816
12706.8, 9.247496, 1.286251, 13.86785, 21.9689
5518.63, 8.058224, 0.620253, 14.48159, 20.811
4774.36, 7.985003, 0.569366, 15.08437, 18.8512
6581.83, 8.353481, 0.817033, 14.19988, 10.1539
6565.73, 8.317974, 0.793362, 14.15252, 12.1915
16631.58, 8.542472, 0.955002, 12.02966, 10.0397
4764.78, 7.861724, 0.497284, 14.94549, 11.562
4436.58, 7.87063, 0.500953, 15.28825, 10.6338
3967.79, 7.744154, 0.444205, 15.56176, 13.14
5263.75, 8.002229, 0.583313, 14.6385, 13.0138
5665.18, 7.979689, 0.573552, 14.25527, 15.5243
4533.14, 7.93568, 0.53889, 15.27503, 10.84
5216.79, 7.789857, 0.473374, 14.37887, 11.6228
5414.99, 8.135902, 0.668378, 14.67823, 22.4577
4613.26, 7.556877, 0.367414, 14.67621, 11.0409
7052.35, 8.2975, 0.780956, 13.85854, 11.3505
6016.57, 8.331297, 0.800611, 14.51535, 13.1304
11770.65, 8.014229, 0.61352, 11.77941, 15.9821
10654.87, 8.265728, 0.767663, 12.41935, 10.0937
4096.98, 7.679391, 0.416095, 15.36066, 10.0185
4475.92, 7.847869, 0.488333, 15.22259, 21.7487
5678.96, 8.18061, 0.699323, 14.53436, 14.1139
5588.75, 7.982223, 0.574487, 14.31984, 10.2575
6109.1, 8.256077, 0.75087, 14.32968, 12.9862
7736.56, 7.931539, 0.55397, 12.98694, 12.903
5829.18, 8.221346, 0.726803, 14.48092, 11.2555
5864.36, 7.971412, 0.569946, 14.09192, 22.3766
5534.48, 8.724931, 1.052685, 15.55276, 10.429
4799.93, 7.876218, 0.505625, 14.91873, 14.6467
8048.48, 8.065611, 0.634445, 13.04374, 11.6927
5385.97, 7.803514, 0.471958, 14.26764, 11.4818
7731.34, 8.328682, 0.802977, 13.58533, 11.7158
7628.4, 7.040336, 0.245178, 11.70972, 10.212
10264.01, 9.502695, 1.367253, 15.03438, 14.5205
4507.62, 7.681835, 0.418984, 14.9519, 11.2777
8114.59, 8.254738, 0.755026, 13.29919, 13.7842
6680.2, 8.329857, 0.80155, 14.10433, 16.3965
7643.51, 8.29254, 0.778911, 13.54972, 29.4885
4196.41, 7.806828, 0.465012, 15.44085, 25.9962
5512.93, 8.135136, 0.668769, 14.6038, 11.2209
4758.41, 7.985276, 0.569464, 15.10766, 10.9504
7557.11, 8.465158, 0.892935, 13.87428, 23.5047
8071.44, 8.006065, 0.598496, 12.94847, 15.8271
5986.23, 8.248353, 0.745296, 14.39904, 28.0182
7991.97, 8.008683, 0.599823, 12.98773, 11.9838
5605.18, 8.225465, 0.728269, 14.66887, 10.9456
5634.34, 7.886863, 0.519606, 14.16335, 17.1515
3968.8, 7.704766, 0.426741, 15.51053, 14.9836
5785.49, 8.252699, 0.747293, 14.56912, 11.5379
15050.08, 8.031032, 0.630828, 11.3912, 12.0413
6294.02, 8.011244, 0.595982, 13.85452, 29.5224
4542.98, 8.04329, 0.60461, 15.40941, 10.3406
7934.58, 8.505298, 0.919822, 13.79521, 10.4892
22849.28, 8.391495, 0.867352, 11.19712, 13.0513
8060.08, 8.038398, 0.617887, 13.0105, 11.3547
10989.88, 8.352413, 0.824813, 12.47593, 10.2323
6080.66, 8.08571, 0.640766, 14.10923, 16.0004
7629.95, 8.156858, 0.690551, 13.34279, 36.8107
7529.6, 8.021278, 0.606024, 13.2241, 12.2262
5377.88, 8.152781, 0.678919, 14.73627, 25.9539
5508.56, 7.732275, 0.450517, 14.04718, 11.6687
5786.82, 8.096971, 0.646338, 14.33983, 10.0098
8441.38, 8.064522, 0.634865, 12.88321, 13.3645
4588.81, 8.141549, 0.667767, 15.49605, 12.6609
13243.03, 8.292833, 0.790077, 12.00224, 11.8544
14654.58, 7.959494, 0.588716, 11.33663, 10.7372
6750.47, 7.984351, 0.581621, 13.56018, 24.1801
10185.85, 7.998852, 0.600243, 12.12951, 15.033
6860.67, 8.13664, 0.67572, 13.70927, 12.1455
5324.18, 8.026716, 0.598878, 14.60735, 10.7846
4928.78, 8.024352, 0.594256, 14.98177, 12.1307
5030.62, 8.125289, 0.658737, 15.01685, 10.2263
7300.94, 8.141503, 0.679966, 13.49262, 10.1319
12940.07, 8.544882, 0.952196, 12.42424, 10.9958
4958.89, 7.844311, 0.488982, 14.71527, 11.3984
4367.99, 8.165981, 0.68334, 15.73325, 10.5527
5686.48, 8.089354, 0.64092, 14.39025, 10.0834
4994.76, 7.848284, 0.491491, 14.68634, 12.4541
4994.31, 7.779738, 0.465805, 14.56324, 39.7248
6278.29, 7.800922, 0.477243, 13.59247, 11.179
6972.1, 8.689674, 1.034189, 14.55363, 11.4568
6488.1, 7.946424, 0.558437, 13.65271, 12.4274
7863.56, 8.257724, 0.756452, 13.4039, 12.3495
7528.54, 7.972851, 0.577235, 13.14089, 12.1148
8882.5, 8.281427, 0.774123, 13.02405, 10.4814
6604.54, 7.899393, 0.53203, 13.53302, 10.4192
7065.39, 8.304357, 0.785525, 13.84891, 19.7862
5840.9, 8.046374, 0.615107, 14.21113, 14.4344
12461.84, 8.064518, 0.645075, 11.73173, 13.2002
5172.28, 8.328561, 0.794558, 15.1765, 27.0567
7400.08, 8.045379, 0.620268, 13.3034, 17.1675
4244.15, 7.317819, 0.275651, 14.78204, 11.727
5588.15, 8.442689, 0.873321, 15.00652, 14.9694
7057.47, 8.061914, 0.629452, 13.4988, 11.0882
7110.71, 8.334455, 0.805577, 13.87834, 11.4457
8121.37, 8.065063, 0.63431, 13.00164, 12.1327
11137.26, 8.116881, 0.674094, 12.05382, 12.502
7207.62, 7.97457, 0.577271, 13.30127, 10.1828
4934.9, 8.086791, 0.633524, 15.05998, 12.4724
6114.19, 8.08271, 0.63905, 14.07237, 17.5713
11552.14, 8.700872, 1.045309, 12.973, 12.8247
9943.61, 8.254461, 0.758826, 12.60141, 11.5692
6142.83, 8.236919, 0.738349, 14.2795, 17.2796
5478.76, 8.386798, 0.835264, 15.00703, 13.7145
4708.83, 8.048167, 0.608181, 15.23972, 10.6953
17879.59, 7.881065, 0.55367, 10.84671, 12.6164
8284.05, 7.968857, 0.577191, 12.7974, 12.6976
6489.34, 8.221997, 0.729742, 14.05063, 10.7775
16722.44, 8.146061, 0.703484, 11.35799, 14.2111
6857.78, 8.228644, 0.735142, 13.85632, 11.2414
5957.36, 7.923788, 0.542762, 13.96817, 11.937
15884.91, 8.966358, 1.184896, 12.91864, 11.5269
5275.1, 7.486475, 0.346088, 13.91353, 12.3273
6819.2, 7.972189, 0.574662, 13.50001, 17.6068
6841.84, 8.297849, 0.780699, 13.96894, 11.2965
6277.22, 8.203946, 0.717233, 14.14209, 22.2183
5510.36, 8.013604, 0.592769, 14.42625, 20.3856
5993.73, 8.427346, 0.864723, 14.68545, 10.7337
5550.21, 8.385795, 0.83501, 14.95336, 13.3983
4823.12, 7.958703, 0.553739, 15.00984, 14.309
5956.36, 8.129163, 0.667623, 14.25513, 13.7956
8595.23, 8.278294, 0.771472, 13.12735, 16.8356
17876.25, 7.695719, 0.463688, 10.5855, 10.1724
6966.5, 7.846598, 0.504246, 13.26384, 10.4326
7267.16, 8.502152, 0.91678, 14.08595, 12.3517
6212.54, 8.301146, 0.781152, 14.3263, 27.5547
5718.82, 8.065274, 0.626068, 14.33975, 12.6862
7283.17, 8.442597, 0.877607, 13.97574, 12.096
4909.77, 7.164192, 0.237876, 13.87562, 13.205
4692.23, 7.936307, 0.539838, 15.10545, 14.4298
5223.16, 8.27347, 0.757662, 15.04708, 57.277
6456.9, 8.100307, 0.651468, 13.89231, 10.316
12037.75, 8.110645, 0.672304, 11.86813, 12.7812
6247.0, 8.096725, 0.648411, 14.01662, 11.1058
4845.35, 8.07033, 0.622672, 15.13325, 11.6891
8805.07, 8.268146, 0.765266, 13.02796, 16.3475
8533.36, 7.957316, 0.571226, 12.67787, 12.5483
8542.94, 8.356649, 0.822976, 13.28501, 11.7126
5081.38, 7.853538, 0.495209, 14.61601, 11.3824
10774.18, 7.894444, 0.542436, 11.82073, 14.1806
5776.62, 7.959929, 0.562627, 14.15016, 17.1666
5893.19, 8.161201, 0.68789, 14.34596, 14.8952
5184.3, 8.003448, 0.583284, 14.70565, 23.2288
5024.99, 7.842394, 0.488542, 14.65636, 12.2305
6578.79, 8.021396, 0.60323, 13.7111, 10.0914
7211.13, 8.368971, 0.828685, 13.89144, 11.9792
8185.13, 8.188878, 0.712384, 13.16648, 17.4245
19976.36, 8.006156, 0.627099, 10.8329, 10.4907
5284.15, 8.438128, 0.868938, 15.25924, 11.9599
9076.81, 8.593624, 0.977728, 13.4804, 13.9496
5206.0, 8.068515, 0.623723, 14.77292, 11.2191
5028.23, 7.892361, 0.516462, 14.70581, 17.3318
5259.46, 7.833241, 0.486215, 14.41171, 10.8284
6597.48, 7.9646, 0.569451, 13.61559, 11.2525
4870.87, 7.910725, 0.525783, 14.891, 17.2022
6539.06, 8.323816, 0.79718, 14.16758, 10.0386
5696.65, 8.055772, 0.620023, 14.33558, 10.6266
12392.69, 7.982441, 0.596408, 11.62981, 11.3
10717.2, 7.969415, 0.584577, 11.93414, 12.6323
6691.89, 8.284553, 0.771519, 14.02902, 10.4409
5989.85, 8.045797, 0.615555, 14.1046, 15.5362
6885.98, 8.019862, 0.603297, 13.52582, 22.3356
5735.93, 8.105068, 0.65115, 14.37374, 11.3639
6803.56, 8.321949, 0.796593, 14.0196, 15.3367
6692.84, 8.053279, 0.623058, 13.68082, 13.3742
5628.89, 8.124129, 0.662576, 14.48479, 20.8242
6167.28, 8.227018, 0.731929, 14.25575, 10.552
6050.62, 8.433039, 0.868688, 14.64678, 11.3485
4941.75, 8.181266, 0.694906, 15.18526, 10.3487
5231.75, 7.936769, 0.544017, 14.57142, 16.0741
5836.09, 8.069071, 0.629136, 14.24838, 11.8795
6722.28, 7.997041, 0.589077, 13.58648, 14.6792
8851.99, 8.554447, 0.952772, 13.48909, 16.1253
5100.99, 7.993266, 0.576395, 14.77025, 13.9192
5661.51, 7.992526, 0.581199, 14.27657, 13.3088
6424.47, 7.924996, 0.545831, 13.67199, 10.6012
7601.17, 8.407858, 0.855172, 13.77129, 12.6415
7288.43, 8.257965, 0.755397, 13.67673, 13.4385
7278.08, 8.250962, 0.750773, 13.66521, 11.541
6197.48, 8.301996, 0.781668, 14.34108, 20.9469
6562.49, 7.992918, 0.586067, 13.67342, 12.0314
5452.3, 8.070823, 0.627507, 14.56379, 10.7572
16179.08, 7.930761, 0.576319, 11.10536, 10.6242
20131.12, 7.979015, 0.612202, 10.77518, 11.9767
11220.18, 8.10133, 0.664694, 12.02398, 10.367
4495.11, 8.313329, 0.782586, 15.82114, 16.2432
7984.9, 8.825, 1.111423, 14.35398, 11.165
5286.85, 8.36741, 0.8213, 15.13384, 30.6583
4721.21, 8.070052, 0.622048, 15.24189, 30.8044
8795.09, 8.508741, 0.923292, 13.43478, 15.5571
4675.63, 7.638479, 0.401626, 14.7187, 10.4596
8204.92, 7.915816, 0.546507, 12.75143, 15.7924
8556.09, 8.465312, 0.894586, 13.46041, 11.1958
7033.77, 8.210781, 0.723926, 13.72522, 14.2008
5217.64, 8.085887, 0.634771, 14.79301, 10.8777
5878.72, 8.160708, 0.687503, 14.3552, 11.036
5086.81, 8.301949, 0.776233, 15.23122, 10.3156
7791.35, 8.115765, 0.66491, 13.22717, 12.8335
5881.39, 8.404574, 0.849138, 14.72688, 11.0029
7392.99, 8.275656, 0.767263, 13.65638, 12.1901
5527.67, 8.303827, 0.779866, 14.83185, 21.923
7320.02, 8.387245, 0.841013, 13.86914, 10.6426
6226.55, 8.210412, 0.721269, 14.19358, 12.7377
11188.4, 8.211494, 0.73384, 12.19663, 12.9243
11186.94, 7.738593, 0.46775, 11.50141, 11.4639
6022.35, 8.049702, 0.618127, 14.08798, 19.7035
6012.66, 8.235199, 0.736714, 14.37147, 13.6287
8137.74, 8.350656, 0.81829, 13.44222, 11.9007
4863.6, 7.687784, 0.423736, 14.58092, 13.7881
6059.09, 7.972149, 0.571517, 13.96603, 10.0518
4472.87, 7.856748, 0.49327, 15.23773, 10.679
5142.73, 7.855764, 0.497063, 14.55573, 10.1026
8614.0, 7.979706, 0.584507, 12.68445, 11.8558
9653.74, 8.625099, 0.997851, 13.32937, 27.3754
5103.89, 8.060142, 0.617691, 14.8644, 11.1662
7955.78, 7.932056, 0.554951, 12.89347, 11.3641
10317.88, 8.192051, 0.719468, 12.3968, 11.4477
6236.94, 8.01113, 0.595665, 13.89257, 26.1055
8689.8, 8.231537, 0.741144, 13.02432, 14.4473
5555.16, 7.373137, 0.310017, 13.51748, 10.9909
5535.43, 8.140987, 0.672704, 14.58522, 19.8183
5370.56, 8.252738, 0.744622, 14.89693, 10.8174
5251.26, 8.417564, 0.854986, 15.26406, 12.1851
60178.89, 7.839723, 0.642198, 8.65977, 13.3025
6679.06, 8.316494, 0.792667, 14.08642, 12.9766
5303.57, 7.918591, 0.534354, 14.48934, 10.4484
10859.38, 8.337834, 0.815048, 12.47117, 19.8479
11720.5, 8.40789, 0.862262, 12.38786, 24.806
13832.16, 8.008428, 0.614849, 11.51611, 11.1092
7034.86, 8.001046, 0.592442, 13.4366, 14.4739
5255.46, 8.047939, 0.611291, 14.70804, 11.267
20210.22, 8.04236, 0.648331, 10.8641, 13.8038
5162.76, 7.921461, 0.534389, 14.61391, 31.2824
5008.47, 7.323154, 0.283421, 13.95609, 42.4839
5844.76, 8.856864, 1.126296, 15.57618, 10.132
10522.58, 8.243787, 0.75317, 12.40864, 29.5914
13446.97, 7.98092, 0.598031, 11.51609, 16.842
5909.81, 7.940418, 0.55206, 14.02746, 15.8538
6029.58, 8.121173, 0.662879, 14.19928, 12.1833
13060.67, 7.986519, 0.600343, 11.57113, 12.9233
4505.44, 7.711397, 0.431733, 15.00038, 11.3602
6920.87, 8.306288, 0.786478, 13.94688, 12.9835
5170.81, 8.133799, 0.665095, 14.91503, 11.8563
5170.59, 8.057846, 0.616752, 14.80054, 18.2234
4945.3, 7.804929, 0.467548, 14.69847, 13.5345
5229.62, 8.15896, 0.681813, 14.89317, 11.442
4842.57, 8.875863, 1.135118, 16.46061, 26.4097
15449.02, 8.140692, 0.697747, 11.51691, 13.1136
6500.87, 8.031862, 0.609298, 13.77951, 10.3413
5658.77, 8.091274, 0.641944, 14.43077, 10.6507
5002.71, 8.007531, 0.584357, 14.89374, 18.4478
6072.58, 8.423175, 0.862177, 14.63231, 12.1913
6142.24, 8.075433, 0.634645, 14.04269, 24.9031
13770.05, 7.97716, 0.596643, 11.46867, 12.595
7126.08, 7.552839, 0.389381, 12.72488, 17.4835
4870.22, 7.881336, 0.508952, 14.87012, 11.1067
5856.2, 8.188093, 0.705159, 14.41009, 19.607
7049.01, 8.048348, 0.621096, 13.50169, 10.3929
6162.68, 8.636815, 1.000896, 14.92779, 17.1144
13124.97, 8.000784, 0.608765, 11.58767, 16.0309
5504.25, 8.130274, 0.665582, 14.6033, 21.7527
5242.32, 8.041771, 0.607345, 14.7043, 25.3666
11412.05, 7.93778, 0.56844, 11.74899, 11.3875
5727.96, 8.290662, 0.77226, 14.66933, 12.5494
5624.7, 8.115196, 0.656855, 14.49254, 12.2117
6949.11, 8.432766, 0.870523, 14.12537, 20.0315
7902.15, 8.38805, 0.842597, 13.60027, 18.6062
6441.61, 8.088061, 0.64374, 13.88341, 17.9764
5464.9, 8.717512, 1.048182, 15.60426, 10.7518
8831.34, 8.036834, 0.619116, 12.68189, 15.0345
8883.58, 8.194519, 0.717677, 12.90507, 10.1117
4279.88, 7.813012, 0.477999, 15.35464, 19.1754
10818.17, 8.367584, 0.834409, 12.54133, 12.1386
9878.92, 8.005213, 0.603118, 12.25725, 10.3534
5066.16, 7.865695, 0.501799, 14.65412, 14.8705
5427.45, 8.040632, 0.608527, 14.55067, 15.9716
7087.05, 8.376855, 0.833679, 13.96841, 17.9204
7992.64, 8.310858, 0.79171, 13.44582, 16.379
10533.87, 8.661232, 1.020744, 13.11461, 56.0844
7491.44, 8.018784, 0.604413, 13.24825, 10.3423
4575.2, 7.864538, 0.498009, 15.15982, 10.7899
6423.9, 8.322029, 0.795688, 14.24966, 12.5936
6429.66, 8.14877, 0.682107, 13.98862, 13.5314
5842.68, 7.951319, 0.557994, 14.09889, 12.1128
5188.81, 7.991227, 0.575916, 14.70039, 10.7774
6785.93, 8.310774, 0.789134, 14.03546, 10.1998
5644.77, 8.162963, 0.687652, 14.55333, 10.5462
7103.82, 7.423551, 0.34355, 12.56332, 14.5663
9552.83, 7.849419, 0.514179, 12.16579, 10.1503
5851.25, 7.57294, 0.38904, 13.54093, 21.7105
9044.53, 8.482837, 0.906779, 13.32218, 10.3118
4930.85, 8.029816, 0.597654, 14.99172, 21.746
6733.3, 8.442889, 0.876824, 14.25583, 21.6552
10603.03, 8.287209, 0.781516, 12.46663, 19.3133
5330.32, 8.011133, 0.589432, 14.59527, 11.5453
5253.73, 8.809042, 1.099934, 15.96752, 11.6353
4898.33, 7.882809, 0.509981, 14.8348, 25.0023
4866.02, 7.921735, 0.532147, 14.93183, 10.2416
11436.34, 8.000965, 0.604898, 11.82304, 19.6918
8887.38, 8.300506, 0.786649, 13.07022, 12.0955
6290.41, 7.970297, 0.571555, 13.81796, 13.4229
7198.04, 8.189785, 0.710701, 13.62828, 13.673
5190.49, 7.984161, 0.571671, 14.6901, 12.8317
4817.35, 8.171697, 0.688181, 15.3227, 12.158
5127.0, 8.003129, 0.5826, 14.77446, 12.7656
6196.35, 8.223476, 0.729713, 14.2481, 11.8394
11966.41, 8.039426, 0.628923, 11.8004, 12.7446
8850.25, 7.990675, 0.591634, 12.61869, 12.0006
7156.25, 8.500425, 0.915485, 14.13184, 23.3308
4223.68, 8.009662, 0.582858, 15.68972, 11.9542
5453.5, 8.121078, 0.659254, 14.64919, 10.4862
5620.32, 7.850812, 0.499547, 14.14575, 10.8858
7342.82, 8.179556, 0.704441, 13.55194, 11.7487
4245.8, 7.575757, 0.373615, 15.098, 12.6451
5349.77, 8.236616, 0.733748, 14.88636, 21.2694
10666.21, 8.321646, 0.804102, 12.50386, 14.7307
4681.72, 7.820049, 0.47391, 14.98786, 12.7938
6515.65, 8.283954, 0.770645, 14.13619, 11.8672
4437.25, 7.591612, 0.380881, 14.91303, 10.0568
6026.03, 8.189111, 0.706568, 14.31071, 10.1693
4951.36, 8.040105, 0.604169, 14.9973, 13.0285
8152.47, 7.97658, 0.581312, 12.87711, 13.0361
4713.83, 7.857951, 0.494916, 14.99282, 17.6205
5901.5, 7.999178, 0.586726, 14.11882, 12.3627
4907.28, 7.964741, 0.557818, 14.94088, 12.8269
9629.88, 8.565742, 0.960908, 13.22975, 35.5701
4990.61, 7.997486, 0.578139, 14.88157, 30.4281
14361.41, 7.848474, 0.527654, 11.21793, 10.511
6108.44, 8.238901, 0.739524, 14.31221, 14.6851
13798.99, 8.274776, 0.779396, 11.91974, 11.0221
6192.85, 8.194772, 0.710936, 14.19209, 11.8665
6992.05, 8.356348, 0.819865, 13.99077, 11.7896
5815.66, 8.196391, 0.710373, 14.46589, 13.9253
6339.17, 8.133586, 0.672083, 14.01835, 12.6365
9689.66, 8.30066, 0.788407, 12.7786, 11.042
10268.24, 8.287516, 0.781019, 12.57157, 13.875
11019.12, 8.338615, 0.815859, 12.45526, 11.0529
4737.19, 7.316942, 0.278527, 14.27408, 10.3282
23579.28, 8.771883, 1.094544, 11.84971, 10.1934
8731.1, 8.263361, 0.761978, 13.06801, 18.7025
6923.52, 7.976352, 0.577446, 13.45825, 18.4728
9109.77, 8.567884, 0.961622, 13.43875, 12.5431
10816.29, 7.956317, 0.577322, 11.91993, 11.1747
5115.38, 7.950416, 0.550871, 14.71641, 15.732
6569.43, 8.029496, 0.608108, 13.74576, 11.2422
12400.72, 8.196795, 0.726976, 11.96797, 12.1577
9808.77, 8.468926, 0.898841, 12.99441, 34.3135
5842.21, 8.149296, 0.679969, 14.3819, 12.8774
5812.84, 7.859919, 0.505967, 13.97323, 47.7389
8778.68, 7.922302, 0.551913, 12.55223, 10.8804
7835.85, 8.232927, 0.740165, 13.41084, 10.1905
11800.08, 8.374521, 0.840662, 12.34485, 11.4577
4742.43, 8.418546, 0.854476, 15.766, 12.1164
5266.39, 8.078238, 0.63034, 14.75486, 10.6838
14277.56, 8.003047, 0.612747, 11.44855, 14.2982
4291.17, 7.75986, 0.45256, 15.29204, 13.3918
7250.85, 8.004879, 0.595373, 13.32445, 25.5761
6216.11, 8.338102, 0.8058, 14.4099, 11.2786
8064.75, 7.908141, 0.54175, 12.82888, 11.9938
4879.83, 8.484907, 0.899403, 15.73874, 10.6796
6535.75, 8.087805, 0.643921, 13.84646, 10.4651
12586.25, 8.0025, 0.60852, 11.61929, 53.7619
7060.69, 8.427887, 0.867491, 14.06911, 17.3411
8718.59, 7.997648, 0.595378, 12.69263, 10.4502
5562.27, 7.977848, 0.57167, 14.36711, 11.5001
6622.83, 8.022839, 0.604257, 13.71313, 11.3946
4808.54, 6.679594, 0.137542, 13.4561, 13.8718
5937.08, 8.097265, 0.647315, 14.24778, 10.3195
5390.32, 8.099336, 0.644818, 14.67372, 10.5722
5132.52, 8.269985, 0.754882, 15.15864, 12.1265
5792.33, 8.276604, 0.763204, 14.58144, 29.3964
5688.45, 8.132744, 0.668472, 14.47502, 10.2148
7412.72, 7.938206, 0.556772, 13.17623, 10.4617
10997.57, 8.214054, 0.735061, 12.26791, 11.1532
4603.85, 8.001894, 0.57906, 15.30262, 12.1665
6512.4, 8.283976, 0.770651, 14.15629, 11.6573
10787.92, 8.435097, 0.878445, 12.67905, 10.7838
11591.23, 8.050701, 0.634803, 11.87798, 14.4288
5693.36, 7.987264, 0.578276, 14.2594, 17.6241
5794.48, 8.371445, 0.826622, 14.75396, 16.2152
4943.5, 7.803263, 0.466644, 14.70646, 15.3733
8970.93, 8.113501, 0.666562, 12.75221, 14.5728
6386.79, 8.304913, 0.784196, 14.24453, 19.7557
5029.62, 7.749563, 0.452716, 14.52939, 11.2939
9939.56, 8.325253, 0.805012, 12.74147, 15.5977
13375.26, 8.136834, 0.691234, 11.77775, 12.7357
8734.27, 8.047528, 0.625318, 12.75661, 12.0123
6097.56, 8.14366, 0.677529, 14.1962, 13.7972
4650.94, 8.065116, 0.618695, 15.30644, 10.4927
10735.67, 8.24694, 0.755667, 12.34378, 15.5293
7974.33, 7.95993, 0.571057, 12.91036, 12.9024
10594.48, 8.467506, 0.899218, 12.75413, 13.502
6066.46, 8.016726, 0.598223, 14.00656, 14.6277
14996.93, 8.030834, 0.630594, 11.37164, 16.6388
3952.12, 7.624899, 0.392945, 15.40591, 10.7261
8047.58, 8.475678, 0.900614, 13.67036, 10.676
5696.13, 7.998026, 0.584751, 14.24672, 11.1334
4539.44, 7.890748, 0.51275, 15.19538, 20.3651
5447.58, 8.012781, 0.591692, 14.46992, 11.442
7514.64, 8.333943, 0.80604, 13.67103, 19.0942
9081.07, 7.944022, 0.565176, 12.42929, 12.0707
4601.26, 7.875687, 0.504398, 15.11381, 16.1241
9448.05, 8.209091, 0.728378, 12.68462, 11.9545
7736.1, 7.978714, 0.581306, 13.0383, 16.0023
6674.21, 8.093983, 0.648246, 13.74201, 11.2234
4674.05, 7.844003, 0.486983, 14.99995, 21.5847
4693.36, 7.909622, 0.524228, 15.06182, 18.1901
13260.78, 7.956791, 0.583811, 11.48338, 17.8502
5011.18, 8.071325, 0.62412, 14.95131, 10.166
5967.76, 8.331604, 0.800644, 14.53122, 13.2601
8341.82, 8.124479, 0.671794, 12.99003, 10.5947
5268.87, 7.865528, 0.503979, 14.43635, 10.2484
8768.29, 7.669935, 0.437196, 12.1345, 16.3098
6070.01, 7.480323, 0.356784, 13.24176, 11.7688
6841.23, 8.298558, 0.781167, 13.95562, 10.6143
6496.68, 8.266722, 0.759188, 14.09618, 13.9414
10872.43, 7.532968, 0.398688, 11.21851, 14.4649
4549.18, 7.228475, 0.252115, 14.33197, 11.0799
6651.43, 7.953812, 0.56334, 13.56191, 10.1305
9557.08, 8.634681, 1.003607, 13.37875, 11.0343
3822.84, 7.682525, 0.416948, 15.58944, 34.6626
4552.49, 7.829368, 0.478426, 15.10539, 13.4328
6630.23, 8.386082, 0.838855, 14.20643, 11.954
4645.48, 7.766445, 0.457367, 14.90819, 13.8173
5035.45, 8.578685, 0.961423, 15.71692, 13.1579
5263.35, 8.111168, 0.651208, 14.7721, 14.9383
6551.49, 7.962873, 0.56827, 13.62189, 23.2347
5175.5, 7.235276, 0.261758, 13.67078, 10.1002
4695.02, 7.89248, 0.514355, 15.03791, 16.653
9486.75, 8.336346, 0.811381, 12.88024, 10.6363
5127.71, 7.986153, 0.572313, 14.72707, 12.9242
4565.32, 7.902416, 0.519555, 15.18298, 16.3394
4625.61, 7.96973, 0.559539, 15.20794, 13.6591
6228.91, 8.181862, 0.702689, 14.13375, 11.5622
5031.53, 7.423593, 0.317973, 14.05989, 23.8278
5481.52, 8.277787, 0.762116, 14.82609, 18.7707
7944.29, 8.221467, 0.732934, 13.30554, 11.0138
14115.71, 8.883998, 1.145655, 12.90028, 24.486
6113.67, 8.24956, 0.746579, 14.30747, 20.378
5070.54, 8.248329, 0.740074, 15.14922, 10.0053
6458.4, 8.174648, 0.698847, 13.98131, 10.4528
22967.03, 9.074898, 1.23233, 12.48584, 11.0608
15737.2, 7.924456, 0.571806, 11.12832, 10.5113
22766.74, 9.046049, 1.221218, 12.4395, 23.1741
5304.32, 8.376922, 0.827793, 15.13445, 13.4915
5351.9, 8.053301, 0.615566, 14.61058, 11.8109
7120.83, 8.033785, 0.612421, 13.41788, 10.2443
5107.98, 8.004052, 0.583009, 14.76778, 22.1852
7732.02, 7.995645, 0.591292, 13.06959, 10.0708
7426.08, 9.237466, 1.282263, 15.44315, 10.5977
9017.99, 8.223444, 0.736647, 12.87249, 11.6599
4941.89, 8.090396, 0.635858, 15.04868, 12.0419
4509.37, 7.483984, 0.336949, 14.6838, 10.0102
3734.15, 8.078041, 0.625171, 16.16962, 13.2187
4699.8, 7.199241, 0.245291, 14.12822, 12.8719
6652.67, 8.191209, 0.710186, 13.89253, 22.9255
14141.23, 8.148289, 0.699874, 11.65321, 14.3703
7900.19, 7.985518, 0.585807, 12.97963, 11.2389
4442.92, 8.120539, 0.653731, 15.58973, 10.3532
4751.61, 7.297659, 0.273074, 14.19856, 25.2764
5669.86, 7.963689, 0.564102, 14.22172, 20.0261
4671.11, 7.80211, 0.464202, 14.95322, 11.0575
4567.2, 7.721271, 0.436262, 14.92637, 10.1679
7909.98, 8.047185, 0.622797, 13.05895, 17.3768
9179.78, 9.090502, 1.233345, 14.43046, 12.2241
5418.79, 8.116203, 0.655811, 14.64103, 11.8424
5339.06, 8.00819, 0.58774, 14.56127, 13.1357
9188.06, 7.917163, 0.550237, 12.3522, 15.3816
6207.24, 8.180376, 0.701641, 14.14462, 12.3572
4774.08, 8.043872, 0.605718, 15.1547, 10.7226
6825.98, 8.023247, 0.60516, 13.55722, 12.3886
4508.88, 8.206951, 0.710815, 15.64429, 11.0805
9919.9, 8.56906, 0.96335, 13.13559, 13.0288
6728.23, 8.402974, 0.850308, 14.17958, 10.5505
6666.44, 8.168345, 0.695455, 13.85151, 16.1807
4594.1, 7.863125, 0.497289, 15.10548, 10.1369
5502.98, 7.985146, 0.575541, 14.38544, 17.1516
27503.33, 7.903397, 0.589417, 10.00969, 18.8639
6840.65, 8.274775, 0.765433, 13.90896, 15.5956
5868.59, 8.541588, 0.939831, 14.94808, 11.3835
4570.72, 8.008518, 0.583037, 15.31216, 11.9235
5675.51, 8.184578, 0.701888, 14.52456, 12.6937
6515.03, 8.326484, 0.798893, 14.17615, 16.0789
5086.36, 7.953733, 0.552584, 14.72237, 11.0274
10860.12, 8.249325, 0.757472, 12.31453, 12.711
6223.99, 8.103119, 0.652335, 14.02167, 11.4785
4458.87, 7.987222, 0.569649, 15.39651, 10.3932
4375.75, 7.779189, 0.461686, 15.20017, 31.2559
4859.97, 7.884612, 0.510743, 14.86091, 12.2035
7554.52, 7.867993, 0.517859, 12.97455, 11.0427
7545.11, 8.168732, 0.697953, 13.40341, 13.5282
8156.55, 7.587316, 0.405867, 12.26569, 10.272
5044.0, 7.90492, 0.523771, 14.69617, 36.9715
10467.72, 8.177454, 0.710523, 12.30682, 15.4052
4341.23, 7.373145, 0.294071, 14.76304, 10.7642
4681.74, 7.774535, 0.461365, 14.87588, 11.0936
4601.6, 7.936766, 0.539762, 15.18876, 12.3975
5686.05, 8.024058, 0.600453, 14.29078, 12.3286
6523.49, 8.075485, 0.636204, 13.80055, 15.3957
8676.76, 7.223732, 0.291036, 11.50557, 21.65
30442.64, 8.928527, 1.171366, 11.58795, 10.398
5520.25, 7.958884, 0.560091, 14.33469, 10.2402
7603.24, 8.323629, 0.799382, 13.6174, 10.3993
5444.49, 8.044636, 0.611169, 14.51785, 21.764
9830.86, 8.634285, 1.003668, 13.28332, 12.741
5424.27, 8.065772, 0.624075, 14.56463, 11.5596
5517.69, 7.950622, 0.555213, 14.32558, 17.6708
7686.81, 8.358783, 0.822823, 13.63408, 11.8977
6225.3, 8.072825, 0.633393, 13.97856, 14.1884
5630.83, 8.280286, 0.764814, 14.7061, 10.2094
5073.12, 8.412466, 0.85099, 15.40506, 11.1484
11032.54, 8.059641, 0.638802, 11.97873, 11.5733
6700.9, 8.286919, 0.773109, 14.01277, 24.5101
12255.79, 8.628182, 1.002799, 12.66664, 17.8749
7966.23, 8.046561, 0.622575, 13.03666, 10.8311
4520.78, 8.354, 0.810297, 15.84445, 18.2899
5143.36, 7.997744, 0.579461, 14.72794, 15.6278
4879.14, 7.973065, 0.562653, 14.95154, 10.2214
4964.42, 8.240719, 0.734563, 15.23899, 10.0583
8206.08, 8.070053, 0.637607, 12.96446, 14.587
5281.79, 7.85659, 0.499221, 14.41238, 10.1482
5598.32, 7.911205, 0.53308, 14.21109, 12.5438
7891.01, 8.243976, 0.747504, 13.36296, 11.4835
6960.62, 8.04574, 0.619246, 13.51641, 12.1667
5527.26, 8.218561, 0.723158, 14.69698, 13.3315
5828.16, 8.169569, 0.692985, 14.39855, 14.7413
5795.0, 8.150313, 0.680375, 14.3858, 10.1445
8260.13, 7.977875, 0.582393, 12.80564, 19.537
6086.12, 8.357054, 0.818054, 14.49332, 14.5826
7120.89, 7.896889, 0.532409, 13.22737, 18.6528
7301.85, 7.965847, 0.572444, 13.2292, 27.9394
5710.02, 8.211359, 0.719615, 14.53839, 11.6397
5109.23, 7.928084, 0.537725, 14.66777, 19.5797
9575.08, 8.232496, 0.743775, 12.68026, 10.8834
4797.1, 8.03871, 0.602576, 15.12357, 22.8066
8936.7, 8.263033, 0.762206, 12.9614, 14.6591
6382.09, 8.308695, 0.786698, 14.22785, 12.7762
5451.88, 8.446652, 0.8753, 15.11841, 12.0786
5421.84, 7.884009, 0.5161, 14.32328, 10.4362
17445.24, 7.992746, 0.613895, 11.04077, 11.1039
7680.93, 8.368761, 0.829422, 13.65107, 15.5676
6588.88, 8.062666, 0.628495, 13.74445, 20.961
5310.3, 7.979051, 0.569875, 14.54276, 13.229
10895.79, 7.648171, 0.436403, 11.39133, 374.4896
5640.2, 8.600866, 0.977037, 15.22049, 10.3234
7998.34, 7.974352, 0.579542, 12.91783, 11.8337
8020.48, 8.236111, 0.742644, 13.2915, 22.7879
8124.52, 7.992942, 0.590862, 12.88828, 14.9969
8540.04, 8.264123, 0.762069, 13.12078, 12.637
7847.33, 8.257964, 0.756575, 13.4048, 10.3618
7970.6, 8.281917, 0.772578, 13.38854, 10.9841
6406.88, 8.301972, 0.782298, 14.20349, 13.3367
10692.53, 8.020239, 0.614294, 12.0147, 11.81
6958.49, 8.01585, 0.601095, 13.47678, 14.0606
6372.87, 8.175989, 0.699418, 14.03567, 17.161
5635.85, 7.688069, 0.43253, 13.86007, 11.8551
5625.39, 7.999723, 0.585261, 14.3048, 16.2688
6864.43, 8.160015, 0.690666, 13.73302, 12.8035
11066.56, 8.177821, 0.712122, 12.15307, 14.287
4530.11, 7.954905, 0.550316, 15.28458, 23.7221
4784.9, 7.59813, 0.385608, 14.53264, 10.522
5640.64, 7.570764, 0.385535, 13.68232, 13.3027
9479.45, 8.744942, 1.068643, 13.61468, 23.0313
5872.55, 9.414514, 1.335113, 16.72479, 15.6479
9872.3, 8.541676, 0.945939, 13.10346, 11.1303
5570.18, 7.957851, 0.559893, 14.3003, 16.0344
7406.79, 8.348679, 0.815598, 13.7492, 20.7344
5159.22, 7.291877, 0.276648, 13.76396, 10.0934
6423.41, 8.123338, 0.665881, 13.92952, 13.0659
4938.66, 8.01487, 0.588458, 14.94893, 10.0568
15028.34, 8.184045, 0.723912, 11.5999, 10.2926
7901.76, 7.843545, 0.505762, 12.78534, 10.5232
7194.36, 8.326068, 0.800188, 13.81566, 11.6859
9421.0, 8.405052, 0.856382, 13.01442, 32.7884
8243.11, 8.407733, 0.856189, 13.47374, 13.6532
7420.48, 8.519617, 0.9284, 14.02493, 11.781
4266.31, 7.95656, 0.550585, 15.54651, 14.4172
14176.34, 8.313968, 0.805271, 11.90452, 10.8347
6172.35, 8.210538, 0.721144, 14.21087, 10.465
7789.24, 8.198379, 0.717611, 13.33504, 10.7921
5304.89, 7.887136, 0.516492, 14.43017, 10.3643
4881.09, 7.351559, 0.290721, 14.13222, 12.1133
7311.99, 8.070975, 0.635743, 13.37234, 23.9416
10684.76, 8.050552, 0.632413, 12.05316, 12.1561
5663.03, 8.089583, 0.640908, 14.39893, 11.5389
11945.19, 8.416424, 0.868176, 12.3512, 14.7433
7559.33, 7.966124, 0.573393, 13.10892, 10.4618
10697.83, 8.408187, 0.86073, 12.62554, 14.0304
5305.83, 8.812933, 1.10211, 15.90038, 10.6234
5933.54, 7.883999, 0.520099, 13.92065, 11.4241
9413.86, 7.957247, 0.573752, 12.32322, 11.8221
4867.43, 8.534125, 0.932126, 15.80451, 10.7659
7092.21, 8.309371, 0.788905, 13.83714, 14.2136
6969.33, 8.183467, 0.706044, 13.71184, 11.5536
6124.1, 8.161944, 0.689388, 14.16894, 26.0074
5707.16, 8.413333, 0.854294, 14.85499, 19.7211
6952.76, 8.361377, 0.823125, 13.99468, 10.2023
5733.08, 8.008153, 0.591114, 14.22818, 29.45
6082.44, 8.119239, 0.661896, 14.13703, 13.5946
7790.86, 7.896409, 0.534317, 12.89825, 24.8973
5052.32, 7.969023, 0.56141, 14.77705, 17.4114
5545.42, 8.234118, 0.733566, 14.70544, 10.4251
4687.4, 7.706962, 0.430868, 14.78157, 10.877
11349.77, 7.829235, 0.509245, 11.59122, 11.9639
5344.65, 7.862474, 0.503258, 14.35125, 51.6835
5864.28, 7.962633, 0.564764, 14.07464, 10.4016
9701.36, 7.782619, 0.479974, 11.97821, 16.887
7983.24, 8.687738, 1.034017, 14.09867, 11.1074
5269.48, 7.99527, 0.579163, 14.60488, 14.4823
4130.26, 7.567318, 0.3696, 15.16991, 10.1231
6517.24, 8.043662, 0.616559, 13.7625, 10.8837
4576.99, 8.086109, 0.631855, 15.41005, 12.0793
10814.65, 7.938535, 0.567182, 11.85609, 12.0866
5928.84, 8.270758, 0.759921, 14.46663, 16.0076
5166.67, 8.030455, 0.59969, 14.74492, 26.7117
5520.4, 7.99961, 0.58438, 14.38498, 28.8601
5276.89, 7.424206, 0.322236, 13.81798, 11.7914
7341.32, 7.884099, 0.526018, 13.09977, 20.3148
7568.35, 8.34641, 0.814402, 13.66866, 10.2354
6243.08, 8.137521, 0.67422, 14.06109, 13.4792
14202.98, 7.941856, 0.577721, 11.34181, 14.1081
21169.88, 8.061984, 0.661734, 10.78952, 10.513
4954.06, 8.058779, 0.615881, 14.9931, 14.5891
6225.64, 8.11338, 0.658815, 14.03674, 10.1957
10074.78, 8.616433, 0.992998, 13.16923, 15.7119
4963.8, 7.928125, 0.536546, 14.81073, 11.1814
4465.35, 7.833361, 0.480283, 15.19927, 10.0589
5978.09, 8.213837, 0.722526, 14.34548, 21.272
4773.41, 8.043476, 0.605468, 15.15463, 13.7713
5612.85, 8.208318, 0.717031, 14.61131, 11.3368
17362.99, 8.674556, 1.035521, 12.17759, 11.9394
15784.39, 7.586059, 0.431927, 10.58831, 11.3896
6639.0, 7.954142, 0.563489, 13.56809, 14.1786
5247.08, 8.326335, 0.793389, 15.10604, 20.4234
5401.69, 8.020908, 0.596162, 14.52207, 13.9292
6370.78, 8.027924, 0.606395, 13.82702, 11.1222
11991.87, 8.630416, 1.003846, 12.71635, 18.127
5483.37, 8.049059, 0.614273, 14.49019, 12.6567
4891.39, 8.039642, 0.603568, 15.03043, 15.0182
6300.29, 8.496484, 0.911369, 14.5816, 10.0452
5067.95, 8.443437, 0.871879, 15.45845, 10.1078
5196.47, 8.012877, 0.589145, 14.69774, 10.7974
8493.24, 7.641896, 0.426543, 12.20805, 13.9369
7132.48, 8.142315, 0.680058, 13.56889, 11.6602
12260.26, 8.415328, 0.867954, 12.30374, 14.9978
5170.54, 7.930269, 0.539577, 14.60981, 12.4475
4917.34, 8.225589, 0.724277, 15.26343, 11.2393
4634.15, 7.985535, 0.56915, 15.21744, 10.1993
5881.31, 8.197513, 0.711423, 14.39009, 11.9753
6207.62, 8.461685, 0.888147, 14.58116, 23.6442
5029.54, 7.853705, 0.494805, 14.65002, 16.86
4849.1, 7.937919, 0.541538, 14.93935, 16.8912
10178.22, 8.691689, 1.038511, 13.28551, 10.2307
8029.79, 8.176355, 0.703971, 13.19999, 11.6456
5034.43, 7.94338, 0.546047, 14.76131, 11.9518
4589.17, 7.921511, 0.530744, 15.18446, 19.8934
15607.52, 8.039908, 0.637264, 11.31195, 11.0256
4582.71, 7.797668, 0.461431, 15.03463, 12.032
7557.04, 7.884593, 0.526999, 12.99916, 17.432
7463.9, 8.132051, 0.674368, 13.39067, 14.6566
4754.62, 8.024181, 0.593359, 15.14885, 11.5394
5689.36, 8.22523, 0.728627, 14.57566, 20.4707
7550.96, 8.542322, 0.943279, 14.00385, 10.2859
7166.56, 8.359782, 0.8225, 13.88278, 11.8936
7336.39, 7.990042, 0.586792, 13.24831, 17.9074
11330.03, 8.259286, 0.764887, 12.22263, 14.5827
4867.72, 8.051058, 0.610608, 15.07075, 15.1483
6265.53, 8.08366, 0.640308, 13.96956, 10.0267
5353.44, 8.065548, 0.623205, 14.62658, 10.9566
4666.42, 7.726208, 0.439219, 14.82878, 10.7393
6711.18, 8.246558, 0.746504, 13.92932, 65.4097
8259.74, 8.059509, 0.631295, 12.92745, 10.2935
7579.43, 8.047496, 0.622059, 13.20945, 15.9855
5186.71, 7.95354, 0.553379, 14.62652, 14.3501
13406.23, 8.439907, 0.885526, 12.18727, 10.8753
4483.09, 7.932427, 0.536813, 15.3032, 13.108
15709.33, 8.293562, 0.794657, 11.69002, 13.4779
6461.05, 8.242188, 0.742904, 14.08192, 13.0233
31811.03, 8.739419, 1.083088, 11.11755, 11.8699
5768.09, 8.029582, 0.604371, 14.23568, 12.279
8991.89, 8.116866, 0.668717, 12.71423, 11.5429
5000.06, 8.10571, 0.645958, 15.01393, 12.7298
11832.79, 7.841619, 0.517099, 11.50616, 22.8656
10980.7, 8.388251, 0.848203, 12.50838, 15.3318
4750.0, 8.091255, 0.635664, 15.24138, 11.0337
5576.36, 8.162534, 0.68691, 14.57528, 11.5376
14313.95, 8.370409, 0.841932, 11.97752, 10.7547
9792.05, 7.621117, 0.423705, 11.66946, 12.4273
6455.29, 8.201689, 0.716374, 14.02404, 11.4614
5529.56, 7.817352, 0.480718, 14.14524, 10.0517
5037.16, 7.902329, 0.522227, 14.70409, 13.3934
7142.59, 8.374929, 0.832508, 13.9176, 13.4789
5807.93, 8.036232, 0.608684, 14.21501, 10.4658
4989.21, 7.622951, 0.397578, 14.3531, 11.7979
7069.66, 8.325931, 0.799835, 13.87611, 10.7016
7375.8, 7.923417, 0.548202, 13.13904, 11.4127
21075.28, 7.89071, 0.566887, 10.54133, 12.3145
4713.65, 7.95755, 0.552554, 15.10277, 10.4106
4951.46, 7.763285, 0.458175, 14.5861, 12.0843
9676.27, 8.349064, 0.820099, 12.83469, 15.783
4899.87, 8.172757, 0.68914, 15.19165, 155.2373
4616.61, 8.08405, 0.630649, 15.36719, 10.8359
6135.72, 8.105356, 0.65336, 14.08048, 26.2899
6032.4, 8.101321, 0.650334, 14.1471, 13.844
3782.98, 7.609257, 0.385853, 15.53529, 14.3929
9712.62, 8.277654, 0.773425, 12.70718, 11.6849
4309.09, 7.742158, 0.444238, 15.21803, 14.7761
9063.65, 8.454808, 0.888469, 13.23187, 15.6723
6560.79, 8.066648, 0.630859, 13.76245, 12.8781
6581.21, 8.309532, 0.787792, 14.11452, 12.2146
5221.38, 8.099604, 0.643509, 14.79527, 16.0965
4570.55, 7.61361, 0.390662, 14.77954, 13.5965
7845.95, 8.063117, 0.632356, 13.11204, 16.6673
5118.1, 7.86335, 0.501002, 14.57519, 12.6044
5538.82, 8.199565, 0.710762, 14.65908, 10.6072
6741.2, 7.935687, 0.553159, 13.48695, 17.1503
7030.42, 7.873513, 0.519133, 13.25326, 10.3972
4589.09, 8.193003, 0.701704, 15.54383, 16.1771
4872.72, 7.941612, 0.543853, 14.9214, 12.8255
5007.98, 8.072187, 0.624646, 14.95751, 27.5967
8172.84, 8.300928, 0.785513, 13.33068, 16.1852
23164.92, 8.067464, 0.669093, 10.62578, 13.647
5259.61, 8.631048, 0.995036, 15.60472, 11.9853
6896.56, 7.968026, 0.572465, 13.44456, 10.3038
4891.45, 7.977724, 0.565532, 14.94945, 15.8366
5186.9, 7.944272, 0.547925, 14.61526, 12.1044
4779.2, 7.91654, 0.528644, 14.98211, 20.1854
5286.02, 8.409475, 0.849666, 15.20278, 11.0179
4761.76, 7.261883, 0.263253, 14.14009, 12.5412
4997.6, 7.874921, 0.506334, 14.70832, 11.9849
5051.62, 8.377592, 0.827333, 15.36666, 11.2459
6541.41, 8.050174, 0.620638, 13.7564, 10.0202
7669.33, 8.304767, 0.787038, 13.55661, 13.4209
6103.18, 8.406319, 0.851019, 14.55851, 11.7896
6311.19, 8.0764, 0.635968, 13.93078, 12.1788
6424.31, 8.269156, 0.760586, 14.14431, 12.0268
6221.6, 8.378674, 0.832901, 14.43295, 11.3529
6192.36, 8.390259, 0.840552, 14.47612, 11.6359
5031.01, 7.789771, 0.471365, 14.54298, 10.9868
7244.36, 8.368077, 0.828156, 13.85637, 19.8456
7498.77, 7.483662, 0.366824, 12.41567, 11.2628
8788.4, 8.209284, 0.726961, 12.9321, 13.7288
6293.75, 8.135922, 0.673399, 14.02662, 11.5941
8704.39, 8.829552, 1.114323, 14.06317, 12.735
4513.4, 7.896886, 0.516187, 15.2258, 11.8602
5733.1, 8.242467, 0.74025, 14.56712, 11.247
4595.4, 7.151869, 0.230557, 14.19246, 12.148
5928.39, 7.870312, 0.512468, 13.90745, 11.2646
4558.27, 7.855406, 0.492831, 15.13176, 13.7402
5875.02, 8.154372, 0.683399, 14.33191, 10.4733
5637.64, 8.114353, 0.656406, 14.45517, 11.125
5060.48, 8.007094, 0.584502, 14.81953, 14.1506
4616.78, 7.893991, 0.514895, 15.12272, 39.4224
6771.01, 8.022533, 0.604557, 13.58595, 11.917
6410.16, 8.472489, 0.895776, 14.47553, 15.4301
5681.87, 8.064357, 0.625252, 14.34697, 15.4191
5909.76, 8.287435, 0.770938, 14.49786, 39.4831
5527.38, 7.946237, 0.552729, 14.31357, 11.1145
6445.01, 7.9876, 0.582451, 13.72141, 48.3188
6202.94, 8.2799, 0.766996, 14.29358, 23.5923
6959.75, 8.16173, 0.692021, 13.68732, 12.6351
10281.86, 8.057063, 0.63528, 12.18239, 11.5206
7996.96, 7.92398, 0.550482, 12.84476, 15.0635
5297.49, 8.11456, 0.65365, 14.77447, 13.8056
5546.61, 7.677181, 0.427228, 13.91245, 12.6193
4422.96, 7.018367, 0.191664, 14.25615, 12.6372
12907.54, 8.892944, 1.149279, 13.07079, 12.8887
4929.9, 7.892581, 0.515772, 14.7986, 12.3841
8560.53, 8.067232, 0.636853, 12.81238, 12.1246
4734.34, 8.016149, 0.588303, 15.15651, 10.5515
4254.33, 8.103399, 0.642241, 15.74742, 15.8671
4449.67, 8.155211, 0.676402, 15.6304, 11.0337
8722.4, 8.010617, 0.60309, 12.66213, 14.428
5862.61, 8.216913, 0.724047, 14.43336, 13.8395
4877.49, 8.369875, 0.821706, 15.52082, 11.8414
6190.44, 8.431878, 0.868296, 14.54404, 11.302
5367.06, 8.107163, 0.649557, 14.67375, 27.5719
10802.43, 8.831239, 1.116653, 13.37991, 16.8999
6292.16, 8.345771, 0.811144, 14.34226, 11.5821
4550.91, 7.796807, 0.471239, 15.04195, 11.421
5029.88, 7.399047, 0.308925, 14.03313, 10.501
6275.75, 8.476222, 0.897939, 14.56308, 21.4487
4800.23, 7.818525, 0.473735, 14.84006, 16.2295
6497.64, 8.516646, 0.925012, 14.49603, 11.5646
5652.31, 8.110366, 0.653972, 14.43824, 10.0507
10318.7, 8.310614, 0.796197, 12.57179, 13.9715
6223.82, 8.329198, 0.799883, 14.35916, 12.6825
4604.96, 7.980181, 0.565795, 15.24132, 22.9258
4233.64, 7.498247, 0.341577, 14.98442, 10.1189
7873.17, 8.093242, 0.651042, 13.1412, 10.9159
7277.25, 7.98534, 0.583831, 13.27461, 12.4632
10256.82, 8.322582, 0.803896, 12.60579, 12.4468
6024.0, 7.88315, 0.520197, 13.85906, 12.0808
4576.64, 8.062575, 0.616867, 15.37678, 11.3275
17581.92, 7.89702, 0.561383, 10.89779, 13.8293
5261.59, 8.00308, 0.583807, 14.62301, 18.1828
6375.85, 8.210565, 0.721899, 14.08447, 11.7371
7346.55, 8.08461, 0.644287, 13.37859, 11.6651
9107.37, 8.354505, 0.822588, 13.05024, 10.1691
11219.72, 8.055912, 0.637026, 11.94266, 10.3218
5629.46, 7.881967, 0.516826, 14.14662, 10.2516
5199.95, 8.333463, 0.79799, 15.15962, 11.1477
6098.88, 8.050877, 0.619238, 14.03637, 15.1301
7867.21, 8.151943, 0.687981, 13.23692, 10.8139
23155.11, 8.882229, 1.150168, 12.06612, 16.3241
9468.76, 8.60296, 0.983991, 13.34984, 13.7003
4883.95, 7.933022, 0.538861, 14.89364, 35.8329
4982.38, 8.08428, 0.632169, 14.99827, 11.1539
4089.56, 7.718441, 0.432892, 15.40173, 12.5797
4831.45, 8.550414, 0.942786, 15.86481, 13.1549
8865.28, 8.4895, 0.910871, 13.36816, 10.9152
8422.98, 8.523359, 0.932246, 13.6086, 10.7653
5525.9, 7.942654, 0.550624, 14.31043, 13.4338
6581.2, 8.198717, 0.714843, 13.94599, 11.7089
8102.18, 8.526227, 0.933657, 13.73326, 14.413
5419.16, 7.997093, 0.581908, 14.4733, 14.0684
4514.16, 7.80889, 0.476996, 15.09686, 12.1258
6587.61, 8.132315, 0.672151, 13.85406, 10.4035
4906.33, 7.915614, 0.528848, 14.85158, 12.0251
6508.58, 7.900531, 0.532298, 13.57097, 15.9715
6033.82, 8.267942, 0.758455, 14.3974, 11.4014
13657.42, 7.997304, 0.60798, 11.50974, 10.2398
5415.17, 8.478976, 0.896745, 15.20302, 10.3261
4647.56, 7.957385, 0.552197, 15.16857, 16.0783
4517.36, 7.805953, 0.465594, 15.11236, 15.7229
12370.71, 8.097107, 0.66469, 11.79149, 16.9037
4549.27, 7.861686, 0.49631, 15.14957, 26.898
6650.69, 8.018086, 0.601478, 13.64751, 15.5488
9877.37, 8.253833, 0.758274, 12.60925, 10.8834
4955.27, 8.08502, 0.632497, 15.02927, 16.5494
9200.98, 7.909613, 0.546036, 12.34857, 16.3222
9940.75, 7.647705, 0.433569, 11.66489, 10.7056
5774.59, 7.90209, 0.529218, 14.06086, 15.9096
9854.73, 7.946924, 0.569123, 12.15551, 13.0194
24391.99, 8.384186, 0.864844, 11.05378, 10.6462
6514.4, 8.032786, 0.60991, 13.74767, 13.711
9543.16, 7.928012, 0.557423, 12.233, 14.4449
5903.88, 8.131294, 0.668735, 14.27925, 11.3538
5638.34, 8.146977, 0.677288, 14.50073, 18.3365
5787.62, 7.930366, 0.545471, 14.08412, 11.2768
15173.06, 8.046597, 0.640274, 11.37347, 15.3453
7260.73, 8.689812, 1.034575, 14.40225, 14.7771
4811.3, 7.870949, 0.502719, 14.89331, 18.2795
6370.5, 8.661303, 1.016281, 14.82738, 11.8013
7180.85, 8.259666, 0.756277, 13.72807, 10.2131
7392.94, 8.496231, 0.913091, 13.99839, 14.2481
19752.01, 8.049957, 0.651768, 10.89703, 15.4357
6594.37, 8.118825, 0.663619, 13.81836, 20.8413
9081.46, 8.124887, 0.673966, 12.72842, 11.104
5076.77, 8.169736, 0.687942, 15.03082, 15.4352
5739.3, 8.030044, 0.604469, 14.26703, 11.1815
4911.32, 8.531605, 0.930523, 15.76432, 11.6798
5324.55, 7.966378, 0.562499, 14.52521, 13.0765
4898.89, 7.987423, 0.571447, 14.95273, 15.2689
6983.53, 8.453564, 0.884351, 14.1264, 13.1712
6319.64, 8.081273, 0.639036, 13.93249, 10.0249
8235.59, 8.334649, 0.807891, 13.35874, 15.5237
5082.08, 8.062452, 0.618988, 14.87423, 17.7419
6354.5, 8.082502, 0.639939, 13.91214, 10.8864
5949.15, 8.264615, 0.755923, 14.4452, 21.8045
21572.41, 7.96194, 0.606154, 10.60177, 18.1656
4061.68, 7.756997, 0.450494, 15.47172, 49.0191
6603.34, 8.209292, 0.721795, 13.94762, 23.1769
5766.72, 8.301898, 0.779949, 14.62961, 24.1696
11226.93, 8.184709, 0.716854, 12.12762, 11.7761
7210.66, 8.438221, 0.874592, 13.98835, 11.1058
9808.29, 8.658713, 1.018466, 13.3357, 11.8127
8739.74, 8.087592, 0.649865, 12.77341, 10.4719
5376.93, 8.137742, 0.669206, 14.70901, 14.7186
6377.81, 8.098753, 0.650198, 13.92145, 13.5207
32616.37, 8.175853, 0.754766, 10.05716, 11.4019
7686.84, 8.229883, 0.737857, 13.43266, 13.1626
6031.79, 8.52805, 0.931454, 14.80961, 15.0517
13836.12, 7.940162, 0.57587, 11.38894, 11.1369
11265.71, 8.078844, 0.651038, 11.96147, 10.5782
10047.05, 8.240059, 0.749717, 12.53578, 14.3834
4946.18, 7.80199, 0.465992, 14.6736, 10.0449
4939.52, 8.05588, 0.61398, 15.00196, 26.6772
5683.52, 8.340804, 0.805585, 14.75751, 11.0348
12154.96, 8.08747, 0.658341, 11.79818, 21.7047
4849.87, 7.902275, 0.520777, 14.88983, 11.3457
6661.12, 7.953959, 0.56346, 13.54939, 20.2981
7393.15, 8.396698, 0.847412, 13.83103, 17.5227
6353.07, 8.230436, 0.734837, 14.1273, 14.5258
5173.05, 7.857601, 0.498411, 14.51538, 16.8352
9933.47, 7.998318, 0.599204, 12.20028, 21.7841
4685.79, 8.141991, 0.668314, 15.38367, 10.2109
7460.23, 8.027302, 0.609459, 13.24558, 14.8906
6577.87, 7.920592, 0.543929, 13.56109, 46.723
6042.41, 8.47888, 0.899119, 14.71876, 18.9123
5366.42, 8.117801, 0.656328, 14.68911, 12.7401
9165.4, 8.210347, 0.728529, 12.79916, 10.3586
4605.25, 7.639457, 0.401465, 14.77594, 12.5252
6991.98, 8.388712, 0.841368, 14.01739, 10.3208
6573.42, 8.021926, 0.603532, 13.69927, 10.595
7301.05, 8.02494, 0.607577, 13.31655, 16.2065
4666.07, 7.698086, 0.426893, 14.79253, 11.1156
5633.16, 8.493862, 0.907586, 15.0563, 10.0083
8283.8, 8.351808, 0.819315, 13.37471, 10.0856
5434.42, 7.952368, 0.555462, 14.40136, 11.5516
6333.25, 8.303407, 0.783037, 14.25095, 12.3987
7607.24, 8.402175, 0.85142, 13.74211, 12.1302
16835.5, 9.189589, 1.269652, 13.28027, 16.1656
7722.54, 7.988649, 0.587121, 13.0629, 12.8502
4841.11, 8.561625, 0.95012, 15.87179, 13.6398
9165.1, 8.337065, 0.811225, 13.00022, 11.7106
13707.98, 7.855884, 0.529781, 11.30379, 10.2437
4747.55, 7.834382, 0.482058, 14.92141, 11.3022
5361.42, 8.133554, 0.666373, 14.72292, 12.4929
6145.24, 8.328199, 0.798966, 14.41512, 12.3809
4206.65, 7.614621, 0.38943, 15.15166, 12.9507
6567.32, 7.825356, 0.491405, 13.43775, 19.4295
7108.66, 8.59293, 0.974923, 14.29787, 55.2676
10669.19, 7.914424, 0.553192, 11.87476, 13.5324
6809.26, 8.16376, 0.692918, 13.76785, 14.0403
6798.26, 8.220036, 0.729359, 13.85585, 16.1633
4545.1, 7.738618, 0.444171, 14.97195, 17.0343
9608.96, 8.480082, 0.905795, 13.07536, 24.8797
5300.07, 7.287977, 0.277792, 13.62295, 17.1337
9164.63, 8.261467, 0.761681, 12.87457, 16.1259
5294.38, 8.014443, 0.59106, 14.616, 10.4969
6148.49, 8.268235, 0.759067, 14.31037, 25.6379
6186.92, 8.529629, 0.932847, 14.70908, 19.827
8546.98, 8.368673, 0.83092, 13.28717, 14.4119
6086.96, 8.378564, 0.832433, 14.52472, 13.2012
4967.46, 7.927968, 0.536482, 14.80717, 12.9729
7473.7, 8.23078, 0.737983, 13.54256, 11.4834
11327.3, 7.990934, 0.59875, 11.83059, 10.6647
7036.34, 8.265434, 0.759743, 13.81009, 11.3102
6278.96, 8.195899, 0.711996, 14.12327, 14.6541
5529.65, 7.853642, 0.500301, 14.19896, 10.6907
8711.92, 8.546364, 0.947433, 13.53267, 11.001
6055.04, 7.124017, 0.250911, 12.76411, 10.0912
4963.27, 7.983865, 0.569687, 14.88235, 10.3589
22669.18, 7.937117, 0.595372, 10.4709, 12.3998
6247.57, 8.102398, 0.651979, 14.00659, 12.2051
4991.7, 7.808044, 0.469651, 14.63058, 10.7913
9203.61, 8.112248, 0.666378, 12.62746, 12.82
5690.32, 8.211812, 0.719801, 14.56346, 10.6267
5263.33, 7.871532, 0.507237, 14.45572, 10.4262
7605.17, 8.542975, 0.943773, 13.98001, 21.6479
4999.94, 7.968772, 0.560861, 14.82815, 19.2109
4596.24, 7.79532, 0.460239, 15.01967, 11.7996
12354.19, 8.548144, 0.953523, 12.50775, 11.3757
5632.98, 7.89932, 0.52661, 14.16649, 17.1744
4520.93, 7.831906, 0.479692, 15.13961, 11.9743
4422.5, 7.768577, 0.457077, 15.14625, 10.8705
5107.89, 8.119266, 0.655312, 14.92923, 12.8342
7245.17, 8.316277, 0.793804, 13.77444, 16.4773
9021.78, 8.272022, 0.768262, 12.94534, 12.9864
13195.93, 8.036764, 0.630074, 11.60763, 14.112
7047.15, 8.341247, 0.809951, 13.91151, 14.5131
6582.03, 7.844767, 0.501856, 13.46436, 12.8773
4892.08, 7.910717, 0.525915, 14.86763, 10.3952
11264.05, 8.747433, 1.07162, 13.10181, 11.3509
4679.78, 7.893349, 0.514786, 15.04951, 55.1048
4280.51, 7.781604, 0.462756, 15.29255, 54.9675
5454.76, 8.004483, 0.586733, 14.4618, 15.1917
11165.58, 8.282705, 0.779728, 12.30576, 14.176
4670.93, 7.801525, 0.474175, 14.93707, 11.1406
7265.95, 7.913247, 0.542082, 13.1876, 10.9381
5339.2, 8.093154, 0.640411, 14.67593, 29.0827
10510.22, 8.216811, 0.73576, 12.37206, 10.6482
6251.24, 8.10324, 0.652524, 14.01441, 12.1792
5648.97, 7.265246, 0.278917, 13.28591, 10.5644
6078.35, 8.082948, 0.639027, 14.09831, 12.0898
4622.54, 8.098884, 0.640179, 15.38123, 17.7127
5620.66, 8.112139, 0.654884, 14.47323, 13.3166
5021.62, 7.880754, 0.50983, 14.69077, 22.4465
8135.6, 8.46493, 0.893692, 13.61208, 15.8734
7209.47, 8.263562, 0.758905, 13.71805, 12.3021
6719.2, 8.362778, 0.823544, 14.12911, 13.1777
11818.65, 7.916907, 0.557799, 11.62359, 11.0273
5146.11, 7.907482, 0.526175, 14.61088, 11.4035
7816.56, 8.831227, 1.114606, 14.41897, 36.2061
10199.88, 8.627355, 0.999837, 13.15367, 21.4247
7010.49, 8.15826, 0.689929, 13.65386, 12.3543
8171.3, 8.06859, 0.636612, 12.97904, 15.4248
12160.81, 8.118663, 0.677513, 11.86057, 11.3631
4557.21, 7.972569, 0.561028, 15.28053, 22.6242
8364.25, 8.085726, 0.647698, 12.93134, 10.914
4740.43, 7.81072, 0.479131, 14.86546, 33.7238
6298.7, 7.906954, 0.535003, 13.71833, 10.3021
6400.89, 7.752784, 0.461534, 13.44267, 10.9978
6216.34, 7.993734, 0.58513, 13.88623, 10.5567
4897.15, 7.937698, 0.541694, 14.89785, 11.5038
5373.79, 8.067608, 0.624699, 14.61137, 16.0833
7994.82, 7.867136, 0.518823, 12.77025, 18.836
4997.19, 7.893213, 0.516678, 14.7289, 27.0451
7595.38, 8.280981, 0.771189, 13.55305, 17.0037
7490.74, 8.187013, 0.709593, 13.45733, 16.0492
6366.28, 8.391787, 0.842041, 14.37751, 12.7253
12098.73, 8.694713, 1.042289, 12.83025, 10.3892
7319.24, 8.478138, 0.901101, 14.01202, 10.3138
7782.35, 8.171734, 0.70043, 13.31089, 10.7679
8549.4, 8.21332, 0.729011, 13.04852, 13.0399
6225.69, 8.1976, 0.712904, 14.16532, 13.3754
5309.5, 8.140628, 0.670493, 14.78015, 13.28
6661.46, 8.216297, 0.726537, 13.93548, 13.3507
14619.03, 7.948994, 0.582727, 11.31154, 12.4244
5499.16, 8.112997, 0.654516, 14.57522, 12.7441
14506.19, 8.118012, 0.681916, 11.57918, 10.0116
6176.22, 8.4174, 0.858614, 14.53714, 11.1753
7093.29, 7.846488, 0.504627, 13.18372, 24.0178
5694.61, 7.988501, 0.579025, 14.236, 32.0599
5734.24, 7.999754, 0.586054, 14.22823, 10.6452
11732.41, 8.318786, 0.804263, 12.23177, 26.8988
11504.0, 7.998342, 0.603533, 11.80281, 11.5971
5299.77, 8.127452, 0.66193, 14.77028, 11.3564
7948.09, 8.386193, 0.841451, 13.57228, 10.7451
8841.33, 8.412684, 0.860446, 13.24129, 13.6796
13037.87, 8.017327, 0.618242, 11.59845, 11.9683
8860.56, 7.982031, 0.586581, 12.57084, 10.7616
5977.78, 7.986143, 0.579363, 14.01973, 26.9705
7781.86, 8.30452, 0.7871, 13.50406, 11.6064
5508.15, 7.940851, 0.549421, 14.32935, 12.6131
6594.19, 8.25712, 0.753131, 14.02657, 10.641
4896.51, 7.990366, 0.573221, 14.95965, 12.0827
6585.77, 8.197774, 0.714244, 13.94312, 21.3056
8692.68, 8.010048, 0.602667, 12.67711, 10.449
6079.61, 8.065759, 0.628336, 14.06511, 12.5602
7843.56, 7.927721, 0.552129, 12.92386, 10.9467
5149.17, 8.073479, 0.626411, 14.82548, 10.1736
8229.51, 8.332915, 0.806735, 13.35809, 11.4131
7287.73, 8.231294, 0.737909, 13.62416, 10.4055
5297.23, 8.117355, 0.655435, 14.74866, 16.7671
5589.4, 8.705743, 1.041442, 15.45851, 15.6229
5614.46, 8.279112, 0.763931, 14.71704, 11.2892
8403.51, 8.510606, 0.923949, 13.58884, 17.5244
4464.03, 7.618102, 0.391953, 14.89536, 11.9795
14741.41, 8.014098, 0.620231, 11.37636, 14.9807
18021.29, 7.994991, 0.616439, 10.98385, 13.0814
4881.28, 7.870365, 0.502839, 14.82032, 13.4463
7629.33, 8.797695, 1.096476, 14.43725, 12.0492
5789.44, 8.23259, 0.734014, 14.51129, 10.9529
5662.61, 7.92974, 0.54423, 14.18151, 16.0648
5195.56, 8.4153, 0.853267, 15.29547, 11.4316
8512.96, 7.993413, 0.592281, 12.72647, 11.0
12187.03, 8.547196, 0.952706, 12.53289, 18.1954
8272.92, 8.121752, 0.669902, 13.01051, 12.7901
4926.85, 8.090699, 0.63598, 15.06287, 11.6628
18775.77, 8.004246, 0.623363, 10.92446, 10.8978
11006.35, 6.362689, 0.386584, 8.33554, 14.0329
10020.71, 7.923342, 0.556241, 12.06341, 10.9951
7565.78, 8.359802, 0.823271, 13.69215, 11.9539
4275.44, 7.80809, 0.475534, 15.33965, 10.4194
5490.89, 7.880416, 0.514759, 14.25888, 11.4419
5033.74, 8.055228, 0.614128, 14.91152, 13.9547
6668.21, 8.187792, 0.708018, 13.88136, 10.2682
9841.98, 8.004957, 0.602863, 12.24607, 10.2599
5940.28, 8.001145, 0.58813, 14.06884, 11.6213
4853.81, 8.031173, 0.598116, 15.05591, 12.8341
6729.5, 8.120052, 0.66482, 13.73413, 106.339
5259.57, 7.940445, 0.546482, 14.54218, 12.8131
5902.56, 8.146267, 0.678317, 14.29966, 17.021
4499.7, 7.875435, 0.503884, 15.21551, 18.1742
6530.2, 7.989199, 0.583733, 13.67702, 16.3698
4097.36, 7.996779, 0.57466, 15.75702, 12.4485
9122.8, 8.312622, 0.79508, 12.97162, 14.1675
8520.46, 8.183218, 0.709546, 13.00892, 14.8318
7984.12, 8.365752, 0.827992, 13.51714, 14.9753
9392.41, 8.422102, 0.867526, 13.05808, 13.7078
7473.9, 7.632121, 0.419107, 12.65337, 28.4737
4961.24, 8.031099, 0.598623, 14.94983, 10.2068
22942.3, 8.355697, 0.844894, 11.10987, 12.1649
4647.63, 7.877766, 0.505764, 15.06789, 21.4946
6282.54, 8.06803, 0.630656, 13.93631, 16.3763
6826.44, 8.228419, 0.734914, 13.85393, 13.1438
5989.3, 8.31566, 0.790069, 14.49145, 27.2791
4738.62, 7.805861, 0.476702, 14.86367, 10.4554
6366.13, 8.333689, 0.803297, 14.27604, 19.6804
7274.66, 8.280023, 0.769894, 13.69929, 17.9535
5252.02, 8.119896, 0.65671, 14.79446, 11.5239
7020.35, 8.178071, 0.702692, 13.67801, 12.3016
5383.01, 8.15748, 0.682007, 14.73117, 11.8381
5802.59, 8.100273, 0.648512, 14.31602, 10.3744
5286.25, 7.785784, 0.47181, 14.29269, 13.7977
5318.28, 8.034828, 0.603799, 14.61495, 10.6967
8901.41, 7.923792, 0.553122, 12.46639, 17.5656
16265.49, 7.915902, 0.568385, 11.04403, 199.6911
5356.93, 7.591902, 0.389595, 13.95836, 10.9023
4478.46, 7.879359, 0.50604, 15.24295, 21.0524
5837.82, 7.426688, 0.33449, 13.33699, 14.0136
5136.09, 8.089847, 0.636681, 14.86651, 10.0233
8592.51, 8.012948, 0.604111, 12.7329, 11.247
6931.09, 8.414457, 0.858346, 14.09938, 10.0205
6380.99, 8.246845, 0.745722, 14.13592, 11.1092
6440.16, 7.877683, 0.519265, 13.59049, 10.3722
4694.88, 8.145763, 0.670806, 15.38246, 10.529
4860.21, 7.636411, 0.402052, 14.50598, 10.8049
7055.8, 8.235022, 0.739809, 13.73924, 25.1671
7088.56, 8.300697, 0.783153, 13.83715, 10.3053
14777.53, 8.100945, 0.672051, 11.50153, 14.1535
5608.74, 8.171815, 0.693155, 14.56179, 10.7242
8469.04, 8.26997, 0.765751, 13.15608, 15.1978
4678.07, 8.001306, 0.578949, 15.19384, 13.6668
6858.54, 8.305527, 0.785827, 13.96319, 10.1987
6340.93, 8.8249, 1.110117, 15.15849, 10.3877
8105.31, 7.953753, 0.567878, 12.83809, 19.0008
4529.9, 7.819673, 0.473054, 15.12745, 10.0654
5287.24, 7.924561, 0.537591, 14.50448, 10.442
14098.93, 8.057606, 0.644472, 11.52242, 25.4208
4970.51, 7.818517, 0.475059, 14.66342, 18.6717
13106.34, 8.01011, 0.614165, 11.58775, 18.6001
10586.2, 8.455672, 0.89151, 12.74388, 12.6245
4668.79, 7.923839, 0.53241, 15.10595, 17.1555
5911.21, 8.139081, 0.673749, 14.29309, 12.0347
5946.83, 8.168191, 0.692651, 14.30146, 16.1104
4155.26, 7.864703, 0.496831, 15.54865, 11.0259
10017.38, 8.031538, 0.619178, 12.22196, 14.9905
6283.54, 7.943903, 0.556096, 13.76738, 12.287
6706.03, 8.311387, 0.789343, 14.04553, 24.8781
17078.35, 8.006655, 0.621054, 11.09448, 27.9765
7599.91, 8.072038, 0.637176, 13.24044, 10.1705
8833.53, 8.016488, 0.606906, 12.6267, 17.1889
6259.64, 8.220779, 0.728178, 14.17171, 10.1095
5612.72, 8.133045, 0.668168, 14.5016, 12.9563
7497.69, 8.025203, 0.608299, 13.21636, 21.4213
7095.46, 8.1411, 0.679188, 13.58216, 17.4199
6206.61, 8.19435, 0.710715, 14.1561, 21.2813
7921.78, 7.880144, 0.525721, 12.82298, 11.551
4878.16, 7.805376, 0.467218, 14.74172, 13.2212
9481.64, 8.115686, 0.669227, 12.53396, 10.4757
10677.7, 8.303653, 0.792383, 12.45243, 14.0294
7656.63, 8.374205, 0.832984, 13.67345, 11.8876
5260.52, 7.910852, 0.529384, 14.50244, 13.7487
27903.71, 8.559509, 0.977379, 11.06335, 10.6787
5285.98, 7.986712, 0.574189, 14.57956, 13.7013
6186.21, 8.201114, 0.715042, 14.17486, 89.1121
5431.37, 8.088957, 0.638675, 14.59039, 15.3848
6690.13, 8.055166, 0.624209, 13.67889, 11.3699
5064.55, 7.688966, 0.426515, 14.37034, 15.3687
10858.58, 7.373293, 0.3483, 10.96317, 11.5299
5516.66, 8.125689, 0.662751, 14.57933, 11.3811
4057.43, 7.537717, 0.357047, 15.20381, 14.161
4736.06, 7.81133, 0.479372, 14.87337, 13.2355
5579.5, 8.155193, 0.682184, 14.56934, 10.0916
5225.37, 8.210018, 0.715336, 14.94822, 15.5751
6999.12, 8.182208, 0.705308, 13.69487, 12.6236
6538.22, 8.248176, 0.747077, 14.05056, 11.9444
9237.08, 8.312137, 0.794993, 12.92816, 16.6343
5854.63, 8.214844, 0.722651, 14.43282, 24.3209
11405.51, 8.058702, 0.639169, 11.90136, 14.3966
4393.87, 7.825639, 0.475805, 15.26239, 22.0516
9057.75, 8.321452, 0.800751, 13.02136, 11.1401
8527.26, 7.847331, 0.509802, 12.53068, 10.1253
5215.24, 7.847403, 0.493323, 14.47133, 10.3645
5619.78, 7.936487, 0.547802, 14.22328, 16.532
23011.9, 9.224231, 1.281634, 12.8144, 10.7272
5875.33, 8.151526, 0.681568, 14.33725, 11.9054
17409.56, 7.907004, 0.56631, 10.91504, 16.5514
11089.44, 8.792945, 1.096509, 13.21899, 40.4586
6772.46, 8.182115, 0.704645, 13.82323, 10.8113
5755.25, 8.025389, 0.601729, 14.24682, 13.9315
4782.81, 7.883445, 0.509627, 14.94811, 14.1547
4821.05, 7.792975, 0.460209, 14.79361, 11.4256
6145.29, 8.051095, 0.619596, 14.01093, 14.0432
4546.22, 7.958548, 0.552549, 15.28149, 10.8791
7045.59, 8.365985, 0.826378, 13.9601, 12.4926
6527.98, 8.387145, 0.839334, 14.275, 10.0856
5282.61, 7.930011, 0.540687, 14.51427, 12.6833
6513.78, 8.371486, 0.828866, 14.24868, 17.6623
5741.18, 8.261512, 0.752917, 14.60013, 10.2851
6535.1, 8.303037, 0.783357, 14.13901, 15.351
5087.61, 8.046779, 0.609213, 14.85656, 15.6257
6566.93, 9.346859, 1.314335, 16.12736, 11.2285
4814.52, 8.051558, 0.6107, 15.13375, 10.6714
7053.58, 7.595109, 0.404078, 12.81646, 14.1056
6599.5, 8.221557, 0.729792, 13.96882, 14.3159
7799.31, 8.262701, 0.759584, 13.43969, 11.3782
4346.27, 7.719844, 0.434224, 15.1508, 14.4056
5099.24, 8.092403, 0.638054, 14.89883, 13.9962
20307.19, 8.164513, 0.721308, 11.02855, 15.6013
7345.06, 8.34757, 0.814745, 13.78403, 10.5149
4681.25, 7.769661, 0.459081, 14.88172, 11.1786
4965.33, 7.947805, 0.548126, 14.84323, 11.3551
9930.07, 8.450734, 0.887179, 12.93249, 12.3148
5353.96, 8.105617, 0.64845, 14.68275, 23.5014
6360.87, 8.441824, 0.875338, 14.4612, 11.3693
4727.64, 7.80841, 0.477821, 14.88755, 10.0141
14316.5, 8.023861, 0.624976, 11.45469, 10.5411
4549.67, 7.969289, 0.559023, 15.2919, 14.9504
7214.28, 8.002916, 0.594093, 13.33729, 12.8408
4611.79, 8.103026, 0.642816, 15.40658, 15.2811
20594.37, 8.007505, 0.62924, 10.75513, 20.2175
11946.19, 8.125414, 0.681239, 11.89457, 20.1271
10289.25, 8.324985, 0.805532, 12.60634, 14.6486
4607.72, 7.809404, 0.467825, 15.03265, 11.9653
8611.02, 7.904782, 0.54155, 12.57184, 12.1134
9475.52, 8.509245, 0.924554, 13.18652, 13.2751
4378.85, 7.919462, 0.528884, 15.39937, 11.27
6020.27, 8.003517, 0.590004, 14.02774, 10.5663
16365.09, 8.463894, 0.904937, 11.91026, 15.6302
7497.74, 7.795631, 0.479175, 12.91508, 16.8202
5208.33, 8.066957, 0.622763, 14.76875, 10.3027
4361.09, 7.885562, 0.50921, 15.37603, 14.2044
6533.57, 8.293359, 0.77693, 14.10974, 46.5888
10642.98, 7.922201, 0.557466, 11.89907, 10.5238
5086.91, 8.313726, 0.784193, 15.23487, 13.2411
6387.67, 7.943262, 0.556188, 13.70357, 14.2939
9610.04, 8.279728, 0.77456, 12.74083, 15.5301
9555.92, 8.240367, 0.74883, 12.7107, 11.8309
6683.96, 8.083305, 0.641609, 13.72968, 11.0883
5061.11, 7.887604, 0.514054, 14.66996, 11.5147
4634.88, 7.927912, 0.534666, 15.14339, 17.1594
5527.27, 8.343949, 0.806773, 14.88843, 18.5575
4361.74, 7.845492, 0.486634, 15.31656, 32.2247
4993.15, 7.867276, 0.502011, 14.69974, 32.1842
10425.5, 8.295285, 0.78641, 12.51997, 12.5423
4824.73, 8.314524, 0.784021, 15.4908, 13.6968
12268.23, 8.044442, 0.632594, 11.71887, 19.3436
4999.74, 8.193225, 0.70305, 15.14712, 13.0275
4978.34, 8.243182, 0.736263, 15.23721, 11.2154
39303.89, 9.122355, 1.262432, 11.56293, 32.2169
4600.38, 7.795984, 0.470734, 14.99945, 11.3106
6441.27, 7.965982, 0.569662, 13.69808, 20.3014
4811.36, 7.75934, 0.455394, 14.7306, 10.6114
14904.3, 7.99652, 0.610418, 11.33321, 13.973
4568.04, 8.082402, 0.62946, 15.41199, 18.3744
6010.97, 8.228182, 0.732085, 14.35168, 14.0452
4703.73, 7.724266, 0.438465, 14.79678, 14.2476
9251.35, 8.321024, 0.800855, 12.94986, 10.8664
4835.71, 8.360893, 0.815528, 15.5575, 10.5022
5561.99, 8.379817, 0.831068, 14.9257, 10.681
7281.22, 8.3055, 0.786743, 13.75033, 15.3992
6875.86, 8.046114, 0.619226, 13.56872, 10.7502
6107.63, 8.369856, 0.826676, 14.50708, 11.4456
7243.19, 8.359806, 0.822665, 13.85243, 12.5806
5936.63, 7.633729, 0.41293, 13.54789, 20.4242
4903.17, 8.059859, 0.616305, 15.06226, 10.5858
7347.19, 9.171147, 1.26147, 15.33942, 14.9075
8566.36, 8.265357, 0.762933, 13.13147, 10.6197
5067.89, 7.883188, 0.51162, 14.6578, 15.4732
6498.68, 8.362907, 0.823113, 14.24537, 14.8786
4205.9, 7.410818, 0.306976, 14.91754, 13.3539
8224.56, 8.031654, 0.614282, 12.91418, 11.6574
6344.79, 8.309923, 0.787407, 14.26208, 13.5178
5164.95, 8.047045, 0.609965, 14.76433, 59.0663
12056.49, 7.994993, 0.602908, 11.69645, 13.4678
12424.43, 7.22474, 0.314444, 10.47562, 14.245
6784.26, 7.975895, 0.576731, 13.51667, 15.7613
5641.58, 8.372529, 0.826634, 14.85057, 10.7975
7232.15, 8.163497, 0.693849, 13.54651, 19.9726
5252.44, 7.200153, 0.253625, 13.55728, 11.4631
7545.65, 8.324012, 0.799524, 13.64137, 28.1935
5592.72, 8.023674, 0.599547, 14.38211, 10.1221
6724.02, 8.469857, 0.894654, 14.29057, 15.7915
5620.74, 7.925885, 0.54168, 14.21861, 12.5269
5789.96, 8.028355, 0.603757, 14.21743, 16.337
4904.03, 7.756989, 0.454941, 14.62414, 16.0454
8575.57, 8.063013, 0.634312, 12.81038, 10.2046
5610.36, 8.1852, 0.701879, 14.57964, 23.4988
7532.38, 8.203339, 0.720251, 13.47236, 11.4047
5961.04, 8.020137, 0.599722, 14.09208, 13.4794
7171.75, 8.446084, 0.879726, 14.02075, 19.1085
6200.09, 8.647727, 1.007695, 14.91679, 16.7554
4959.25, 7.877917, 0.507691, 14.74837, 49.5837
5004.95, 8.060962, 0.617548, 14.961, 12.2898
10121.47, 7.926087, 0.558094, 12.05326, 12.1812
8909.52, 7.902243, 0.541037, 12.44538, 14.5411
7023.69, 8.45459, 0.885098, 14.13251, 10.5442
6430.82, 8.27651, 0.765472, 14.16696, 13.2507
5579.25, 8.381491, 0.832293, 14.9223, 11.5943
7561.45, 8.367593, 0.828427, 13.72143, 13.8092
4391.27, 7.644507, 0.402672, 15.02774, 10.4683
5478.92, 8.305067, 0.780352, 14.88693, 12.2566
5043.21, 7.982275, 0.5693, 14.82006, 15.2535
9157.08, 8.026714, 0.613924, 12.55731, 10.1909
5551.35, 8.956179, 1.174765, 16.0046, 12.2245
5865.03, 8.195656, 0.710134, 14.42449, 11.7964
10196.46, 7.998012, 0.599778, 12.12757, 11.454
4455.48, 7.635573, 0.399165, 14.94467, 10.548
4898.25, 7.948455, 0.548057, 14.91154, 16.7394
5464.83, 8.293431, 0.772457, 14.87161, 17.2978
5114.67, 7.868119, 0.503618, 14.593, 12.5375
4960.89, 8.048889, 0.609711, 14.97097, 41.1601
6384.3, 8.177441, 0.700397, 14.04845, 10.6981
6024.99, 8.036952, 0.610316, 14.0695, 20.5433
4881.93, 8.407984, 0.847558, 15.58998, 16.9813
4865.34, 8.167873, 0.685808, 15.23417, 47.0663
5189.67, 8.047973, 0.610742, 14.76945, 13.2417
4072.76, 7.747766, 0.446104, 15.46252, 19.0151
4867.64, 7.904853, 0.522372, 14.89485, 11.7191
4312.16, 8.038413, 0.600979, 15.62957, 10.8513
10793.65, 8.055291, 0.635557, 12.03761, 18.9249
4891.45, 8.041361, 0.604642, 15.0495, 11.3207
6041.62, 8.247971, 0.745257, 14.36207, 15.6239
5535.79, 8.144739, 0.675119, 14.59677, 13.7072
6279.33, 8.279747, 0.767151, 14.24158, 30.7105
4881.98, 8.097816, 0.64034, 15.13505, 11.3038
10048.38, 8.295927, 0.786052, 12.6426, 12.9291
7004.36, 8.016583, 0.601673, 13.48035, 11.0577
4907.48, 8.367742, 0.820317, 15.5011, 16.662
27557.2, 8.141506, 0.721148, 10.38672, 20.3265
5253.61, 8.089242, 0.637182, 14.76787, 10.4645
7432.83, 7.908413, 0.539893, 13.09675, 18.8493
4994.94, 8.425722, 0.85977, 15.5175, 12.1271
6631.4, 7.931127, 0.550153, 13.55925, 11.0318
6465.76, 7.933064, 0.550631, 13.65861, 10.3445
12400.64, 8.055467, 0.639494, 11.72763, 18.7933
5411.12, 7.942904, 0.54968, 14.43436, 10.7925
5249.38, 7.859406, 0.500347, 14.46273, 13.3601
10833.54, 8.496758, 0.918547, 12.76541, 10.5937
5010.43, 7.762022, 0.457908, 14.53991, 12.0008
5095.7, 8.461273, 0.88394, 15.48943, 11.3167
7277.68, 8.071459, 0.63595, 13.40906, 13.0633
4389.9, 7.603496, 0.38564, 14.97795, 10.1768
4758.99, 7.923409, 0.532554, 15.01925, 22.8561
8357.96, 8.00414, 0.59819, 12.83372, 12.0107
11204.51, 7.972999, 0.588009, 11.84754, 11.5379
5461.43, 7.932149, 0.543937, 14.34834, 53.7692
5310.78, 7.906827, 0.52771, 14.4755, 11.1476
8103.78, 7.966109, 0.575046, 12.88585, 12.11
7905.95, 8.355555, 0.821099, 13.56682, 10.1182
14516.17, 8.292541, 0.792027, 11.82871, 28.5873
5991.74, 8.037337, 0.610375, 14.08367, 23.9159
5969.5, 8.308003, 0.784885, 14.52085, 11.6002
4612.5, 7.906853, 0.522295, 15.14886, 19.836
5065.7, 7.859782, 0.49851, 14.64761, 11.1543
20757.5, 7.975054, 0.611454, 10.69964, 23.0433
5971.33, 8.350822, 0.813508, 14.57444, 20.6958
5860.78, 7.986168, 0.578695, 14.12425, 14.5836
4943.48, 8.07429, 0.625621, 15.04311, 13.7539
8844.74, 8.321211, 0.800178, 13.11814, 10.2781
10320.9, 8.452874, 0.889243, 12.81834, 15.1707
6137.22, 7.790614, 0.471129, 13.69581, 10.9456
6656.5, 8.148127, 0.682453, 13.84587, 12.6709
21152.44, 8.107579, 0.688526, 10.86706, 21.1318
6291.35, 8.290505, 0.774332, 14.24417, 62.3875
4823.23, 7.776603, 0.46335, 14.75235, 16.0689
15768.73, 8.228461, 0.75326, 11.60148, 21.7599
4784.01, 7.78212, 0.465914, 14.8003, 15.2822
4794.26, 8.850755, 1.122045, 16.46438, 14.4026
5795.67, 7.872069, 0.512547, 14.03251, 10.2973
7871.88, 7.983414, 0.584481, 13.00408, 12.3543
5242.53, 8.248302, 0.740904, 15.01606, 11.9629
12435.05, 8.726148, 1.060724, 12.87571, 10.1167
4839.8, 8.026799, 0.595335, 15.08699, 11.0335
5975.1, 8.182171, 0.701839, 14.31758, 14.6393
8788.98, 8.030085, 0.614932, 12.68111, 17.7231
19409.52, 8.124247, 0.695157, 11.05027, 22.0883
24171.7, 8.121882, 0.702964, 10.63505, 20.7075
7016.54, 7.964635, 0.570855, 13.39257, 15.3469
6798.83, 7.934509, 0.552677, 13.47851, 13.182
5237.18, 8.051341, 0.613242, 14.70874, 11.1566
13975.75, 7.879041, 0.542783, 11.29592, 11.7563
9938.63, 8.247928, 0.754576, 12.58433, 22.0618
22068.94, 7.57924, 0.445981, 9.95566, 10.1105
11072.91, 7.995184, 0.600557, 11.88678, 10.755
4486.84, 7.801158, 0.462901, 15.1402, 21.9678
5880.64, 8.143087, 0.676171, 14.31318, 13.5399
6747.64, 8.25543, 0.752439, 13.93782, 14.3108
10091.01, 8.049331, 0.630085, 12.23853, 12.3418
5771.17, 8.172307, 0.694457, 14.44276, 11.1692
6784.8, 8.041315, 0.616017, 13.61377, 10.9092
4468.44, 7.967234, 0.557545, 15.3615, 14.0923
7471.59, 8.078521, 0.640841, 13.3192, 10.9988
5729.01, 8.150068, 0.679842, 14.42041, 123.1989
5777.16, 8.028118, 0.603533, 14.23554, 10.9138
10854.55, 8.011324, 0.609454, 11.95182, 13.9099
5218.47, 7.955728, 0.554999, 14.60098, 17.9037
6414.31, 7.907262, 0.535701, 13.64818, 12.0751
6661.45, 8.166747, 0.694411, 13.85238, 14.7883
5718.44, 8.132859, 0.668731, 14.42651, 11.4587
6438.52, 8.179148, 0.701688, 14.00927, 12.2731
5795.8, 8.121961, 0.662225, 14.3437, 41.6242
10347.04, 7.632985, 0.429622, 11.52705, 11.2497
4448.19, 7.617748, 0.391726, 14.9189, 10.7433
5852.93, 8.06436, 0.626299, 14.21822, 20.5875
6170.9, 8.082903, 0.639432, 14.02367, 33.2848
9248.82, 8.28275, 0.775763, 12.87756, 18.9008
7363.71, 8.449819, 0.882511, 13.94229, 10.742
26864.71, 7.911922, 0.59227, 10.07771, 18.0672
4872.25, 8.10135, 0.642569, 15.14074, 10.6596
9368.35, 8.294395, 0.783636, 12.86306, 13.3102
6739.84, 7.946848, 0.5596, 13.50967, 10.4923
6015.87, 8.263245, 0.755271, 14.40245, 10.1503
5288.45, 8.471074, 0.891037, 15.30431, 11.4752
7302.2, 8.49933, 0.914985, 14.05652, 11.5114
5956.32, 7.939384, 0.551746, 13.97881, 26.8077
5633.45, 8.122411, 0.661511, 14.47874, 12.0832
8212.95, 8.421885, 0.865477, 13.51564, 12.7392
6557.97, 7.944466, 0.557573, 13.60995, 12.1951
5488.25, 8.222473, 0.72543, 14.74389, 14.3187
11392.02, 8.490225, 0.915184, 12.59177, 18.9972
5379.31, 7.844985, 0.494086, 14.30863, 20.2598
5131.36, 8.086098, 0.634266, 14.86805, 11.2286
7572.04, 7.110816, 0.258787, 11.84339, 12.8135
5878.19, 7.922235, 0.541372, 14.0189, 14.8326
4630.07, 8.078892, 0.627393, 15.3508, 11.9449
8881.41, 8.372388, 0.833961, 13.16863, 12.2174
5280.45, 8.010245, 0.588357, 14.62375, 10.2386
5343.84, 8.223225, 0.724818, 14.86043, 14.8405
8357.39, 7.286698, 0.30658, 11.73753, 10.82
15706.83, 7.975835, 0.600427, 11.21584, 13.2836
6351.66, 8.273473, 0.763222, 14.19203, 22.7402
7763.26, 8.452982, 0.88525, 13.75373, 22.8876
12525.97, 8.282835, 0.782372, 12.04896, 10.7431
6451.87, 8.38798, 0.839713, 14.31978, 15.474
10669.43, 7.950763, 0.57372, 11.92551, 10.016
9342.72, 8.799841, 1.098903, 13.77826, 15.6554
7027.61, 8.15413, 0.687329, 13.64719, 13.8161
8436.95, 8.089739, 0.650377, 12.90652, 13.7013
5909.13, 8.147307, 0.679016, 14.30511, 14.6728
4901.96, 7.922042, 0.532555, 14.86097, 27.3647
14294.34, 7.982846, 0.60114, 11.39674, 16.2311
4432.5, 7.91089, 0.524037, 15.32597, 18.7003
18974.32, 7.477257, 0.413166, 10.05344, 14.9323
5434.28, 8.023344, 0.597992, 14.50586, 11.1757
8780.31, 7.647081, 0.429072, 12.10313, 13.6131
5106.74, 7.959236, 0.556019, 14.72525, 10.4517
5083.99, 7.547457, 0.367823, 14.20842, 10.0409
7186.7, 8.376559, 0.833675, 13.90782, 12.9072
5398.23, 8.120087, 0.65809, 14.67027, 14.0416
10328.43, 8.454771, 0.890492, 12.81292, 12.2287
4302.98, 8.012505, 0.584802, 15.5907, 11.4752
6900.35, 8.159563, 0.690473, 13.7223, 12.1337
4931.14, 7.926387, 0.535291, 14.84544, 10.3621
8405.48, 8.055278, 0.629119, 12.86802, 11.0461
8463.46, 8.339544, 0.811542, 13.28216, 14.2683
11481.54, 8.135773, 0.68664, 12.01296, 17.9414
10026.35, 9.400646, 1.331393, 14.85793, 10.8465
9091.46, 8.363439, 0.828439, 13.07904, 10.1708
6579.22, 8.264751, 0.758122, 14.05479, 10.254
4938.81, 7.755985, 0.454833, 14.59718, 13.9174
5318.27, 8.080065, 0.631957, 14.68663, 19.0844
4063.75, 7.833092, 0.479011, 15.58897, 28.2316
5015.72, 7.916069, 0.529953, 14.74137, 36.532
16400.86, 8.559827, 0.965513, 12.07544, 14.5097
33210.82, 7.824627, 0.570009, 9.45704, 19.5638
6979.94, 8.27825, 0.768064, 13.84679, 26.3949
5153.02, 8.077833, 0.629188, 14.83274, 10.541
17230.11, 8.358471, 0.83861, 11.64299, 15.3673
14190.21, 7.990093, 0.605059, 11.42468, 18.244
12158.95, 8.251351, 0.761402, 12.0508, 24.968
4743.47, 7.819286, 0.473815, 14.90605, 12.3117
18450.87, 8.250771, 0.771888, 11.34282, 12.7074
4970.27, 7.858396, 0.496862, 14.72201, 13.0204
7264.67, 8.413303, 0.858188, 13.92913, 10.0356
7853.48, 8.45735, 0.888271, 13.73117, 11.2087
7899.4, 7.850894, 0.509705, 12.80517, 10.9364
11895.14, 8.433382, 0.87912, 12.39962, 10.6582
4528.12, 7.867978, 0.499769, 15.1857, 12.0387
11000.67, 8.28376, 0.780083, 12.34792, 16.3855
10658.43, 8.293047, 0.785432, 12.44826, 20.8876
5466.94, 8.223669, 0.726047, 14.75442, 23.0736
5816.65, 8.170837, 0.693747, 14.40846, 12.8842
5208.32, 8.079553, 0.630694, 14.78442, 10.3633
4891.61, 8.037582, 0.602285, 15.03686, 13.8715
5414.25, 8.214417, 0.719514, 14.795, 13.3916
5741.05, 7.917672, 0.537861, 14.10496, 20.7902
7495.71, 8.115476, 0.663982, 13.35979, 11.2293
5051.85, 8.026198, 0.596182, 14.85077, 34.254
5722.16, 8.259518, 0.751496, 14.60978, 13.3525
7176.94, 7.935455, 0.554449, 13.26429, 10.0558
5376.15, 8.322863, 0.791687, 14.99632, 12.8827
9609.86, 7.989849, 0.593299, 12.3118, 13.8819
5855.66, 8.124285, 0.664025, 14.31008, 17.5948
13675.13, 8.376143, 0.844667, 12.06757, 11.9644
5584.63, 7.842684, 0.49482, 14.14104, 13.1528
4620.48, 7.958585, 0.552818, 15.20694, 19.2519
5341.39, 8.301583, 0.77718, 14.99207, 10.8655
5645.07, 8.012853, 0.593345, 14.31631, 13.4623
9687.23, 8.001878, 0.600606, 12.30471, 10.5542
5069.51, 8.010803, 0.586839, 14.82464, 10.1296
7376.59, 8.132257, 0.674282, 13.44077, 10.1111
11943.8, 8.615306, 0.994599, 12.71323, 10.2078
5747.3, 7.915739, 0.536798, 14.10731, 11.3016
6261.74, 7.737144, 0.45473, 13.50001, 10.1227
5581.23, 7.771603, 0.467726, 14.02115, 24.9107
6549.97, 8.127213, 0.668784, 13.86632, 19.4932
6726.87, 7.941791, 0.55663, 13.51184, 13.8931
10401.66, 7.950461, 0.572767, 11.99413, 21.9379
5013.48, 8.025146, 0.595267, 14.89862, 16.8225
5042.4, 7.987996, 0.57275, 14.82043, 14.9039
8789.38, 8.041695, 0.621937, 12.69291, 11.249
14249.42, 7.997251, 0.609326, 11.4244, 11.7965
6106.51, 8.27358, 0.762461, 14.35714, 14.4587
4619.88, 8.102753, 0.642662, 15.39448, 11.8084
5311.89, 8.178755, 0.695298, 14.83156, 19.775
5484.94, 8.048117, 0.613704, 14.49431, 15.1418
5576.05, 8.380814, 0.83182, 14.91608, 10.7163
4677.38, 7.893427, 0.51482, 15.05719, 23.5769
25664.96, 7.981379, 0.62629, 10.28427, 23.8958
6409.42, 8.047709, 0.618629, 13.83725, 16.2153
5590.42, 7.872715, 0.511348, 14.17307, 11.8042
5448.7, 7.800646, 0.471109, 14.201, 10.4219
7576.55, 8.970333, 1.182715, 14.81333, 11.4076
5144.45, 7.895093, 0.51909, 14.59941, 10.6983
4722.2, 7.109472, 0.219219, 14.05157, 16.0324
12719.04, 8.204267, 0.73233, 11.90267, 13.886
6820.72, 7.77744, 0.467414, 13.24619, 16.6432
18541.08, 9.078887, 1.232147, 12.88717, 10.5199
4966.8, 7.756963, 0.455267, 14.56962, 12.7767
5045.29, 7.993775, 0.576274, 14.82571, 10.9137
6987.73, 8.205637, 0.720463, 13.74324, 13.9264
5528.56, 7.971506, 0.567626, 14.35597, 10.7665
4565.45, 7.545393, 0.362534, 14.70458, 13.3151
9731.23, 7.90367, 0.544341, 12.1387, 17.0176
9373.58, 8.682081, 1.032021, 13.54102, 12.606
4925.6, 7.97895, 0.566474, 14.9219, 13.208
8877.38, 7.594542, 0.411299, 11.9823, 17.2483
5279.7, 8.068988, 0.624646, 14.70657, 12.9516
9019.34, 8.525248, 0.934283, 13.38048, 14.1346
4520.58, 7.899343, 0.517627, 15.23204, 15.5984
5901.41, 8.307857, 0.784524, 14.55603, 10.1934
6625.48, 8.223892, 0.731396, 13.9745, 10.6805
6152.57, 7.997716, 0.587211, 13.93124, 15.9601
10342.4, 8.145358, 0.689948, 12.30133, 17.3538
4491.94, 8.049698, 0.608507, 15.45103, 12.2117
8213.26, 8.233062, 0.741075, 13.21641, 10.0725
6902.68, 8.152215, 0.685772, 13.71108, 10.9032
6358.73, 8.365653, 0.824591, 14.33839, 17.5512
8212.75, 8.216358, 0.730211, 13.19139, 12.8108
5373.87, 8.075764, 0.629802, 14.6303, 14.5113
5305.88, 7.888084, 0.517037, 14.44003, 10.931
5569.08, 8.125043, 0.66274, 14.53471, 10.7065
4834.57, 7.007992, 0.191041, 13.86977, 10.124
5448.97, 7.959195, 0.559624, 14.39522, 26.8902
5237.42, 8.123058, 0.658633, 14.82155, 18.93
9898.78, 8.337594, 0.813015, 12.74202, 27.8954
4758.4, 7.83624, 0.483135, 14.91039, 15.3236
4716.01, 7.942847, 0.543806, 15.09744, 10.6829
7068.69, 7.907932, 0.538439, 13.27917, 15.2925
6833.13, 8.326595, 0.799748, 14.00919, 25.9215
7771.17, 7.938278, 0.557935, 12.98881, 10.4277
4689.34, 8.359147, 0.814071, 15.71045, 10.5775
5859.72, 7.766452, 0.465626, 13.81892, 10.6454
4227.65, 7.977114, 0.562906, 15.61687, 13.9641
4693.26, 8.132372, 0.662057, 15.37232, 10.8092
7080.13, 8.338567, 0.808242, 13.90919, 10.8549
5345.39, 8.119374, 0.657141, 14.71784, 12.5655
9003.95, 8.445333, 0.882166, 13.25886, 11.944
16759.49, 8.41777, 0.875927, 11.78851, 16.5536
6099.07, 7.753617, 0.461147, 13.62474, 14.9872
5027.72, 7.897186, 0.519205, 14.72366, 12.4779
4938.2, 7.730206, 0.443194, 14.57038, 10.5083
15554.08, 7.930289, 0.574576, 11.16699, 25.9223
5231.14, 8.061861, 0.619757, 14.74104, 22.4266
7305.64, 7.117543, 0.258342, 11.99955, 13.5951
5303.51, 8.001657, 0.583391, 14.5948, 12.0107
5725.52, 7.928193, 0.543798, 14.13165, 21.1675
5997.44, 7.544761, 0.37981, 13.38772, 18.3849
5327.03, 8.09004, 0.638328, 14.69164, 12.1739
4822.3, 8.651213, 1.007071, 16.05618, 13.7264
7983.29, 8.28078, 0.771855, 13.38814, 12.5261
4979.1, 8.185147, 0.697619, 15.1516, 11.4711
5758.04, 8.14145, 0.674471, 14.40844, 14.0281
5423.95, 8.674516, 1.022248, 15.55325, 11.8405
6470.73, 8.119443, 0.663584, 13.90411, 15.1421
6957.2, 8.004859, 0.594489, 13.47459, 12.0191
5369.84, 8.387158, 0.834972, 15.1094, 10.6244
12972.68, 7.915079, 0.559747, 11.47513, 12.9316
12027.04, 7.95718, 0.581019, 11.65197, 11.2059
5311.13, 8.239927, 0.735707, 14.92489, 20.7947
6681.41, 7.816449, 0.487132, 13.37347, 13.1304
4798.99, 7.785077, 0.467415, 14.78751, 10.7283
7520.6, 7.841132, 0.503205, 12.9746, 10.5246
5029.99, 7.958242, 0.554806, 14.8015, 13.1653
6195.21, 8.276618, 0.764791, 14.30532, 23.2253
6338.98, 7.982427, 0.578939, 13.80116, 11.1696
7060.87, 8.053056, 0.624015, 13.49398, 10.3305
11278.42, 8.267033, 0.769794, 12.26777, 10.7164
9165.05, 7.956514, 0.572607, 12.44248, 10.7751
5344.32, 7.972465, 0.56634, 14.52514, 11.3121
5090.14, 7.962203, 0.557644, 14.74831, 11.2612
6385.19, 8.089135, 0.644198, 13.91198, 16.1447
4868.1, 7.944957, 0.545804, 14.94249, 10.4237
6042.3, 8.089555, 0.642987, 14.14108, 13.3664
5698.26, 7.887521, 0.520472, 14.12449, 10.4011
6743.33, 8.314003, 0.791172, 14.04818, 10.7728
5120.53, 8.047714, 0.610038, 14.83319, 11.2398
4784.78, 7.939712, 0.542262, 15.01464, 19.6058
4717.34, 7.950429, 0.548317, 15.09718, 19.3568
6245.13, 8.047914, 0.618088, 13.94013, 13.943
5288.02, 8.005183, 0.585361, 14.60099, 24.694
6072.14, 8.250702, 0.747178, 14.36352, 11.0725
6088.36, 8.255506, 0.750416, 14.35063, 16.8423
5082.55, 8.107805, 0.647788, 14.96228, 10.0141
6194.35, 8.308304, 0.785859, 14.36167, 12.7132
15915.36, 8.093094, 0.66962, 11.38339, 10.3251
7337.56, 7.758262, 0.466471, 12.94842, 11.1425
7491.78, 8.209714, 0.724298, 13.51792, 11.4256
7842.09, 8.293251, 0.779784, 13.47917, 11.5352
5938.07, 8.156717, 0.685203, 14.30763, 14.1776
3923.45, 7.30995, 0.271765, 15.08906, 14.4007
6388.22, 8.22745, 0.732993, 14.11881, 11.8354
8885.82, 7.848177, 0.511389, 12.38413, 15.0167
5274.07, 7.846171, 0.49342, 14.42225, 11.5832
15770.92, 7.927557, 0.573591, 11.13829, 19.4205
4334.51, 7.779352, 0.461138, 15.25841, 11.5484
21255.41, 8.176344, 0.730257, 10.9688, 15.3129
4912.58, 7.938771, 0.542427, 14.89128, 11.7728
6716.39, 8.474313, 0.897583, 14.31042, 16.9187
9016.3, 8.450875, 0.88582, 13.26246, 11.9031
6893.0, 8.29415, 0.778372, 13.92839, 15.031
8075.93, 8.048348, 0.623973, 13.00937, 11.3093
10209.94, 8.470935, 0.900813, 12.88701, 12.1804
10874.59, 8.387875, 0.84777, 12.56485, 10.2156
8308.58, 8.149906, 0.687767, 13.04645, 21.9175
8004.15, 8.282316, 0.772909, 13.39129, 10.4762
5662.38, 8.231177, 0.732397, 14.61643, 12.0806
21691.98, 9.067107, 1.228922, 12.57709, 18.6241
5052.23, 7.994958, 0.577044, 14.83717, 10.8434
5834.75, 8.173197, 0.69537, 14.40719, 14.7018
6410.81, 8.17601, 0.699564, 14.00774, 33.2645
5555.64, 7.972287, 0.568311, 14.35105, 10.4447
6712.7, 8.132555, 0.672697, 13.79093, 10.0537
7279.42, 8.085498, 0.644661, 13.43017, 10.6259
6364.01, 8.481651, 0.90173, 14.52598, 19.4853
6087.26, 8.069662, 0.630795, 14.0903, 10.0664
8037.75, 7.886007, 0.529327, 12.78685, 15.0716
7372.89, 7.970734, 0.575522, 13.22149, 14.6578
4582.44, 7.390087, 0.301337, 14.50516, 19.2986
7784.73, 7.998024, 0.592862, 13.0757, 10.7469
10664.88, 8.023119, 0.615931, 12.05014, 10.1829
21211.59, 7.887439, 0.565537, 10.55073, 10.6289
4778.06, 7.241634, 0.257925, 14.09412, 27.7688
16822.43, 8.030907, 0.634552, 11.17851, 12.6744
5194.13, 7.455793, 0.332742, 13.94261, 23.9424
4709.75, 7.900133, 0.518816, 15.0578, 10.1057
9441.91, 7.955419, 0.572779, 12.33422, 13.2691
5553.19, 8.256846, 0.748694, 14.75755, 11.1514
14897.95, 7.974538, 0.597815, 11.3293, 11.0698
5968.44, 8.192667, 0.708642, 14.33789, 14.3794
6439.09, 8.072162, 0.633831, 13.86608, 10.8135
5997.32, 8.282544, 0.768021, 14.44574, 20.7239
5652.82, 7.841021, 0.494495, 14.09846, 10.3383
7484.75, 7.983239, 0.583213, 13.18146, 18.3795
8735.76, 8.351233, 0.819754, 13.19936, 14.5846
11692.5, 8.19591, 0.724987, 12.07323, 14.0396
8382.62, 8.387121, 0.842815, 13.40722, 10.099
4935.31, 7.79914, 0.464379, 14.69248, 11.6386
18268.21, 7.933751, 0.582874, 10.88655, 17.524
8813.93, 7.95539, 0.570937, 12.57728, 11.4888
6352.61, 8.120661, 0.663922, 13.98218, 13.7036
8116.4, 7.972584, 0.578864, 12.89207, 10.8214
4742.07, 7.966097, 0.557798, 15.10177, 16.002
4774.38, 7.691597, 0.424963, 14.68582, 13.3899
12436.78, 7.760448, 0.477785, 11.34968, 14.3785
12092.66, 7.955653, 0.580308, 11.6461, 12.5589
8292.54, 8.472825, 0.899111, 13.57707, 16.7148
9894.16, 8.078238, 0.647142, 12.3483, 14.6118
8063.16, 7.952693, 0.567137, 12.87846, 13.7617
16184.08, 8.181311, 0.724347, 11.47973, 13.6035
7305.95, 7.50225, 0.372291, 12.56108, 13.5162
4692.44, 7.820977, 0.474466, 14.96164, 18.9102
6477.52, 7.824021, 0.490328, 13.49595, 21.733
6336.67, 8.381513, 0.835113, 14.38792, 16.0779
13909.92, 8.190707, 0.725992, 11.75105, 23.9254
7384.61, 8.416744, 0.860677, 13.87125, 21.8759
4529.14, 7.938435, 0.540508, 15.28811, 10.0118
6029.53, 8.45201, 0.881253, 14.70805, 12.2788
11890.42, 8.047686, 0.633692, 11.79608, 17.5116
5907.5, 8.003492, 0.589356, 14.11298, 13.2094
4531.9, 7.903153, 0.519865, 15.24309, 11.2981
12558.84, 8.595127, 0.98299, 12.58174, 10.3087
8961.97, 8.614957, 0.99083, 13.56932, 13.4668
7017.31, 8.202948, 0.71879, 13.74146, 11.4012
5823.51, 8.235568, 0.736148, 14.49152, 24.7287
5500.62, 8.108009, 0.651361, 14.58223, 10.0508
6727.68, 8.628754, 0.996778, 14.58927, 10.9915
7935.09, 7.942791, 0.561035, 12.92002, 13.1123
10835.8, 8.167881, 0.705306, 12.21152, 13.6781
6240.1, 8.359927, 0.820439, 14.41318, 15.1386
4731.15, 8.181246, 0.694258, 15.40456, 19.8655
21359.23, 8.934303, 1.173436, 12.33683, 13.509
7292.09, 8.192945, 0.712969, 13.58736, 10.7574
4389.66, 7.809158, 0.476366, 15.25092, 10.6769
10200.27, 8.084083, 0.651534, 12.24788, 20.7499
4780.01, 7.786207, 0.467817, 14.8163, 10.7463
6128.29, 8.224329, 0.730012, 14.27889, 13.2205
5106.91, 8.033245, 0.600944, 14.83449, 11.0956
10763.62, 8.03819, 0.625192, 12.04406, 10.8766
6218.62, 8.206754, 0.718848, 14.19446, 13.356
8952.2, 8.503274, 0.919962, 13.37425, 15.1926
7607.41, 8.003377, 0.595523, 13.16288, 14.8001
6385.26, 8.028698, 0.606924, 13.81679, 44.9758
9761.46, 8.23611, 0.746531, 12.65064, 11.7802
7209.1, 7.996121, 0.590025, 13.34669, 12.0935
13017.28, 8.499493, 0.923414, 12.34113, 13.7908
4888.93, 8.399435, 0.841778, 15.58755, 10.2899
7852.07, 8.594342, 0.976698, 13.98732, 10.0396
6388.66, 8.355533, 0.817921, 14.32268, 11.955
12166.87, 7.905077, 0.552147, 11.56804, 10.7562
11866.12, 8.073459, 0.649182, 11.82618, 17.0149
4982.33, 8.303779, 0.777122, 15.32067, 11.1982
6336.45, 8.283536, 0.769846, 14.2181, 11.6323
5649.13, 7.917098, 0.536856, 14.17389, 20.0193
6056.66, 8.068255, 0.629771, 14.09096, 10.6038
6713.31, 8.064502, 0.630037, 13.67842, 12.199
19742.44, 7.778553, 0.507287, 10.49485, 12.038
5635.38, 8.037127, 0.608096, 14.34769, 12.3683
7674.98, 7.974207, 0.578475, 13.06086, 17.4355
6923.34, 7.834109, 0.497389, 13.25169, 14.7921
7446.62, 8.025806, 0.608517, 13.24274, 15.0844
7387.34, 8.393861, 0.845521, 13.83064, 13.1326
15135.91, 8.043685, 0.638471, 11.37239, 13.3422
6317.51, 8.236906, 0.73897, 14.16258, 19.5744
4600.39, 7.840003, 0.484457, 15.06552, 34.175
6858.83, 8.500093, 0.9148, 14.26972, 12.6151
5086.93, 7.875983, 0.507745, 14.6225, 14.5911
4700.33, 7.956834, 0.552071, 15.11306, 21.1598
5043.84, 7.903538, 0.522978, 14.69998, 14.7653
19975.03, 7.974383, 0.609265, 10.76314, 10.775
5703.75, 8.013371, 0.594075, 14.26137, 10.8845
4251.83, 7.862397, 0.495766, 15.44673, 15.8613
6186.79, 7.994029, 0.585169, 13.8949, 16.0335
4510.95, 8.17425, 0.689087, 15.59551, 11.8074
5069.2, 8.706491, 1.041051, 15.91728, 13.4927
5846.83, 8.467554, 0.891006, 14.83485, 12.7542
6407.8, 7.977571, 0.576353, 13.74479, 10.9889
9426.11, 8.479617, 0.905221, 13.14058, 18.505
13809.47, 8.653106, 1.019473, 12.50196, 18.8154
6251.05, 8.080159, 0.638065, 13.97316, 12.0258
4847.67, 7.915192, 0.528231, 14.91099, 15.2951
6623.24, 7.597621, 0.403165, 13.05785, 16.218
7820.81, 7.962053, 0.571821, 12.99073, 10.6652
5483.26, 8.101711, 0.647219, 14.56481, 13.8329
5715.94, 7.990339, 0.580275, 14.22134, 12.568
16600.06, 7.89976, 0.560447, 10.99755, 11.2045
6053.79, 8.225559, 0.730529, 14.3126, 11.1379
6353.93, 8.051273, 0.620599, 13.87056, 12.1957
10718.41, 8.1374, 0.685864, 12.19127, 10.59
4958.51, 8.064572, 0.619555, 14.99813, 11.4043
5751.86, 7.996641, 0.584298, 14.20103, 17.8194
5124.71, 8.018712, 0.592117, 14.77034, 11.278
4751.84, 7.906736, 0.522823, 14.99953, 11.8921
4472.61, 8.220204, 0.719607, 15.69747, 11.0526
6050.47, 7.979849, 0.576028, 13.96744, 10.7312
5465.19, 8.089062, 0.639069, 14.56035, 13.8684
17413.05, 7.928976, 0.578233, 10.95935, 10.7039
7137.82, 8.339093, 0.80871, 13.87177, 11.0068
7261.7, 8.401197, 0.850159, 13.91089, 10.3388
4521.02, 7.809461, 0.477363, 15.09038, 18.5543
5114.47, 8.071636, 0.624997, 14.85614, 11.9456
5439.04, 8.2254, 0.726966, 14.79093, 10.3207
6247.53, 8.053709, 0.621662, 13.93783, 14.6211
7620.74, 8.357545, 0.821878, 13.66353, 13.1535
6788.87, 7.993854, 0.587392, 13.53768, 14.1366
6758.77, 7.963907, 0.569602, 13.51436, 10.2437
6519.94, 7.881432, 0.521674, 13.54116, 13.1832
5419.92, 8.126496, 0.662394, 14.64716, 104.657
4628.9, 7.771992, 0.459677, 14.92933, 15.6933
6236.96, 8.186593, 0.705789, 14.13178, 25.3896
25928.91, 8.228206, 0.770225, 10.66208, 13.0288
8287.37, 8.146136, 0.685323, 13.04265, 10.1912
4957.05, 8.293746, 0.770261, 15.32591, 11.1255
5710.78, 8.338299, 0.804041, 14.72805, 32.2578
9187.56, 8.244625, 0.750768, 12.83476, 14.6336
4468.74, 7.784638, 0.464769, 15.1127, 14.2005
5497.61, 7.81135, 0.477232, 14.15947, 13.8999
4952.29, 8.290526, 0.76807, 15.3296, 11.1318
11901.72, 8.064857, 0.644053, 11.80958, 11.8345
9401.31, 7.986931, 0.590994, 12.36895, 29.827
5632.4, 8.020346, 0.597808, 14.32378, 16.0788
5779.03, 8.129209, 0.666754, 14.36594, 11.4632
5767.53, 8.316804, 0.789917, 14.65533, 14.6239
5857.71, 8.152264, 0.681957, 14.33987, 12.9823
7651.68, 8.44009, 0.876565, 13.78355, 11.7316
6901.92, 8.168769, 0.696391, 13.72062, 39.723
4744.62, 7.921472, 0.531354, 15.0235, 15.5685
5849.92, 8.080921, 0.636608, 14.24822, 13.088
4342.21, 7.865919, 0.498001, 15.36206, 18.6587
7012.48, 7.920361, 0.545293, 13.31613, 17.7119
5137.68, 8.258936, 0.747487, 15.10495, 12.1696
8539.55, 7.958547, 0.571957, 12.64722, 95.9017
5275.02, 8.050069, 0.612796, 14.67581, 14.5138
9086.49, 8.518129, 0.929777, 13.33448, 13.2264
6153.65, 7.955839, 0.562427, 13.86619, 11.3353
7015.39, 8.358943, 0.821638, 13.95134, 34.0498
5932.94, 8.298181, 0.778193, 14.50656, 16.3762
5695.59, 7.342606, 0.302966, 13.34283, 11.66
13280.73, 7.925165, 0.56612, 11.44541, 10.5038
5579.72, 8.083276, 0.636363, 14.45749, 23.5774
7831.67, 7.96249, 0.572109, 12.97723, 11.7282
5212.49, 8.084139, 0.633625, 14.78151, 15.4031
10292.27, 8.127329, 0.678533, 12.28582, 10.0916
5101.1, 8.726919, 1.053205, 15.92313, 11.2931
8045.44, 8.444554, 0.88015, 13.61953, 10.9709
11826.85, 8.061681, 0.641966, 11.81924, 14.5093
5894.99, 8.282867, 0.767835, 14.51764, 11.1846
10162.5, 8.531524, 0.939856, 12.99378, 15.6833
7873.85, 8.091512, 0.649968, 13.14917, 10.4855
9467.58, 8.669315, 1.024486, 13.47268, 12.0449
7348.16, 8.564284, 0.957086, 14.13487, 15.0408
12260.06, 8.298058, 0.791758, 12.11357, 10.4361
5096.56, 8.15465, 0.678181, 14.98669, 16.2703
5950.96, 8.056833, 0.622155, 14.1477, 10.3736
4397.42, 7.802737, 0.463417, 15.23618, 11.063
6688.48, 8.319352, 0.794589, 14.06444, 26.3781
4614.35, 8.055166, 0.612291, 15.33015, 18.2216
5568.91, 7.191878, 0.259045, 13.23622, 23.871
5869.08, 8.216687, 0.723929, 14.43341, 11.3696
12025.66, 8.032847, 0.625136, 11.74832, 13.0337
6758.48, 8.434357, 0.871216, 14.21203, 13.1889
10634.94, 8.4292, 0.87434, 12.67182, 18.4027
6621.26, 8.32084, 0.795409, 14.1177, 11.9686
8837.9, 8.038722, 0.620274, 12.68167, 10.3646
4746.05, 7.797602, 0.462191, 14.88167, 10.3503
5882.42, 8.617445, 0.988247, 15.05795, 50.6107
4760.78, 7.853907, 0.492904, 14.9229, 19.5123
5232.14, 8.374598, 0.825923, 15.19105, 43.2284
6844.08, 8.18328, 0.705593, 13.77485, 22.224
8987.14, 7.963038, 0.575866, 12.50425, 10.8599
4898.43, 8.083275, 0.631118, 15.0898, 11.169
4446.56, 8.030485, 0.59634, 15.47475, 10.8525
8556.42, 8.426985, 0.869396, 13.37705, 17.4908
6115.68, 7.988833, 0.581718, 13.93536, 16.7679
5146.58, 7.838335, 0.487565, 14.52389, 11.3234
9569.19, 8.393803, 0.84926, 12.957, 10.0484
4771.48, 8.015702, 0.588172, 15.12739, 11.5072
5537.42, 8.022256, 0.598259, 14.40851, 18.0803
8702.49, 7.964258, 0.575748, 12.6181, 10.231
5123.28, 7.934292, 0.541471, 14.67051, 11.1939
4831.37, 8.11772, 0.652968, 15.19789, 14.2807
6526.92, 8.319344, 0.794174, 14.16889, 11.1626
6526.31, 8.43575, 0.871671, 14.34554, 19.6342
6625.61, 7.958355, 0.565898, 13.58972, 11.2773
4501.0, 7.816958, 0.471467, 15.14288, 11.604
8127.48, 8.273495, 0.767361, 13.30459, 17.1144
6227.46, 8.212546, 0.722668, 14.18665, 10.4762
5103.8, 7.957879, 0.555189, 14.71751, 10.2
5233.1, 8.080067, 0.631215, 14.75361, 18.2685
6581.54, 8.073114, 0.634936, 13.77452, 10.0461
4964.42, 7.945192, 0.546575, 14.83155, 13.228
5473.83, 8.08292, 0.635288, 14.54688, 12.4545
9427.3, 8.419204, 0.865682, 13.03742, 20.7591
25260.08, 8.891249, 1.155581, 11.91309, 11.0197
4322.37, 7.826055, 0.475805, 15.33418, 22.3772
7512.24, 8.436254, 0.873798, 13.84929, 10.1726
6559.09, 8.136883, 0.674963, 13.87796, 10.6765
6044.15, 8.340478, 0.80684, 14.49458, 14.0809
4875.81, 8.064713, 0.619244, 15.08087, 13.4877
23998.53, 8.318946, 0.823333, 10.95927, 14.9793
5731.46, 8.185895, 0.703072, 14.49391, 10.6293
4689.88, 7.801416, 0.474229, 14.90891, 19.6393
8307.18, 7.989265, 0.589231, 12.81591, 10.1051
4528.48, 7.679473, 0.41819, 14.90953, 14.4718
6618.15, 8.415062, 0.858114, 14.2596, 11.6745
7410.93, 8.906127, 1.152487, 14.74958, 12.5869
7023.74, 8.467622, 0.893704, 14.13825, 10.8395
5762.79, 8.022895, 0.600256, 14.22981, 14.3445
4997.99, 8.053382, 0.612745, 14.94307, 19.1094
8312.19, 8.581637, 0.969299, 13.74534, 11.2779
5193.3, 8.035807, 0.603222, 14.73254, 10.8684
6469.38, 8.141854, 0.677826, 13.92408, 10.3549
7709.26, 7.992976, 0.589642, 13.07638, 15.8381
13145.01, 8.039919, 0.631835, 11.61215, 24.0294
8849.71, 8.230797, 0.741027, 12.94328, 27.8199
5973.12, 8.320311, 0.793117, 14.51181, 15.3233
12274.55, 7.979178, 0.594243, 11.62876, 16.0695
4262.36, 7.580781, 0.375698, 15.05328, 10.9235
5279.29, 7.935055, 0.543575, 14.52543, 10.2769
7969.23, 7.101916, 0.259493, 11.61655, 24.8116
7539.71, 8.432027, 0.871052, 13.81748, 25.1842
4862.83, 7.977644, 0.565327, 14.97667, 16.6817
4712.3, 7.728526, 0.440375, 14.78584, 21.1768
7505.13, 7.561582, 0.394136, 12.53115, 12.5133
6091.64, 8.217701, 0.725518, 14.27174, 24.3826
7302.35, 7.991261, 0.587414, 13.26836, 10.3281
5462.11, 8.057892, 0.619549, 14.52065, 10.3637
5742.37, 8.359591, 0.818454, 14.74243, 10.0036
9706.17, 8.363059, 0.829339, 12.84473, 13.5449
17213.89, 9.118674, 1.24624, 13.09096, 13.147
4088.68, 7.728969, 0.437531, 15.4159, 16.9096
10773.41, 8.304899, 0.793388, 12.42519, 16.107
5764.19, 7.80789, 0.477649, 13.94642, 10.3948
4541.5, 7.632791, 0.398503, 14.83282, 11.1166
4762.07, 8.109851, 0.647658, 15.2543, 15.1886
7120.73, 8.468744, 0.894602, 14.08304, 11.1759
8436.65, 8.091492, 0.651462, 12.90083, 11.6192
6049.73, 7.839931, 0.496668, 13.78585, 10.7137
5992.64, 8.148728, 0.68031, 14.24099, 10.7944
5993.36, 8.071981, 0.631769, 14.13145, 16.0683
4703.9, 7.864593, 0.498585, 14.99389, 11.6916
5707.38, 8.085812, 0.63883, 14.36052, 10.48
6833.52, 7.696573, 0.440702, 13.09019, 12.2675
13413.15, 7.989486, 0.602886, 11.51265, 10.4105
5861.48, 8.088431, 0.641376, 14.24774, 15.4665
5202.47, 7.062962, 0.216553, 13.42227, 10.2068
11609.27, 8.005369, 0.607916, 11.77986, 11.9447
5737.74, 8.214021, 0.721515, 14.52265, 10.5469
6272.89, 7.957719, 0.564093, 13.79198, 10.0644
7219.63, 7.846932, 0.505301, 13.11463, 12.117
5037.9, 7.925014, 0.535326, 14.73269, 23.1061
5045.85, 7.92343, 0.534472, 14.72271, 13.1743
6099.0, 8.300073, 0.780055, 14.39026, 11.6163
12059.92, 8.457577, 0.895071, 12.39815, 15.8833
7091.36, 8.383093, 0.83783, 13.95662, 12.7029
7355.68, 8.246169, 0.747798, 13.61254, 12.1047
9277.78, 8.551532, 0.95147, 13.32363, 15.0979
6906.4, 8.265824, 0.759689, 13.86424, 10.8276
5606.26, 8.058668, 0.621191, 14.40144, 17.5089
4950.21, 7.905951, 0.523587, 14.79634, 16.5959
5472.5, 8.167722, 0.68945, 14.66798, 15.2034
4258.76, 7.842888, 0.484891, 15.41332, 11.9881
10192.01, 7.790504, 0.485641, 11.83101, 11.4096
7836.52, 8.097836, 0.653806, 13.16447, 27.6511
4593.26, 7.663685, 0.411529, 14.82211, 10.1209
6336.47, 7.999945, 0.589371, 13.80829, 24.7231
4389.53, 7.6378, 0.399859, 14.9973, 11.6886
5657.74, 8.229661, 0.731368, 14.60821, 12.1996
4699.9, 7.964787, 0.556838, 15.12467, 17.0776
8125.18, 8.011022, 0.601611, 12.90903, 25.077
5792.47, 8.34002, 0.805567, 14.67131, 23.2897
8471.03, 7.937792, 0.559804, 12.67202, 11.3894
5924.31, 8.645291, 1.005651, 15.08935, 70.8376
5576.63, 7.942093, 0.550716, 14.26851, 11.9396
5187.44, 7.925668, 0.537078, 14.59058, 11.6439
5848.57, 7.952135, 0.558507, 14.07001, 53.1904
6574.55, 8.307011, 0.786101, 14.11215, 15.7825
10369.85, 7.99057, 0.5959, 12.06674, 10.6985
9157.0, 7.998703, 0.597241, 12.48086, 12.0725
6961.3, 8.171345, 0.698205, 13.70035, 11.0613
5482.67, 8.230509, 0.730694, 14.75176, 13.5799
5711.68, 7.633795, 0.411106, 13.71825, 14.359
19295.08, 8.374216, 0.85158, 11.45368, 25.8435
19403.63, 8.315732, 0.814516, 11.34742, 10.0239
5120.17, 7.992678, 0.576194, 14.74102, 21.1988
22072.68, 8.567264, 0.976019, 11.5594, 13.4633
5012.47, 8.537861, 0.934794, 15.66999, 11.8826
5862.42, 8.463929, 0.888651, 14.82195, 11.5827
4695.37, 8.100324, 0.641316, 15.31012, 11.1618
15076.61, 8.946829, 1.175775, 12.94622, 11.6586
10693.8, 9.361225, 1.319306, 14.57912, 15.5195
7158.32, 7.686702, 0.43845, 12.9483, 12.0002
9116.28, 7.87611, 0.527233, 12.31881, 12.7659
8706.66, 8.092876, 0.653044, 12.79146, 15.1688
5638.63, 8.419563, 0.858126, 14.91918, 14.0819
4190.45, 7.649101, 0.403775, 15.21295, 13.578
5811.44, 8.091704, 0.643162, 14.28893, 16.0613
8198.25, 7.849942, 0.510158, 12.65342, 15.8957
6075.46, 8.254686, 0.749825, 14.3418, 10.4974
6183.87, 8.293452, 0.775937, 14.32771, 22.0005
5517.15, 8.152936, 0.680255, 14.60969, 21.8587
6173.94, 8.16915, 0.694246, 14.14962, 11.4722
4458.28, 7.865556, 0.498162, 15.24564, 16.917
24468.09, 8.691953, 1.051414, 11.58321, 21.4128
4563.98, 7.502347, 0.344816, 14.64759, 19.6474
4387.14, 7.866644, 0.498545, 15.3182, 14.7915
8482.38, 8.093121, 0.652594, 12.88292, 10.3335
5561.26, 7.933771, 0.545754, 14.26943, 10.5832
5884.99, 7.987936, 0.579894, 14.09343, 13.7511
5316.63, 8.242251, 0.737289, 14.91113, 11.0968
7220.19, 7.1314, 0.260785, 12.04705, 13.0244
6628.79, 7.998712, 0.589761, 13.63491, 11.6497
5712.37, 8.09279, 0.64325, 14.36626, 11.8743
5835.35, 8.029848, 0.604936, 14.18603, 14.0569
5571.63, 8.644266, 1.003969, 15.35987, 18.4256
4738.27, 7.855922, 0.493907, 14.94889, 13.7342
4769.72, 8.196115, 0.704218, 15.36684, 13.0331
6644.43, 8.118646, 0.663668, 13.79499, 10.5288
5960.11, 9.191722, 1.267636, 16.1661, 11.361
5573.81, 8.228909, 0.730328, 14.68184, 10.1186
7460.19, 8.257577, 0.755509, 13.57982, 10.9409
10916.4, 8.123363, 0.677584, 12.10103, 20.4078
4437.72, 7.84498, 0.486597, 15.24054, 14.8688
5905.36, 8.390217, 0.839625, 14.67019, 13.4818
7631.51, 8.05961, 0.629614, 13.2083, 11.2812
5950.82, 8.11787, 0.66041, 14.22662, 17.258
5071.4, 8.294021, 0.770821, 15.21972, 12.0726
11778.91, 8.020817, 0.61743, 11.76641, 14.0332
5111.8, 8.181189, 0.695658, 15.01447, 11.6885
11324.16, 8.351226, 0.824648, 12.36544, 15.8266
5615.86, 8.549306, 0.943912, 15.15468, 20.697
8555.77, 7.992981, 0.59215, 12.70913, 11.6232
4787.27, 7.822548, 0.475834, 14.85749, 15.5692
7829.27, 8.383062, 0.839165, 13.61678, 14.6262
8511.42, 7.983249, 0.586288, 12.7115, 10.0458
9558.42, 8.259697, 0.761392, 12.73216, 12.8406
6291.32, 8.065592, 0.629181, 13.92843, 10.5983
4302.31, 7.752276, 0.448927, 15.23827, 10.9158
11089.4, 8.21446, 0.735522, 12.2094, 10.9647
4528.79, 7.263546, 0.261677, 14.40572, 10.1798
12378.31, 7.979796, 0.594846, 11.6166, 16.0627
7949.07, 8.442345, 0.878541, 13.65147, 29.7108
9274.01, 8.546191, 0.94806, 13.30964, 31.6065
8312.78, 7.965531, 0.575339, 12.76449, 16.933
6347.96, 7.217715, 0.274688, 12.69731, 11.5059
8768.15, 9.083689, 1.230604, 14.562, 18.0467
5637.7, 7.997459, 0.583989, 14.29305, 17.1799
6181.68, 8.249366, 0.746703, 14.26302, 10.4252
5411.26, 7.948484, 0.552943, 14.41697, 11.4515
6656.63, 7.992826, 0.586344, 13.61137, 14.3616
4790.93, 8.068959, 0.621596, 15.17146, 13.6797
6045.77, 8.249739, 0.746441, 14.35358, 10.8944
6155.38, 8.224419, 0.730176, 14.2421, 10.2441
8268.79, 8.19268, 0.715028, 13.11961, 15.1592
4906.31, 8.055794, 0.613761, 15.03616, 19.1764
7974.6, 8.035791, 0.616064, 13.01477, 20.3307
11726.62, 8.269393, 0.772212, 12.15566, 30.5565
4949.86, 7.789137, 0.470265, 14.62064, 28.2696
4015.0, 7.685461, 0.418416, 15.42826, 13.3448
4644.29, 7.810756, 0.478554, 14.96803, 10.5819
6433.01, 7.871877, 0.516028, 13.58245, 10.9556
5583.65, 8.045283, 0.612742, 14.40142, 13.3547
6075.37, 8.222767, 0.728779, 14.28839, 37.2497
6097.67, 7.995659, 0.585704, 13.95618, 10.0196
7825.1, 7.967198, 0.574832, 12.9841, 12.8926
14078.26, 8.386936, 0.852259, 12.03123, 20.266
11099.4, 7.985967, 0.595248, 11.85625, 19.1905
5209.27, 7.952658, 0.55309, 14.60525, 13.598
10324.93, 8.236791, 0.748217, 12.44705, 15.0788
6612.57, 7.985492, 0.58183, 13.62449, 12.8162
4481.84, 7.839716, 0.483841, 15.19066, 13.6325
5513.39, 8.20523, 0.714281, 14.68879, 11.2778
4818.53, 7.802611, 0.475829, 14.77509, 16.4892
4929.4, 8.081681, 0.630244, 15.04754, 12.0469
6263.75, 7.964453, 0.567998, 13.80261, 19.32
15414.62, 7.931686, 0.575013, 11.18512, 10.5488
5112.12, 7.965564, 0.559831, 14.71445, 12.358
9055.18, 8.306559, 0.790962, 12.99007, 14.1808
4432.14, 7.800938, 0.472519, 15.16965, 20.1165
5700.65, 7.881064, 0.516878, 14.08876, 10.376
4758.49, 7.881453, 0.508369, 14.95842, 10.1388
6088.0, 8.140445, 0.675429, 14.16488, 11.8014
10005.07, 7.869112, 0.526235, 11.99414, 11.6767
5156.67, 8.281182, 0.762522, 15.11999, 14.8307
5647.02, 8.561243, 0.951769, 15.15245, 11.4192
5307.94, 8.068359, 0.624514, 14.67049, 19.9574
7894.48, 8.365229, 0.827481, 13.55311, 12.1615
5330.31, 7.64215, 0.410082, 14.05053, 14.5041
5996.3, 8.429425, 0.866118, 14.66884, 11.4719
6584.1, 8.43458, 0.871014, 14.3108, 12.2256
6333.48, 7.933698, 0.550426, 13.71313, 22.9195
5953.53, 8.401085, 0.847061, 14.65369, 11.3461
5219.52, 7.939453, 0.545447, 14.5782, 17.4968
4409.52, 7.823551, 0.474718, 15.24366, 10.2941
7439.14, 8.456099, 0.886777, 13.90646, 12.2642
8772.07, 8.454676, 0.887944, 13.33731, 24.0989
5293.59, 8.032451, 0.602083, 14.6343, 13.1552
4892.0, 7.626171, 0.398123, 14.45851, 19.5913
4638.37, 7.928658, 0.535118, 15.14278, 10.436
4935.53, 8.026003, 0.595316, 14.96861, 20.7865
4761.91, 7.993627, 0.574568, 15.09906, 15.7782
6845.32, 8.275127, 0.765677, 13.91603, 13.3829
7192.98, 7.897632, 0.533062, 13.19413, 10.9611
6952.56, 8.248342, 0.748296, 13.81861, 10.4183
4554.92, 7.630622, 0.397656, 14.83153, 10.1609
4250.81, 7.709214, 0.429469, 15.24076, 12.4546
18135.0, 8.321999, 0.816644, 11.48095, 16.7311
5447.36, 8.060231, 0.620858, 14.53688, 13.0724
6973.84, 8.658052, 1.015094, 14.48748, 13.9169
6012.75, 8.595961, 0.975058, 14.94036, 18.0395
6677.61, 8.286138, 0.77253, 14.0213, 23.2335
8754.36, 7.948415, 0.566741, 12.56244, 14.0811
6749.78, 8.311026, 0.789212, 14.03076, 10.7053
5255.17, 8.185218, 0.699157, 14.89259, 11.1018
5463.07, 7.95444, 0.556963, 14.37838, 18.1272
5763.69, 8.004663, 0.589206, 14.21395, 11.6631
6872.15, 7.864652, 0.513724, 13.32312, 13.5522
11309.16, 8.45652, 0.893227, 12.54577, 20.55
9178.8, 7.127646, 0.271893, 11.13431, 11.4209
7121.65, 8.21686, 0.728101, 13.67864, 23.3131
5584.96, 7.893312, 0.522822, 14.19717, 13.439
5812.95, 8.206894, 0.717233, 14.46371, 11.29
15657.32, 7.905373, 0.561203, 11.10796, 17.9829
8589.15, 8.255074, 0.756256, 13.08562, 19.9095
8073.96, 7.967207, 0.575596, 12.87574, 15.5016
5164.39, 8.019306, 0.592806, 14.74486, 10.1816
7748.17, 8.293882, 0.780009, 13.50406, 12.0052
4922.18, 7.661112, 0.413156, 14.47401, 14.2003
6253.05, 8.30354, 0.782878, 14.30177, 13.7782
6850.89, 8.206127, 0.72043, 13.80672, 14.6583
4755.5, 7.796125, 0.461461, 14.85828, 17.6414
8910.67, 7.950395, 0.568338, 12.50176, 14.7629
12009.53, 7.753643, 0.473202, 11.39067, 10.3635
5219.07, 8.067671, 0.623298, 14.75219, 15.3665
4245.59, 7.476728, 0.332833, 14.95905, 11.6142
4698.82, 7.863546, 0.497974, 15.00495, 10.4106
8765.52, 7.984615, 0.587826, 12.62016, 11.7795
10138.28, 8.049013, 0.630022, 12.22343, 12.2117
8448.36, 8.612439, 0.988685, 13.74709, 14.6286
4982.94, 7.936509, 0.541602, 14.8016, 14.6537
8614.74, 8.529065, 0.936193, 13.529, 23.7584
6313.66, 8.299567, 0.780425, 14.25742, 22.6847
11763.48, 8.101069, 0.665809, 11.90276, 11.6099
4695.36, 8.05343, 0.611449, 15.25318, 11.6561
5456.8, 8.035966, 0.605951, 14.49357, 18.849
4990.89, 7.476264, 0.33785, 14.17436, 11.1408
5458.99, 7.980562, 0.572398, 14.41761, 19.013
7720.29, 7.942037, 0.559934, 12.99734, 22.0612
10721.64, 7.967592, 0.583537, 11.9342, 11.2791
8880.64, 8.324299, 0.80228, 13.07608, 50.7381
6570.95, 8.105574, 0.655181, 13.82589, 11.2709
5719.05, 8.051207, 0.617348, 14.31125, 10.304
5284.32, 7.887762, 0.516582, 14.4489, 18.4194
6094.62, 7.936748, 0.551024, 13.88065, 13.6987
9052.13, 8.040295, 0.62181, 12.57237, 25.1831
8430.18, 8.575052, 0.965298, 13.68733, 14.1606
7096.47, 7.452162, 0.353593, 12.59337, 10.0546
7827.31, 8.221452, 0.732667, 13.35325, 21.2845
6314.61, 8.201314, 0.715652, 14.1084, 13.1794
7209.12, 8.357515, 0.821079, 13.85878, 12.8974
5514.67, 8.185661, 0.70148, 14.65771, 11.2956
13589.26, 7.787655, 0.494544, 11.21652, 10.3697
11485.09, 7.907553, 0.551729, 11.66607, 10.7405
5793.52, 8.040737, 0.611364, 14.23271, 13.0288
8034.45, 8.312344, 0.792774, 13.40599, 11.2681
5198.51, 7.990587, 0.57562, 14.66464, 34.3509
17183.94, 7.881454, 0.55213, 10.90475, 15.0837
9666.48, 8.303769, 0.790394, 12.76353, 13.0394
7601.36, 8.149499, 0.685788, 13.35189, 14.2292
14561.67, 7.969948, 0.594412, 11.32226, 62.1485
12371.37, 8.587015, 0.977764, 12.57097, 17.7541
6435.61, 8.125054, 0.667013, 13.92317, 11.8256
4572.68, 8.048303, 0.607844, 15.36156, 12.1558
6221.91, 8.346383, 0.811344, 14.38518, 12.4719
5108.16, 7.47405, 0.338493, 14.04637, 13.196
6132.5, 7.870524, 0.513819, 13.77079, 13.969
7873.81, 7.977185, 0.580825, 12.97114, 22.364
6346.48, 7.96943, 0.57129, 13.77087, 11.535
15446.16, 7.912901, 0.56478, 11.15493, 15.7221
5097.01, 8.279547, 0.761161, 15.17308, 17.1769
7330.4, 8.224364, 0.733479, 13.58744, 16.5742
4289.92, 7.801681, 0.462503, 15.3364, 13.4558
8760.06, 8.249934, 0.753274, 13.01947, 10.5101
4970.25, 8.006315, 0.583397, 14.90695, 17.6724
4699.13, 8.105692, 0.644784, 15.31202, 12.8313
7248.21, 8.042692, 0.618203, 13.36661, 18.5537
9607.85, 7.367219, 0.33908, 11.34248, 12.3276
11286.74, 8.193568, 0.722616, 12.12898, 16.2847
7894.32, 8.412335, 0.858643, 13.63823, 10.9751
8682.15, 8.443238, 0.880292, 13.36781, 10.5123
7128.93, 7.960565, 0.568827, 13.32043, 12.6893
5514.44, 8.055478, 0.618515, 14.48209, 11.7755
11175.71, 7.947149, 0.573105, 11.79811, 14.281
4958.68, 8.328002, 0.793469, 15.38764, 11.6099
8343.57, 8.17042, 0.70092, 13.05018, 40.6641
7256.32, 8.185661, 0.708175, 13.57079, 15.161
7736.4, 7.930861, 0.553583, 12.9741, 18.1205
6710.86, 8.056461, 0.625072, 13.67767, 12.8384
4678.73, 7.815282, 0.471316, 14.96798, 13.6802
5416.69, 7.767949, 0.465402, 14.15895, 12.4288
9979.33, 8.342302, 0.816258, 12.73229, 11.6591
4025.7, 7.651888, 0.404391, 15.38993, 11.0194
6050.84, 8.170468, 0.694577, 14.24981, 10.1765
5359.6, 7.762433, 0.462232, 14.20172, 12.5442
7023.5, 8.282532, 0.770993, 13.8426, 11.3042
7643.28, 8.250932, 0.751533, 13.50316, 10.0755
5603.23, 8.16746, 0.690291, 14.56815, 14.1609
12333.19, 8.12225, 0.68009, 11.83735, 12.8195
7619.13, 8.231941, 0.739055, 13.48557, 11.0785
4660.9, 7.918241, 0.529105, 15.11334, 15.4137
5244.37, 7.978446, 0.568782, 14.60546, 22.501
6741.78, 7.908456, 0.537632, 13.46493, 10.479
5027.16, 7.903427, 0.52277, 14.7242, 12.1623
5603.97, 7.743374, 0.455775, 13.96583, 11.8952
7963.14, 8.234629, 0.741552, 13.32612, 11.9922
6970.05, 8.024708, 0.606478, 13.48128, 16.0848
7577.72, 8.331761, 0.804716, 13.64841, 14.1474
8503.04, 7.879805, 0.527365, 12.58069, 10.2645
7591.79, 8.227738, 0.736253, 13.4799, 13.3992
5871.86, 8.110232, 0.655179, 14.28084, 13.2864
14673.99, 8.275782, 0.781528, 11.7988, 13.7646
5038.92, 8.058835, 0.616425, 14.91973, 13.6438
5143.92, 7.883343, 0.51244, 14.58416, 12.9073
3976.65, 7.807011, 0.473707, 15.61797, 20.8688
7592.57, 8.292549, 0.778814, 13.57158, 15.869
6001.58, 7.259996, 0.282752, 13.00361, 13.3717
5308.91, 7.862219, 0.50267, 14.40332, 12.2238
5777.6, 8.168881, 0.692272, 14.43497, 10.1644
5481.34, 7.910673, 0.531768, 14.31422, 10.3704
6128.42, 8.20431, 0.716899, 14.23974, 10.3025
7382.41, 8.25168, 0.751471, 13.60465, 20.0944
7179.22, 8.016784, 0.602307, 13.36239, 14.5691
6545.31, 8.93614, 1.166413, 15.25748, 11.5244
15353.02, 7.958056, 0.589563, 11.2415, 12.8722
5564.18, 8.196904, 0.709207, 14.64311, 12.5683
10825.95, 8.761702, 1.079184, 13.24451, 11.1617
10978.14, 8.253821, 0.760625, 12.30233, 12.5005
6626.4, 8.128688, 0.669973, 13.82736, 12.6949
13826.99, 7.998847, 0.609269, 11.48262, 13.5188
6486.31, 8.304292, 0.78406, 14.169, 11.087
6339.49, 8.19127, 0.709204, 14.07823, 13.6059
8036.5, 8.138769, 0.680029, 13.15056, 10.7892
4411.98, 7.729784, 0.439419, 15.09639, 11.9895
4998.19, 8.376546, 0.826488, 15.41984, 24.4533
5593.41, 8.435518, 0.868557, 14.99079, 10.0547
5665.39, 8.145744, 0.676669, 14.48638, 11.7279
5046.95, 8.061056, 0.617873, 14.91441, 10.1328
5598.72, 8.197578, 0.709892, 14.60544, 24.6866
11644.13, 7.883361, 0.53889, 11.6093, 10.8699
4803.22, 7.931038, 0.537243, 14.97661, 13.9819
4747.56, 7.923804, 0.532731, 15.02322, 14.3039
4989.77, 8.222315, 0.722345, 15.19772, 12.5837
5562.32, 7.966954, 0.565202, 14.30951, 36.0908
5159.17, 8.497504, 0.908333, 15.46793, 10.2246
5100.61, 7.904181, 0.52385, 14.6527, 11.4763
6101.58, 7.973028, 0.572264, 13.92577, 13.1921
4892.34, 8.2031, 0.709202, 15.26605, 12.179
7329.26, 8.269611, 0.763147, 13.67041, 14.8891
7817.47, 8.03403, 0.614549, 13.08116, 16.3583
6766.64, 8.472456, 0.896448, 14.27981, 12.5223
8263.29, 8.531828, 0.937498, 13.67798, 16.0628
4650.08, 7.841339, 0.485405, 15.0195, 18.8781
5595.54, 8.094995, 0.643853, 14.47045, 11.6896
7114.05, 8.249565, 0.749485, 13.7321, 23.8861
4602.36, 7.760872, 0.454173, 14.95328, 12.2873
8956.74, 8.039913, 0.62132, 12.61469, 19.3401
7028.81, 8.26368, 0.758569, 13.79792, 20.3364
6602.02, 8.291384, 0.775805, 14.08317, 11.1344
4929.2, 7.265062, 0.266205, 13.97193, 10.0986
4701.73, 7.910086, 0.524533, 15.06198, 16.0392
5665.57, 8.253047, 0.746894, 14.64312, 14.415
15607.88, 8.522105, 0.941029, 12.09599, 19.2862
13600.7, 8.032431, 0.628411, 11.56198, 10.5733
4821.09, 8.144119, 0.670093, 15.25069, 12.2457
5641.71, 8.331036, 0.798818, 14.77477, 10.0923
6899.06, 7.483024, 0.36336, 12.73827, 11.298
9860.31, 7.988257, 0.593082, 12.21153, 12.1509
5172.82, 8.36135, 0.816733, 15.22931, 12.2042
6494.49, 8.019249, 0.601623, 13.74033, 10.6874
13918.34, 9.115598, 1.244101, 13.395, 15.5917
15282.88, 9.360788, 1.319875, 13.79365, 11.1099
8384.63, 8.251293, 0.753346, 13.16395, 13.2206
16529.14, 8.323572, 0.815203, 11.64973, 10.9469
6328.12, 7.621115, 0.410309, 13.27376, 12.0583
4875.4, 8.419982, 0.855668, 15.60769, 12.0711
8860.48, 8.366046, 0.829744, 13.15738, 20.5264
4933.75, 8.475249, 0.893013, 15.64332, 10.3446
13323.16, 7.637217, 0.440405, 11.00545, 11.3296
19774.48, 8.092891, 0.677067, 10.96869, 11.3481
7258.19, 8.323354, 0.79852, 13.77873, 12.6978
7735.59, 7.948564, 0.563741, 13.00158, 12.8619
9947.4, 8.3898, 0.847334, 12.80835, 23.5622
6286.02, 8.11934, 0.66283, 14.00657, 14.8193
22195.79, 7.302871, 0.391343, 9.38754, 12.0087
7043.03, 8.013425, 0.599887, 13.42828, 21.4056
8022.58, 8.178379, 0.705253, 13.20652, 11.7397
4958.89, 8.289883, 0.767654, 15.32261, 15.2038
7303.79, 7.585716, 0.401845, 12.67036, 15.4905
6457.51, 8.043591, 0.616291, 13.79475, 19.4479
6397.86, 8.227743, 0.733217, 14.09758, 13.8449
16703.07, 8.037689, 0.638265, 11.19694, 13.19
6108.89, 8.460628, 0.887196, 14.64439, 10.672
4855.89, 7.199924, 0.247354, 13.96448, 10.5699
5295.84, 8.192251, 0.704042, 14.8599, 12.4214
5979.53, 8.128704, 0.667438, 14.2221, 12.1463
5285.02, 8.199139, 0.708507, 14.88892, 10.431
6585.47, 8.033791, 0.610777, 13.70841, 12.8608
5702.22, 7.915386, 0.536278, 14.13292, 10.9232
4562.09, 7.671766, 0.414933, 14.86421, 12.7674
10279.8, 7.967684, 0.582322, 12.04761, 12.2896
5324.86, 8.143285, 0.672331, 14.76331, 18.7008
11231.27, 7.930351, 0.563753, 11.7529, 12.0698
5360.87, 7.976797, 0.569107, 14.49553, 27.7983
14356.17, 7.998309, 0.610185, 11.41441, 10.1918
6018.43, 8.764792, 1.076679, 15.24592, 13.5178
4165.45, 7.794856, 0.468525, 15.42496, 32.3792
17751.15, 7.919291, 0.573771, 10.91019, 11.097
4738.63, 7.256177, 0.261421, 14.16971, 11.4837
6403.78, 8.13223, 0.671458, 13.95364, 20.3268
11648.43, 8.114633, 0.673904, 11.93303, 10.6876
7394.39, 8.025013, 0.607889, 13.27014, 12.9517
5345.07, 8.254987, 0.74596, 14.90547, 26.2846
4935.09, 7.848266, 0.490954, 14.73701, 14.8903
19741.1, 7.511135, 0.422696, 10.0292, 13.0634
6444.54, 8.020873, 0.602413, 13.77206, 11.9935
5297.26, 8.195097, 0.705924, 14.86266, 11.7593
6519.84, 8.078926, 0.63833, 13.80773, 20.5244
9299.42, 7.980462, 0.586913, 12.39543, 30.952
5282.62, 8.050366, 0.613053, 14.66978, 11.9648
6699.66, 8.279983, 0.768516, 14.00135, 10.8315
7150.14, 8.300742, 0.783317, 13.79871, 10.2304
19856.52, 8.317361, 0.816208, 11.30831, 16.8534
4939.37, 8.091971, 0.636851, 15.05406, 10.7873
5411.91, 8.083211, 0.634864, 14.59968, 11.1585
5283.67, 8.781081, 1.084491, 15.86699, 10.3176
14207.33, 7.992244, 0.606338, 11.42004, 12.0378
5016.25, 8.111729, 0.649914, 15.01621, 10.1741
5649.51, 8.188833, 0.704505, 14.54805, 60.5923
4425.42, 7.965959, 0.556657, 15.41284, 11.0553
6172.96, 7.947624, 0.557733, 13.8415, 13.4641
4587.86, 7.999442, 0.577502, 15.29317, 11.4937
22218.22, 7.960641, 0.606977, 10.55454, 13.1927
4769.16, 7.947697, 0.54692, 15.03358, 18.8584
4543.13, 8.243947, 0.735695, 15.67268, 11.3406
11662.53, 8.063404, 0.642627, 11.85229, 14.5934
4735.01, 7.827926, 0.478462, 14.92266, 10.7024
7395.18, 8.093053, 0.649673, 13.36764, 12.7761
6767.2, 8.289484, 0.774976, 13.97646, 13.6695
5066.62, 8.056324, 0.615035, 14.88931, 12.3353
8439.94, 7.976279, 0.58199, 12.74247, 11.8195
7660.33, 8.429096, 0.869319, 13.7618, 19.7115
5473.18, 8.276931, 0.761483, 14.83003, 26.2199
4902.67, 8.26683, 0.751931, 15.34926, 11.1816
4395.07, 7.802282, 0.463164, 15.2333, 19.2291
5046.93, 7.957992, 0.55479, 14.77562, 16.0975
9516.55, 8.568694, 0.962634, 13.28115, 10.1912
5366.42, 8.032456, 0.60285, 14.57741, 10.6529
7030.84, 8.292373, 0.777516, 13.8408, 24.1055
4635.41, 7.973833, 0.562052, 15.21147, 12.3117
5500.81, 8.529836, 0.930737, 15.22596, 11.0425
4890.84, 7.899543, 0.519471, 14.85698, 10.2106
5532.84, 8.013785, 0.593064, 14.39631, 16.3307
16878.22, 7.872739, 0.546772, 10.93384, 10.5932
5460.97, 7.942095, 0.549715, 14.36382, 24.9643
4858.35, 7.820796, 0.475353, 14.76622, 119.7566
6982.67, 7.850588, 0.506458, 13.25468, 11.6936
4891.05, 8.066237, 0.620275, 15.07202, 10.4355
4597.39, 8.032238, 0.597844, 15.32569, 13.364
4676.39, 7.75428, 0.451932, 14.85567, 16.5677
4021.83, 7.745063, 0.444679, 15.48184, 68.1555
5376.48, 8.074329, 0.62893, 14.62676, 10.8991
4876.43, 7.880231, 0.508368, 14.84387, 12.4843
5031.82, 7.926044, 0.535875, 14.74048, 22.2014
8045.7, 8.190397, 0.713039, 13.22207, 10.4296
7881.56, 8.460276, 0.89024, 13.72356, 14.8553
7203.73, 9.256918, 1.288019, 15.59664, 11.9381
5053.0, 8.35994, 0.815377, 15.34819, 10.5911
12869.44, 8.202922, 0.73176, 11.88828, 12.5993
9018.61, 8.30047, 0.786892, 13.00217, 14.2352
9307.45, 8.314634, 0.796774, 12.91923, 14.37
5418.36, 7.969325, 0.565299, 14.44599, 10.6149
4925.76, 8.399603, 0.841961, 15.53345, 10.9122
7001.66, 7.89335, 0.530033, 13.29717, 10.169
5117.26, 8.364712, 0.818808, 15.28705, 21.1394
10455.74, 8.012468, 0.609038, 12.07122, 10.9174
6541.89, 8.352315, 0.81616, 14.2114, 10.9852
10101.12, 7.908358, 0.548096, 12.026, 12.9395
4852.29, 8.076969, 0.626914, 15.12842, 12.7793
4938.44, 8.066935, 0.620941, 15.02539, 12.73
5819.5, 7.778939, 0.470869, 13.85884, 11.056
5438.43, 7.984965, 0.574825, 14.44918, 17.3432
5858.06, 8.076833, 0.634096, 14.24333, 11.3635
6925.85, 7.974805, 0.576541, 13.43224, 48.0597
5026.44, 7.828584, 0.481034, 14.62971, 11.787
4617.6, 7.875953, 0.504613, 15.1038, 11.116
4329.69, 7.647973, 0.403641, 15.0908, 10.0037
5956.56, 7.962706, 0.565363, 14.0047, 28.2895
3984.1, 7.746074, 0.444846, 15.54364, 12.6965
4951.4, 8.265492, 0.75117, 15.31043, 11.0109
4434.67, 8.08656, 0.631794, 15.54898, 35.2886
7923.85, 8.548775, 0.947931, 13.85788, 11.9603
9633.52, 8.01137, 0.606078, 12.33497, 10.91
5123.98, 8.484431, 0.899525, 15.48001, 13.0172
7089.05, 8.179572, 0.703835, 13.65415, 11.4301
9684.21, 8.262121, 0.763244, 12.69832, 13.4647
8205.87, 7.909057, 0.542704, 12.74337, 17.3386
4748.68, 7.798777, 0.47339, 14.85099, 10.395
4808.74, 7.845894, 0.488738, 14.87205, 13.9548
5834.14, 8.236906, 0.737082, 14.49296, 15.8511
6010.17, 8.222611, 0.728418, 14.34538, 11.0079
5967.76, 8.080918, 0.637213, 14.17154, 11.8002
5645.26, 8.128118, 0.665234, 14.47214, 17.1342
4600.05, 7.753156, 0.450603, 14.94406, 16.7759
5239.64, 8.151142, 0.676794, 14.85906, 11.0109
13098.49, 7.986581, 0.600468, 11.55403, 11.5401
8235.74, 7.971219, 0.578425, 12.82078, 10.6648
4649.03, 7.917167, 0.528432, 15.12256, 18.7026
15986.87, 7.939672, 0.580793, 11.13926, 19.3929
4694.95, 7.850155, 0.490487, 14.99467, 12.2329
13550.46, 7.838369, 0.520195, 11.30222, 10.0259
5251.54, 7.99775, 0.580474, 14.63962, 10.091
5112.89, 7.705311, 0.433894, 14.36154, 10.0516
5658.35, 8.103192, 0.649464, 14.44026, 11.0788
4000.67, 7.756279, 0.449359, 15.54196, 15.2471
5454.09, 7.949431, 0.553937, 14.39619, 10.9209
6240.38, 8.057019, 0.623672, 13.95701, 11.5413
9712.85, 8.482977, 0.90784, 13.05782, 16.0921
5011.39, 7.981169, 0.568396, 14.84145, 19.1657
8477.89, 7.875946, 0.525168, 12.58032, 17.98
6181.6, 8.249263, 0.746634, 14.26966, 18.0143
8334.07, 8.51724, 0.928159, 13.63154, 13.6623
7505.0, 8.4716, 0.897092, 13.91961, 11.2077
7427.12, 8.074776, 0.638403, 13.34131, 12.7531
6561.07, 8.371702, 0.829121, 14.23956, 10.3597
5551.85, 7.877756, 0.513819, 14.20314, 20.3083
12240.55, 8.082525, 0.655511, 11.78729, 10.4526
6881.53, 8.350616, 0.815819, 14.01378, 10.5295
8242.44, 8.626575, 0.997173, 13.85566, 10.3067
5687.53, 8.202677, 0.71379, 14.54428, 10.7632
8002.6, 8.386554, 0.841786, 13.54061, 13.8737
7530.97, 8.027008, 0.609484, 13.20699, 11.9579
5067.94, 7.971818, 0.563206, 14.76591, 16.8638
6028.03, 8.207897, 0.718839, 14.29976, 36.1501
7514.23, 8.28735, 0.775224, 13.60135, 10.968
6675.19, 7.997403, 0.589137, 13.60825, 16.1177
5547.82, 8.147718, 0.677129, 14.57471, 20.1048
7828.44, 8.258322, 0.756771, 13.41271, 13.8928
25386.71, 7.936072, 0.601379, 10.23491, 27.9943
5432.23, 8.062317, 0.622004, 14.55211, 10.9841
7975.56, 8.25481, 0.754778, 13.34075, 12.7579
4750.32, 7.893997, 0.515483, 14.98128, 15.8693
5981.95, 8.019777, 0.599619, 14.06785, 13.0774
8208.57, 8.029826, 0.613134, 12.90908, 10.6023
5605.14, 8.204817, 0.71468, 14.61255, 11.706
7797.93, 8.123313, 0.669675, 13.22388, 10.3135
6367.36, 8.23266, 0.736345, 14.12257, 14.4292
5266.49, 8.111819, 0.651649, 14.76991, 17.0159
7336.81, 8.435733, 0.87316, 13.91943, 23.0499
5273.03, 7.812414, 0.475256, 14.36429, 10.593
5602.77, 8.229873, 0.731163, 14.65223, 10.1832
4651.31, 7.841579, 0.485542, 15.02155, 10.832
4849.8, 8.234809, 0.730255, 15.34818, 10.3188
7624.42, 7.952169, 0.565481, 13.0599, 11.1774
9937.83, 8.372297, 0.835841, 12.78035, 18.4767
5919.49, 8.131047, 0.668651, 14.26719, 10.5354
4494.26, 7.803395, 0.474039, 15.11209, 11.4317
5376.16, 7.422794, 0.3235, 13.72789, 13.5778
7261.88, 8.387555, 0.841112, 13.88064, 15.5772
4534.48, 7.806718, 0.476104, 15.07433, 10.1903
8560.95, 8.024113, 0.610703, 12.75294, 10.9425
7528.23, 8.423321, 0.865276, 13.79522, 81.5083
6812.11, 8.369633, 0.828312, 14.08168, 11.9454
9528.13, 8.081424, 0.648138, 12.46769, 10.7844
8444.83, 7.596429, 0.410364, 12.15821, 10.3142
5676.21, 7.953825, 0.558348, 14.2028, 11.9266
5109.14, 7.954422, 0.553185, 14.70147, 17.8429
4751.94, 8.239678, 0.733288, 15.45, 21.9435
5154.42, 8.143039, 0.670974, 14.91873, 11.1572
10952.8, 8.653376, 1.01649, 12.98979, 21.0545
5391.86, 8.218362, 0.721945, 14.81182, 14.2675
9454.81, 7.941886, 0.565052, 12.28948, 10.9938
6286.58, 7.395355, 0.328235, 12.98401, 12.2534
9478.81, 7.740522, 0.464823, 11.9842, 11.3144
9142.87, 8.474029, 0.901165, 13.23938, 10.9966
9040.24, 8.269785, 0.76684, 12.93522, 14.5579
5435.85, 7.957841, 0.558694, 14.40617, 11.5963
5985.51, 8.206108, 0.717493, 14.33041, 12.344
5358.07, 7.778954, 0.469648, 14.2192, 12.0568
5912.82, 7.83529, 0.493283, 13.87354, 11.2435
10156.67, 7.988059, 0.593823, 12.11404, 12.3612
5158.32, 8.632635, 0.99586, 15.6997, 12.6127
6405.23, 8.239331, 0.740852, 14.11139, 14.9558
7049.5, 8.375298, 0.832571, 13.96524, 10.5603
5635.88, 8.187218, 0.703364, 14.56036, 10.8405
4639.56, 8.258916, 0.745991, 15.59218, 11.6599
4979.31, 8.003999, 0.582039, 14.89591, 10.9422
9135.17, 8.469862, 0.89843, 13.22887, 18.3128
18537.69, 8.763602, 1.086566, 12.23294, 12.1018
6461.47, 8.00838, 0.594942, 13.74393, 21.108
4904.08, 8.134175, 0.663902, 15.14831, 18.6186
16268.02, 8.511927, 0.935396, 11.99964, 12.3718
13475.68, 7.996813, 0.607273, 11.51549, 11.723
7215.44, 8.4635, 0.891297, 14.02653, 15.2213
23985.2, 8.937798, 1.176333, 12.11292, 14.2029
7908.83, 8.098498, 0.654408, 13.13429, 16.6317
8829.29, 8.019064, 0.608434, 12.64123, 13.8755
11197.23, 8.182948, 0.715669, 12.13518, 12.0502
6551.75, 8.246004, 0.745687, 14.03489, 12.0476
5413.93, 7.934026, 0.544546, 14.39454, 13.5834
5557.75, 8.106541, 0.650881, 14.50983, 15.4712
5550.13, 8.038033, 0.608024, 14.41669, 33.0228
4837.6, 8.314291, 0.78389, 15.47677, 11.9225
4971.31, 7.899528, 0.520068, 14.76609, 12.373
9737.08, 8.023404, 0.613535, 12.30609, 10.8788
4323.13, 7.780113, 0.461533, 15.25269, 22.2515
6589.5, 8.009801, 0.596273, 13.6689, 10.8502
4508.49, 8.199945, 0.706141, 15.63435, 20.5175
5983.38, 7.941083, 0.552895, 13.96031, 16.8453
6728.95, 8.306421, 0.786105, 14.02637, 11.432
5523.93, 8.06132, 0.62222, 14.47311, 12.8025
5424.12, 8.684834, 1.028526, 15.55591, 13.2636
5691.29, 8.152642, 0.681275, 14.46653, 24.2561
8432.07, 8.308399, 0.790942, 13.233, 13.976
4675.24, 7.879797, 0.507035, 15.04103, 24.6947
15701.3, 7.916565, 0.567399, 11.11669, 40.2925
6056.29, 8.406276, 0.850853, 14.5901, 11.3502
6323.7, 7.840018, 0.498176, 13.60746, 14.1872
7352.83, 8.283322, 0.772235, 13.66297, 27.5067
5331.41, 8.019218, 0.594368, 14.57962, 10.4876
6026.49, 8.308302, 0.78529, 14.45489, 18.2063
9900.02, 8.161591, 0.69911, 12.46784, 27.3302
5881.66, 7.630066, 0.411126, 13.58881, 10.9373
8884.99, 8.329334, 0.805602, 13.09146, 11.7719
5306.62, 8.011682, 0.589509, 14.59321, 12.9649
10513.71, 8.278724, 0.775808, 12.45877, 10.5841
4125.0, 7.539116, 0.357896, 15.14061, 15.9536
5791.26, 7.951981, 0.558058, 14.11455, 16.7071
6942.56, 8.343369, 0.811137, 13.97087, 11.3367
6556.04, 8.340831, 0.808546, 14.1736, 25.2449
7271.96, 8.386657, 0.840535, 13.87532, 12.7995
11126.25, 8.785457, 1.092475, 13.20491, 14.6604
6526.3, 7.979289, 0.577839, 13.66457, 30.3822
5062.11, 8.059215, 0.616818, 14.89017, 11.6765
4414.75, 7.800327, 0.462186, 15.20957, 28.9034
8035.79, 8.128614, 0.673613, 13.12228, 10.2653
4300.59, 8.115557, 0.650203, 15.72147, 13.4937
9752.3, 8.062173, 0.636956, 12.35475, 20.7394
12343.16, 8.061562, 0.643035, 11.73743, 11.7478
7738.27, 8.382515, 0.838637, 13.64829, 15.3363
4692.68, 8.197837, 0.705172, 15.44726, 15.5817
14117.25, 7.999761, 0.610472, 11.44724, 13.8384
4908.83, 7.919985, 0.531404, 14.85648, 22.9446
4883.37, 7.991614, 0.573909, 14.97458, 10.7656
7049.51, 8.205245, 0.720364, 13.71256, 10.0443
13291.29, 8.272672, 0.777162, 11.9331, 21.2991
5296.95, 7.79195, 0.464809, 14.3153, 12.0798
5662.9, 8.134046, 0.669143, 14.46359, 23.6999
6753.95, 8.024793, 0.605871, 13.60039, 12.0788
7455.0, 7.62651, 0.417077, 12.65967, 12.0121
4424.1, 7.392461, 0.301403, 14.67733, 10.6786
8707.05, 8.284982, 0.77609, 13.08337, 16.8686
5193.94, 8.138381, 0.668212, 14.88064, 10.0613
6316.85, 8.342026, 0.808717, 14.32903, 10.4636
5142.57, 7.79683, 0.47577, 14.44403, 14.8289
7369.61, 8.09384, 0.650097, 13.37909, 13.3953
13727.56, 7.915385, 0.561857, 11.37816, 11.2234
4645.82, 8.182252, 0.694709, 15.48149, 10.2197
6784.86, 8.329648, 0.801663, 14.04183, 11.6538
5050.98, 7.606579, 0.391618, 14.26773, 25.0678
4928.85, 8.068144, 0.621657, 15.029, 13.5274
6160.61, 8.015282, 0.597822, 13.94743, 18.0863
8768.86, 8.087669, 0.64999, 12.76118, 11.9074
6894.4, 8.373448, 0.831026, 14.04278, 21.0714
5331.02, 8.494028, 0.906482, 15.30648, 23.1935
12156.82, 8.033269, 0.625683, 11.72046, 26.1508
13982.88, 7.886533, 0.546821, 11.29531, 15.1092
4642.35, 7.771195, 0.459528, 14.91731, 13.7084
6799.5, 8.086546, 0.643982, 13.66238, 11.8128
5846.73, 8.226561, 0.73032, 14.46031, 20.1851
5186.79, 8.207819, 0.713658, 14.99174, 10.589
4775.26, 7.921369, 0.53144, 14.99326, 16.6834
4223.46, 8.182884, 0.69429, 15.88303, 14.2948
8286.61, 7.91887, 0.548484, 12.71609, 13.7892
5120.28, 7.786495, 0.470587, 14.46005, 10.0983
4442.91, 7.928926, 0.534629, 15.33877, 19.0676
13557.94, 8.902015, 1.154071, 12.99974, 15.923
8256.13, 8.163438, 0.696248, 13.08345, 12.9173
5272.15, 8.115364, 0.65396, 14.769, 13.4598
6262.34, 7.923368, 0.544169, 13.75142, 26.6489
7557.53, 7.988382, 0.586469, 13.13581, 26.3593
4958.21, 8.04487, 0.607182, 14.97667, 13.4013
7738.81, 8.083313, 0.644521, 13.19414, 10.3301
12804.02, 8.745461, 1.071934, 12.79498, 12.4289
5257.52, 8.106155, 0.647962, 14.77055, 10.3116
6940.05, 8.202406, 0.718242, 13.75657, 10.8907
5990.17, 7.952062, 0.559325, 13.96984, 34.7758
8850.58, 8.051095, 0.627803, 12.67336, 10.091
5102.2, 7.914424, 0.529749, 14.65551, 17.7293
7302.45, 7.820506, 0.491492, 13.03826, 11.7643
4898.69, 7.945153, 0.546104, 14.89575, 10.6046
6195.09, 8.202654, 0.716082, 14.18468, 12.808
4398.53, 7.684668, 0.419688, 15.05103, 18.3774
4283.31, 7.919464, 0.528626, 15.48356, 28.2982
5103.14, 7.951547, 0.551433, 14.70345, 19.8104
16103.17, 7.842087, 0.528863, 10.96798, 10.6725
4942.25, 7.754624, 0.454205, 14.58635, 14.4419
4502.28, 7.709264, 0.430756, 14.97385, 10.1302
9804.11, 8.219918, 0.736168, 12.58409, 11.1053
5114.8, 8.204099, 0.710803, 15.04144, 11.2298
9082.95, 8.175222, 0.705804, 12.7733, 10.2543
4972.09, 8.000969, 0.58014, 14.89783, 10.3402
13418.71, 7.996244, 0.60681, 11.51861, 22.0632
5074.94, 8.35543, 0.812386, 15.31123, 11.5059
4114.5, 7.013537, 0.189723, 14.5729, 11.9448
8403.1, 7.993885, 0.592241, 12.7661, 29.9552
5078.12, 8.137346, 0.666815, 14.98, 11.4284
5484.09, 8.112538, 0.654095, 14.5796, 12.2384
4783.51, 7.794476, 0.460755, 14.82663, 11.8688
7677.27, 8.716809, 1.050903, 14.25724, 19.0035
19443.13, 7.908546, 0.572149, 10.71905, 12.1451
5716.12, 8.16758, 0.69108, 14.47083, 12.4153
7766.48, 7.253437, 0.293327, 11.95561, 21.6146
22344.97, 8.09431, 0.683057, 10.73774, 10.8272
4976.72, 7.690772, 0.425953, 14.4691, 10.5742
10431.25, 8.435038, 0.877801, 12.74473, 13.5442
5357.5, 7.899932, 0.524359, 14.39608, 19.6402
4905.75, 8.137136, 0.665834, 15.1471, 12.1997
5266.53, 7.939062, 0.545757, 14.54309, 10.7263
6282.73, 8.097467, 0.649021, 13.9731, 24.5927
5314.22, 7.94359, 0.548969, 14.49483, 11.7183
10456.43, 8.508837, 0.925744, 12.86553, 20.2469
10397.49, 8.049307, 0.630902, 12.14638, 10.1984
8143.06, 8.249281, 0.751514, 13.26299, 13.6475
10697.2, 7.94213, 0.568881, 11.89645, 11.7212
5303.63, 7.846009, 0.493718, 14.37931, 11.3219
16945.63, 7.895134, 0.558813, 10.9665, 11.1006
16550.02, 7.922109, 0.572436, 11.04026, 11.6709
5072.91, 7.855277, 0.496086, 14.60918, 20.1351
5151.24, 7.917189, 0.531806, 14.61337, 20.6894
6092.15, 8.031029, 0.607045, 14.01606, 10.8703
5873.31, 7.25338, 0.279488, 13.08879, 12.1752
7265.16, 7.999682, 0.592312, 13.30837, 11.0659
4616.62, 7.821791, 0.47456, 15.04204, 11.1113
8132.75, 8.017, 0.605208, 12.93065, 11.7922
5110.33, 7.801035, 0.467173, 14.51263, 10.6332
7603.62, 8.030393, 0.611737, 13.17975, 10.3351
6548.5, 8.006493, 0.594137, 13.69088, 14.7357
6648.17, 8.267726, 0.760278, 14.01177, 13.4647
4585.16, 7.875093, 0.503999, 15.12979, 15.2028
4285.43, 7.279871, 0.264786, 14.67954, 12.7666
6116.86, 7.984438, 0.579107, 13.92683, 17.1391
7292.2, 8.389702, 0.842592, 13.86975, 14.3787
6061.39, 7.97634, 0.574008, 13.94891, 30.905
7358.77, 8.39333, 0.845118, 13.84085, 14.9056
6082.43, 8.04262, 0.614083, 14.02851, 16.1266
6628.24, 8.247845, 0.74712, 14.00163, 10.1518
6740.08, 8.136865, 0.67552, 13.77415, 10.2383
6702.95, 8.05693, 0.625336, 13.68337, 10.606
4615.16, 7.974816, 0.562577, 15.23059, 10.1487
5792.18, 8.175208, 0.696454, 14.43256, 10.3239
6125.55, 8.222592, 0.728861, 14.26012, 12.6484
6904.22, 8.043188, 0.617521, 13.54136, 18.366
5041.88, 7.891936, 0.51634, 14.6953, 11.7223
5111.26, 7.95447, 0.553232, 14.70127, 13.225
7771.32, 8.314721, 0.793821, 13.52295, 19.2257
6543.57, 8.00816, 0.595121, 13.70477, 11.2426
8020.03, 8.479998, 0.903405, 13.69858, 10.3162
4781.33, 8.031108, 0.597771, 15.13131, 13.033
5923.34, 8.408346, 0.851809, 14.69593, 11.1551
7454.52, 8.120197, 0.666852, 13.38555, 13.3948
7957.27, 8.396134, 0.848042, 13.58387, 13.6427
6509.88, 8.260789, 0.755308, 14.08874, 10.1169
4867.21, 8.246122, 0.737896, 15.34683, 16.6352
10939.71, 8.192215, 0.720982, 12.20183, 24.5566
5435.58, 8.06025, 0.620752, 14.54683, 16.5394
15255.89, 7.982528, 0.603202, 11.28009, 11.7738
4895.04, 7.967005, 0.559102, 14.93952, 13.3092
5866.73, 8.178241, 0.698801, 14.37161, 19.0385
7090.38, 8.335368, 0.806141, 13.8901, 10.5459
12610.93, 8.004834, 0.609941, 11.62323, 29.7599
7182.2, 8.066023, 0.632332, 13.43338, 11.3113
6481.51, 8.026409, 0.605911, 13.75863, 13.7377
10833.6, 8.082872, 0.652418, 12.06836, 12.3489
6101.77, 8.203744, 0.716422, 14.24845, 15.143
14684.79, 8.746172, 1.073941, 12.58808, 12.8025
6295.18, 8.22858, 0.733422, 14.16908, 10.0106
7975.76, 8.042102, 0.619893, 13.02635, 13.3093
5159.33, 8.063935, 0.620482, 14.80281, 12.6354
7238.44, 8.327634, 0.801316, 13.79551, 15.2685
11854.03, 8.027582, 0.621615, 11.76063, 16.5554
10840.1, 7.423211, 0.363688, 11.04216, 23.2043
5596.3, 8.089914, 0.640656, 14.4501, 18.9122
5218.76, 7.585, 0.384814, 14.08546, 10.23
7491.9, 7.988874, 0.586564, 13.1682, 19.7933
6481.97, 8.239301, 0.74107, 14.072, 10.2167
5262.55, 7.850448, 0.495602, 14.42109, 17.3642
9094.54, 7.977157, 0.584395, 12.48605, 10.5627
7235.28, 8.033989, 0.612871, 13.37086, 10.902
4268.35, 7.720375, 0.43464, 15.22833, 17.9068
4763.64, 7.872582, 0.503376, 14.95288, 10.4219
4741.37, 8.416182, 0.852873, 15.73868, 11.155
6119.99, 8.001829, 0.589517, 13.95891, 11.9437
5132.26, 7.685996, 0.425801, 14.3066, 10.2953
5883.98, 7.879037, 0.517008, 13.95865, 12.4472
8122.98, 8.27969, 0.771425, 13.32713, 10.1374
6575.38, 8.473465, 0.896759, 14.38863, 12.0987
6851.16, 8.244845, 0.745746, 13.86519, 19.6143
6562.26, 8.474805, 0.897619, 14.38981, 17.997
6118.02, 8.209679, 0.720368, 14.24445, 27.1148
5470.95, 8.0584, 0.619948, 14.52278, 14.5409
5349.76, 7.850909, 0.49697, 14.35186, 12.5059
8162.89, 8.102354, 0.657479, 13.04085, 10.7245
4797.0, 7.896595, 0.517212, 14.9394, 18.1518
9457.14, 7.951468, 0.57055, 12.29666, 18.3308
6045.27, 8.353214, 0.815357, 14.52224, 11.5558
4558.17, 7.863828, 0.497545, 15.1428, 33.9164
6612.1, 7.946496, 0.558949, 13.57046, 33.9122
8270.04, 8.195251, 0.716688, 13.12379, 22.8757
5585.73, 7.623021, 0.405554, 13.80296, 17.2788
5225.93, 8.10175, 0.64491, 14.802, 11.0111
7232.52, 8.349682, 0.815927, 13.84286, 12.1646
5054.15, 8.296444, 0.772394, 15.24497, 10.1396
4606.0, 7.813464, 0.470005, 15.03356, 19.1793
5140.27, 7.894932, 0.518957, 14.60368, 13.862
6738.06, 8.019941, 0.602885, 13.61081, 16.8281
5352.9, 8.001044, 0.583566, 14.54769, 10.4172
5069.35, 8.382729, 0.830861, 15.36981, 11.6979
5415.98, 8.083465, 0.635064, 14.60538, 12.6165
6794.41, 7.977858, 0.577923, 13.51964, 13.2071
6153.49, 9.158237, 1.256761, 15.9699, 10.5812
4900.23, 8.233677, 0.729637, 15.30448, 13.9798
7157.88, 8.479245, 0.901578, 14.0904, 10.075
9191.65, 8.141113, 0.684439, 12.68996, 10.0528
5039.81, 9.498206, 1.364719, 17.60139, 23.4791
5265.64, 8.186569, 0.700111, 14.88486, 12.3323
14712.36, 8.016405, 0.62151, 11.3951, 14.1669
6877.5, 8.253389, 0.751428, 13.86313, 29.6252
9590.48, 8.351662, 0.821636, 12.88018, 10.0056
8178.61, 8.416735, 0.862024, 13.52642, 10.2891
18667.14, 7.99662, 0.61879, 10.92772, 11.3628
5259.14, 8.005856, 0.585467, 14.6386, 12.3118
5640.26, 8.266926, 0.75597, 14.67667, 27.7519
4484.32, 7.761183, 0.453863, 15.0733, 14.6441
5266.79, 8.539086, 0.936109, 15.43527, 19.7022
4595.97, 7.876965, 0.505101, 15.11828, 17.9138
11152.55, 8.154569, 0.697646, 12.11052, 10.6872
7525.84, 8.270447, 0.764108, 13.5634, 26.6329
5100.44, 8.163492, 0.683981, 15.00396, 11.7803
5785.0, 7.848197, 0.499372, 13.99171, 11.3771
7217.85, 7.872251, 0.519073, 13.19435, 10.969
6434.89, 7.959217, 0.565672, 13.70267, 12.2115
4577.17, 7.659248, 0.409635, 14.84161, 10.2589
8876.1, 7.916712, 0.549049, 12.48048, 12.0472
18377.17, 7.967938, 0.602, 10.91937, 11.3617
5735.5, 7.931524, 0.54579, 14.13724, 15.6484
5719.32, 8.144453, 0.676172, 14.44314, 13.8439
5038.94, 7.980429, 0.568155, 14.8147, 10.0185
4809.04, 7.879594, 0.507587, 14.91406, 12.0482
8991.78, 8.49011, 0.911449, 13.33028, 10.7855
6655.82, 7.996729, 0.588669, 13.62409, 13.4863
4597.78, 7.939705, 0.541488, 15.2048, 18.0497
5097.22, 7.996888, 0.578563, 14.77817, 11.3804
9419.63, 8.65249, 1.014291, 13.45376, 35.3256
4797.15, 7.90044, 0.519421, 14.94331, 14.1549
4555.64, 7.809399, 0.467604, 15.07919, 11.704
6044.27, 8.039667, 0.612078, 14.05299, 13.1033
5701.95, 7.892509, 0.5233, 14.11051, 10.9457
5508.47, 7.76983, 0.466936, 14.08348, 10.3506
4721.26, 8.05843, 0.614689, 15.22686, 16.6239
4759.25, 8.03045, 0.597275, 15.16163, 10.3301
4978.25, 8.297972, 0.773181, 15.32158, 10.2837
4987.81, 7.378584, 0.301006, 14.05, 20.3784
4782.09, 7.882056, 0.508834, 14.93588, 12.7168
5653.09, 7.596984, 0.395954, 13.71328, 13.8333
4915.26, 7.870369, 0.503092, 14.7943, 11.0939
5899.48, 8.078437, 0.635315, 14.20447, 21.3772
6687.66, 8.173507, 0.698844, 13.84849, 13.0336
8226.89, 8.009532, 0.601019, 12.86968, 12.2032
6662.04, 7.44483, 0.348322, 12.81721, 16.0437
6066.28, 8.383352, 0.835569, 14.55598, 10.7277
10936.21, 8.012998, 0.610666, 11.93495, 24.8024
8129.87, 7.9509, 0.566305, 12.83424, 13.0494
5577.45, 8.351896, 0.812426, 14.8696, 11.6248
6076.86, 8.485602, 0.903658, 14.71561, 10.8399
5488.6, 7.775871, 0.469547, 14.11258, 13.7385
7077.13, 8.332229, 0.804029, 13.88142, 16.0142
6310.42, 7.57249, 0.392291, 13.21507, 15.3327
7262.99, 8.319013, 0.795653, 13.78047, 11.4296
4954.52, 8.147123, 0.672543, 15.12036, 10.5822
5201.79, 7.96904, 0.562725, 14.64234, 10.5082
5204.24, 8.102357, 0.645135, 14.82194, 10.3684
17475.64, 8.6514, 1.022017, 12.1343, 12.3415
6165.95, 8.415048, 0.857017, 14.54089, 14.9989
5494.85, 7.898235, 0.524819, 14.28555, 12.1064
6816.35, 8.16877, 0.69616, 13.78099, 12.1496
6490.51, 8.354032, 0.817179, 14.24455, 16.291
12668.24, 8.861889, 1.13374, 13.05669, 11.8542
5537.12, 7.918205, 0.536574, 14.27665, 14.6579
5186.87, 7.898573, 0.521514, 14.54911, 39.5029
8300.51, 8.066634, 0.63577, 12.91677, 16.0464
4927.84, 7.88091, 0.509127, 14.78609, 22.0554
3932.63, 7.753743, 0.448641, 15.59517, 12.6634
5752.15, 9.378793, 1.323753, 16.73336, 26.6818
4862.29, 7.981941, 0.567924, 14.99278, 13.9729
8426.86, 8.063472, 0.634182, 12.87155, 10.4624
9965.21, 8.474449, 0.902694, 12.95899, 10.177
5281.51, 8.163009, 0.684801, 14.83825, 10.6078
5545.94, 7.987473, 0.577291, 14.36206, 10.0749
6175.43, 8.499258, 0.91291, 14.67317, 15.1653
7352.0, 7.994673, 0.589588, 13.25742, 11.4654
5094.01, 8.247429, 0.739574, 15.13743, 12.2895
5102.49, 7.997798, 0.579158, 14.77622, 11.946
7559.47, 8.10045, 0.65472, 13.30731, 10.1542
7284.65, 7.978303, 0.579701, 13.2657, 19.3775
15662.6, 8.735326, 1.068672, 12.47998, 11.5467
5862.68, 8.228399, 0.731604, 14.45413, 12.2159
5675.44, 8.122658, 0.661944, 14.44466, 10.4975
7534.97, 7.880412, 0.524616, 13.00324, 14.525
13989.54, 7.991075, 0.605155, 11.43862, 19.4409
5300.33, 7.837662, 0.489144, 14.37258, 20.2344
6694.46, 8.119479, 0.664351, 13.76696, 17.8251
9653.35, 8.249368, 0.754887, 12.68008, 23.2601
5784.47, 8.271318, 0.75965, 14.57311, 18.933
6370.28, 8.249664, 0.747546, 14.15486, 10.6412
10538.59, 8.771944, 1.0846, 13.3487, 12.1815
5030.75, 7.885793, 0.512758, 14.69907, 10.4492
5156.6, 8.059457, 0.617652, 14.79779, 14.8529
5113.96, 7.959851, 0.556446, 14.70516, 19.42
6307.43, 8.984971, 1.188627, 15.50001, 12.3784
10176.22, 8.408652, 0.860104, 12.78388, 10.5303
5449.05, 8.084332, 0.63594, 14.5692, 16.3379
6139.65, 7.874611, 0.516114, 13.76625, 20.9401
4803.4, 7.961726, 0.555451, 15.02521, 10.9124
5710.08, 8.149518, 0.679375, 14.44607, 19.9631
4927.17, 7.957149, 0.553409, 14.88606, 20.8853
6655.41, 8.230564, 0.735851, 13.9602, 17.484
6567.14, 8.259397, 0.754555, 14.05475, 11.4992
5163.25, 8.18507, 0.698503, 14.97892, 10.9515
6458.14, 8.241744, 0.742603, 14.09053, 11.6387
5118.8, 7.950547, 0.550978, 14.69484, 11.9924
6484.89, 8.058466, 0.625532, 13.80958, 16.0421
7663.19, 8.235489, 0.741467, 13.46067, 10.4016
4768.74, 7.669454, 0.415386, 14.64444, 28.1153
5611.16, 7.978182, 0.572249, 14.29721, 11.6934
5396.17, 8.446514, 0.874971, 15.17405, 13.6396
5081.19, 8.047094, 0.609364, 14.86134, 10.9746
7163.55, 8.212657, 0.725463, 13.66093, 13.6894
4480.49, 8.051196, 0.609422, 15.46487, 12.5004
4851.68, 7.967505, 0.559161, 14.98384, 11.7098
5363.16, 7.99815, 0.581934, 14.53147, 13.6617
6884.16, 8.31437, 0.791752, 13.96426, 13.1893
5462.49, 8.380846, 0.831171, 15.01099, 11.4504
5177.57, 8.059684, 0.617957, 14.78695, 14.2159
4426.99, 7.875923, 0.50392, 15.29615, 11.4808
10053.01, 8.24527, 0.753102, 12.55097, 12.4382
7948.08, 8.291388, 0.778772, 13.40546, 37.3791
6211.44, 8.214823, 0.724098, 14.20249, 12.644
9260.77, 8.282733, 0.775777, 12.88017, 12.4008
6612.45, 8.049277, 0.620336, 13.72364, 12.2803
7312.72, 7.953739, 0.565426, 13.21939, 10.4916
6636.69, 8.399654, 0.847904, 14.23343, 13.7742
5077.03, 8.014834, 0.589367, 14.82301, 22.3377
6176.61, 7.954576, 0.561803, 13.85772, 15.1869
6021.17, 7.978299, 0.574946, 14.00079, 10.1381
6695.6, 8.194122, 0.712203, 13.88152, 12.3163
10343.15, 8.292913, 0.784694, 12.54139, 13.27
10520.27, 7.949862, 0.572772, 11.96331, 16.3949
8915.26, 8.429401, 0.871564, 13.26431, 12.4757
8259.54, 7.778087, 0.472784, 12.5436, 11.2518
7278.55, 8.204157, 0.720206, 13.59359, 19.8534
4823.73, 7.76472, 0.457799, 14.72833, 11.7729
5234.95, 7.98186, 0.570729, 14.63813, 11.7345
4655.22, 7.942599, 0.543414, 15.15124, 18.0963
5688.05, 8.321756, 0.792848, 14.73148, 22.2517
5941.98, 8.056506, 0.621906, 14.15356, 14.3007
4869.43, 7.88769, 0.512554, 14.86301, 13.1906
4876.47, 7.904521, 0.522237, 14.8772, 14.4779
4929.73, 7.698973, 0.429443, 14.54507, 13.8649
5352.27, 7.942041, 0.548516, 14.46477, 25.3627
4746.78, 7.883369, 0.509398, 14.99087, 11.7639
7908.33, 8.193401, 0.714663, 13.29351, 12.7035
5795.86, 8.27378, 0.761342, 14.57699, 17.7361
9650.27, 8.032046, 0.618471, 12.36955, 10.2744
10856.41, 8.226383, 0.742671, 12.28592, 20.7457
12111.98, 8.026419, 0.621514, 11.74369, 12.387
6773.11, 8.216562, 0.727023, 13.88192, 12.3024
6276.15, 7.859436, 0.50847, 13.67673, 10.7997
11536.61, 7.863545, 0.527905, 11.61763, 13.7306
8341.53, 8.453025, 0.886186, 13.52536, 13.6498
9453.89, 7.623769, 0.423526, 11.81438, 11.8758
19962.11, 7.869415, 0.552968, 10.62678, 10.7962
6674.06, 7.914239, 0.540667, 13.51325, 11.7283
4514.07, 7.775286, 0.460824, 15.06243, 16.5079
7366.39, 8.004916, 0.595734, 13.33505, 12.872
4377.46, 7.288605, 0.267733, 14.61678, 11.9201
8361.39, 8.473766, 0.899831, 13.55319, 12.5153
3954.37, 7.730624, 0.43825, 15.55652, 11.8077
7139.63, 8.337405, 0.807594, 13.87828, 11.3641
6473.87, 8.314637, 0.790903, 14.1813, 31.4793
6685.33, 8.247492, 0.747048, 13.97749, 12.45
40797.49, 7.83474, 0.594503, 9.13164, 14.593
10796.95, 8.066114, 0.642117, 12.06751, 13.0931
4748.12, 8.291436, 0.768208, 15.53921, 17.0887
6149.6, 8.368013, 0.825571, 14.47508, 11.8805
4857.76, 7.405188, 0.308953, 14.23038, 15.9641
7971.85, 8.330013, 0.804328, 13.45879, 27.8803
5209.67, 7.948887, 0.550872, 14.61725, 10.8226
10456.1, 8.288934, 0.782334, 12.49747, 13.7514
4699.43, 7.966316, 0.557755, 15.13541, 18.2847
6786.15, 8.393381, 0.844051, 14.13671, 11.5777
4614.04, 7.291456, 0.27011, 14.35895, 11.0886
6519.58, 8.246743, 0.746078, 14.06045, 14.1081
5225.89, 8.066085, 0.622359, 14.74938, 10.5204
5046.4, 7.993041, 0.575836, 14.82288, 11.204
4878.15, 8.27008, 0.754059, 15.38188, 11.9753
4576.65, 7.404971, 0.306726, 14.52995, 12.8987
5983.35, 8.003996, 0.590088, 14.05261, 19.031
4485.4, 7.613441, 0.390141, 14.87529, 10.0832
5329.08, 7.924534, 0.538086, 14.46572, 19.1467
25046.2, 8.27636, 0.798406, 10.82271, 10.7665
4365.76, 7.665555, 0.411209, 15.0752, 13.1641
6490.19, 8.143902, 0.679206, 13.93632, 10.8728
5137.93, 8.059485, 0.617528, 14.82588, 19.1011
6796.82, 8.167194, 0.695091, 13.79236, 14.6289
9443.79, 8.333891, 0.809685, 12.91088, 11.1377
5886.85, 8.024797, 0.602145, 14.15831, 10.0078
4820.39, 8.182187, 0.695117, 15.31493, 13.5556
4167.42, 7.733332, 0.439976, 15.35264, 14.9638
4720.37, 8.037562, 0.601572, 15.21493, 12.6018
7740.5, 7.978394, 0.581131, 13.04782, 14.7244
5023.83, 8.005361, 0.583176, 14.86699, 10.1824
4868.39, 7.913509, 0.52738, 14.90558, 10.1827
5195.78, 7.953568, 0.553487, 14.62733, 12.2762
8755.96, 8.481311, 0.905364, 13.41329, 10.0194
6267.33, 8.034986, 0.610269, 13.90938, 14.5531
5574.68, 8.340971, 0.805079, 14.86171, 10.2112
4756.11, 8.007029, 0.582761, 15.13895, 10.2865
6072.81, 8.079393, 0.636782, 14.1053, 11.9571
4927.09, 8.037332, 0.602308, 15.00854, 12.0844
4624.91, 7.930256, 0.536007, 15.16684, 13.2487
6857.76, 7.977414, 0.577865, 13.4965, 10.8826
8217.74, 8.401789, 0.852222, 13.49186, 10.3712
5044.03, 7.907632, 0.525328, 14.71788, 11.6492
5497.16, 8.282737, 0.765537, 14.82675, 14.8636
4217.36, 7.835623, 0.480766, 15.45702, 14.6193
5616.3, 8.128331, 0.665175, 14.50044, 19.5524
10126.12, 8.650677, 1.013948, 13.2319, 15.9404
7281.22, 8.554332, 0.950637, 14.15892, 14.0739
15941.57, 7.650425, 0.452019, 10.67818, 20.4664
7023.78, 9.097733, 1.235452, 15.3362, 15.593
7539.89, 7.997525, 0.591839, 13.17002, 13.7329
6202.37, 7.963588, 0.567205, 13.85304, 13.2654
7787.55, 8.040796, 0.618565, 13.11775, 12.4827
5320.3, 8.393522, 0.839052, 15.15511, 11.3631
8430.77, 8.302589, 0.787111, 13.23615, 11.0543
6662.17, 7.987368, 0.583116, 13.59757, 26.0885
5436.85, 7.946248, 0.551902, 14.3983, 11.984
7563.06, 8.415334, 0.860053, 13.7908, 10.0526
18779.57, 7.605809, 0.446613, 10.30572, 11.0493
9141.11, 8.508307, 0.923491, 13.30796, 10.1149
5728.61, 8.126484, 0.664717, 14.4084, 11.509
7268.76, 7.916145, 0.543731, 13.19088, 11.8476
5435.15, 7.562871, 0.379068, 13.85953, 10.5147
10759.87, 8.667052, 1.024478, 13.07941, 10.6201
6933.16, 8.053107, 0.62368, 13.5527, 13.2331
27021.79, 7.901966, 0.587544, 10.05855, 14.5435
5567.6, 7.972746, 0.568678, 14.32188, 19.2687
8511.39, 8.281101, 0.773141, 13.16844, 11.9268
7113.95, 8.16551, 0.694846, 13.61795, 12.7325
4427.85, 7.621253, 0.393144, 14.94417, 13.1374
6323.52, 8.118312, 0.662324, 13.98072, 26.2166
7373.32, 8.035666, 0.61428, 13.28935, 68.042
7722.93, 7.891881, 0.531578, 12.93945, 13.2858
6330.5, 8.425446, 0.864374, 14.45429, 13.2674
6129.57, 8.651336, 1.009794, 14.96786, 16.9071
4357.91, 8.015198, 0.586607, 15.54063, 15.0249
4501.93, 7.802545, 0.473703, 15.11063, 11.572
11644.77, 9.43389, 1.342514, 14.49617, 13.766
6594.69, 8.249991, 0.748436, 14.02392, 11.4635
11754.53, 8.705025, 1.047933, 12.9141, 13.3901
6172.04, 8.451732, 0.881452, 14.59734, 10.3037
7708.71, 8.38776, 0.842057, 13.67315, 34.6681
9674.03, 9.194209, 1.269389, 14.49948, 10.6526
18357.69, 8.537946, 0.954147, 11.83596, 10.0465
13111.0, 8.854561, 1.130348, 12.97285, 12.3301
4488.53, 7.757151, 0.452037, 15.06393, 11.2168
10776.51, 8.387272, 0.847202, 12.57545, 10.8603
7682.17, 8.125041, 0.670476, 13.27993, 16.6464
6800.72, 8.121631, 0.666028, 13.73015, 17.3755
4058.36, 7.721796, 0.434666, 15.44228, 15.9322
6504.15, 8.136596, 0.674593, 13.9097, 10.1583
9274.6, 8.380257, 0.839833, 13.03701, 14.7658
13635.71, 8.112284, 0.676614, 11.67066, 12.5449
9434.43, 8.370225, 0.83353, 12.96507, 11.2532
6136.26, 8.13708, 0.673492, 14.12765, 21.1702
5121.85, 7.877721, 0.509058, 14.58887, 22.6712
13783.62, 8.260066, 0.769921, 11.87814, 10.0632
4660.66, 7.928907, 0.535351, 15.11748, 35.9116
4857.86, 8.13903, 0.666893, 15.21115, 12.3367
5160.73, 8.37182, 0.82377, 15.26516, 10.8059
4854.82, 8.171955, 0.688463, 15.25986, 11.0072
5214.61, 7.98879, 0.574691, 14.65562, 10.6009
6141.76, 7.128063, 0.252538, 12.70905, 10.6193
7330.79, 7.838755, 0.501289, 13.05707, 10.1461
10059.37, 7.894711, 0.5404, 12.02334, 10.2955
5043.79, 7.987986, 0.572754, 14.81895, 14.7352
5694.47, 8.2103, 0.718831, 14.55657, 14.6161
5829.07, 8.218968, 0.725238, 14.45967, 23.4305
4991.6, 8.149862, 0.6745, 15.09134, 10.6599
5210.88, 7.852966, 0.496314, 14.48546, 14.4474
15126.39, 7.997382, 0.611424, 11.32482, 12.5778
8577.63, 8.08804, 0.649705, 12.84373, 18.5811
4781.14, 7.387444, 0.301937, 14.33675, 19.483
5009.35, 7.984976, 0.57068, 14.84794, 17.6998
4440.89, 7.767435, 0.456614, 15.12631, 12.2489
6889.42, 8.239971, 0.742644, 13.84554, 15.3583
13879.04, 8.510631, 0.931599, 12.26809, 10.3457
8809.42, 8.311991, 0.794043, 13.10234, 10.2319
4080.21, 7.810196, 0.475544, 15.5404, 10.526
5237.24, 8.082668, 0.632891, 14.76434, 16.2614
14502.34, 8.204757, 0.735971, 11.71403, 10.0744
4986.9, 7.91445, 0.52878, 14.77726, 22.8898
10859.84, 8.066912, 0.642763, 12.04631, 10.3373
8698.7, 8.492429, 0.912539, 13.43083, 37.6914
5971.66, 8.229197, 0.732595, 14.37798, 10.5864
10019.79, 7.970543, 0.583217, 12.1458, 19.8454
4868.68, 7.858026, 0.495852, 14.823, 13.3513
5774.72, 8.363142, 0.820976, 14.72847, 10.6882
9023.42, 7.98178, 0.586898, 12.51289, 14.4652
4338.64, 7.776759, 0.459933, 15.24202, 17.8128
15650.3, 8.424663, 0.878834, 11.9275, 11.5638
4754.01, 8.346041, 0.805283, 15.62052, 11.3469
6360.04, 8.175379, 0.698979, 14.04982, 12.4998
5590.31, 8.271677, 0.75882, 14.73222, 12.354
6019.41, 8.269492, 0.75943, 14.40837, 13.1828
5092.9, 8.153688, 0.677532, 14.99966, 18.5161
4841.47, 7.941248, 0.54346, 14.96722, 10.6809
4727.93, 7.955928, 0.551643, 15.09554, 11.7614
4447.95, 7.813702, 0.469504, 15.20088, 15.4076
5775.59, 8.127649, 0.665738, 14.37629, 15.4338
4820.03, 8.081164, 0.62946, 15.16729, 16.2944
7071.53, 8.318431, 0.794865, 13.87246, 10.5501
5052.74, 7.863268, 0.500322, 14.64326, 12.9891
7214.94, 7.971028, 0.575213, 13.30015, 10.1329
6180.92, 8.175143, 0.698148, 14.16251, 11.657
12456.46, 8.027414, 0.622881, 11.68286, 14.3846
6547.34, 7.947291, 0.55917, 13.61842, 25.721
5047.16, 7.997842, 0.57876, 14.82575, 11.8584
4564.08, 7.294903, 0.270876, 14.40895, 19.0305
7439.92, 8.301777, 0.784603, 13.66621, 22.3028
7275.1, 7.947228, 0.561539, 13.23293, 12.5831
7938.1, 7.996305, 0.592299, 12.99063, 10.7437
8272.49, 8.009374, 0.601058, 12.86163, 10.0463
6630.83, 8.270676, 0.762179, 14.03298, 18.7821
16296.01, 7.930559, 0.576478, 11.08892, 12.8067
4460.51, 7.78816, 0.466417, 15.13353, 22.9662
7536.95, 8.120566, 0.667291, 13.34134, 19.7029
23159.94, 7.937365, 0.596701, 10.43848, 12.9281
21335.56, 8.516002, 0.943807, 11.51403, 63.7329
6898.07, 7.900096, 0.533461, 13.36887, 22.8058
6951.7, 8.157337, 0.689183, 13.69052, 16.3864
5901.08, 8.068396, 0.629064, 14.19503, 15.0043
4578.95, 7.586011, 0.379328, 14.74142, 10.1315
15732.99, 7.994569, 0.61118, 11.22686, 31.9149
5674.08, 8.179005, 0.698249, 14.52691, 21.9391
5381.76, 8.521774, 0.925032, 15.3159, 10.3913
8516.87, 8.418424, 0.863691, 13.38918, 11.0609
5896.54, 8.05294, 0.619461, 14.18258, 13.0696
14363.96, 8.039678, 0.634399, 11.47142, 17.1907
4746.72, 7.796791, 0.461764, 14.87373, 12.2347
9073.2, 8.5411, 0.944543, 13.38569, 22.5913
4706.99, 8.223031, 0.722021, 15.48097, 13.1062
4639.42, 7.722002, 0.437136, 14.86133, 17.1995
9776.57, 8.079702, 0.64773, 12.39208, 11.1055
8163.48, 8.32746, 0.803007, 13.38399, 14.478
5431.66, 8.063024, 0.622438, 14.55827, 16.9834
5986.69, 8.164524, 0.690457, 14.28023, 24.6055
5064.51, 8.217897, 0.719719, 15.12106, 11.0458
5092.12, 8.211921, 0.715877, 15.08286, 10.7339
10377.71, 8.120134, 0.674264, 12.26857, 10.0692
5945.67, 8.170847, 0.694365, 14.31517, 10.4703
7385.62, 8.483066, 0.904443, 13.98108, 21.5534
24641.21, 9.060467, 1.227492, 12.32648, 10.5563
12440.01, 7.129567, 0.290815, 10.32429, 11.1323
6467.08, 7.952208, 0.561714, 13.67427, 13.832
7910.77, 8.019888, 0.606293, 13.02989, 12.3809
5001.4, 7.926972, 0.536167, 14.78124, 10.745
4834.03, 8.065914, 0.619831, 15.12913, 10.8579
6069.6, 8.249302, 0.746243, 14.33772, 11.6852
16480.92, 7.81368, 0.515402, 10.89591, 16.5755
5307.44, 8.030542, 0.601051, 14.63984, 11.1284
5249.68, 8.331683, 0.797011, 15.12155, 13.6767
8268.63, 7.779579, 0.473572, 12.57012, 11.8675
5408.08, 8.134707, 0.667545, 14.67965, 37.8382
4417.53, 7.875406, 0.503596, 15.3214, 17.3531
5441.36, 7.836245, 0.490003, 14.27183, 12.7772
4185.68, 6.987259, 0.183178, 14.48785, 11.5887
5013.91, 7.921788, 0.533253, 14.76665, 12.136
7184.24, 8.977474, 1.185755, 14.99714, 10.9307
8499.34, 7.757554, 0.46909, 12.39981, 11.9958
4846.7, 7.587902, 0.381902, 14.47386, 11.013
5184.69, 8.029068, 0.598985, 14.7542, 11.3129
5572.12, 8.137024, 0.670433, 14.55534, 11.0874
4768.9, 7.555949, 0.368081, 14.50296, 10.3775
4499.4, 7.073465, 0.207295, 14.24079, 11.7347
4488.37, 7.234324, 0.253221, 14.43659, 13.7783
5787.87, 8.308211, 0.784266, 14.63799, 13.0017
5274.21, 8.121729, 0.658055, 14.78225, 11.2426
6592.47, 8.023218, 0.604381, 13.69482, 12.1773
6672.95, 8.04813, 0.619834, 13.68508, 11.8515
5206.05, 7.996517, 0.579277, 14.65493, 10.1212
5591.21, 7.964089, 0.563737, 14.29052, 11.5919
15365.35, 8.628779, 1.006386, 12.34069, 10.9699
19073.71, 8.443023, 0.895117, 11.59103, 18.1051
4443.14, 7.936159, 0.5389, 15.34637, 11.8352
3771.72, 7.256651, 0.25563, 15.17367, 14.3462
10361.15, 7.906878, 0.54806, 11.95532, 14.2175
4354.52, 7.377074, 0.295436, 14.7286, 14.6202
4321.95, 7.576843, 0.374341, 14.98978, 15.0288
5123.44, 8.313736, 0.784338, 15.19995, 12.6478
15074.95, 7.981092, 0.601964, 11.28952, 11.8105
8971.1, 7.604621, 0.415129, 11.95218, 19.8915
7059.88, 7.751279, 0.462563, 13.06991, 14.3892
7482.72, 7.966124, 0.573159, 13.15295, 15.3856
16094.33, 7.903956, 0.5615, 11.0665, 11.928
5771.87, 8.164336, 0.689297, 14.42083, 16.2434
7831.21, 7.661174, 0.431147, 12.53302, 10.4886
5982.13, 7.852438, 0.50302, 13.84542, 17.3583
4658.62, 7.300278, 0.273133, 14.32984, 10.0132
9193.48, 8.262502, 0.762419, 12.87836, 10.1153
10816.67, 7.862973, 0.525463, 11.76944, 20.1376
6506.5, 8.300401, 0.781529, 14.13833, 14.8005
6750.72, 8.223106, 0.731237, 13.89574, 10.5038
6382.91, 8.086377, 0.642466, 13.89861, 13.482
3574.57, 6.51049, 0.10432, 14.52023, 11.899
7923.47, 7.923311, 0.549873, 12.89738, 18.3182
9253.11, 8.137959, 0.682606, 12.66893, 17.3467
5322.56, 8.391031, 0.837382, 15.14523, 17.3087
5127.14, 8.04465, 0.608179, 14.80003, 12.2104
5321.31, 8.696798, 1.035561, 15.66818, 18.1106
4628.22, 7.744821, 0.447168, 14.90668, 11.4066
4639.31, 7.699097, 0.427116, 14.83604, 15.1529
9675.41, 7.816104, 0.497029, 12.04391, 18.525
6248.51, 8.192147, 0.709442, 14.13644, 19.6158
5880.34, 8.124825, 0.664493, 14.29653, 10.3955
5252.62, 8.331568, 0.796947, 15.09787, 18.4167
4873.28, 8.014545, 0.587908, 15.01194, 12.3678
4991.24, 7.697501, 0.428907, 14.45393, 18.1033
10876.41, 8.112765, 0.670914, 12.11115, 12.4842
4824.91, 7.823883, 0.476795, 14.82545, 25.4871
15828.14, 8.850468, 1.130056, 12.67854, 11.3781
5812.88, 8.261097, 0.752996, 14.5397, 10.776
7017.78, 8.393946, 0.844895, 14.02196, 10.8809
4663.0, 7.964578, 0.55657, 15.15966, 25.2802
5225.91, 7.950967, 0.552271, 14.58805, 13.2995
18004.78, 8.919625, 1.164887, 12.60509, 22.4176
4587.1, 7.84818, 0.488924, 15.10215, 11.8951
8502.09, 8.197528, 0.718702, 13.04283, 10.2443
6396.87, 8.563842, 0.955392, 14.64082, 12.1375
6638.67, 8.183844, 0.705374, 13.90014, 10.0632
8771.35, 8.689362, 1.03576, 13.762, 16.56
4612.63, 7.568406, 0.372155, 14.68333, 10.1703
9632.3, 8.192961, 0.718451, 12.61376, 11.527
4456.24, 7.457525, 0.326094, 14.71771, 10.347
12277.37, 8.404739, 0.861099, 12.28299, 10.896
6279.46, 8.229968, 0.734278, 14.17923, 11.8543
8076.85, 8.372493, 0.832619, 13.50283, 10.2178
7332.9, 8.370243, 0.82976, 13.8135, 18.6576
8161.1, 8.501652, 0.917773, 13.66725, 18.6845
14369.18, 7.878487, 0.543512, 11.24827, 11.7123
10367.26, 8.307074, 0.793984, 12.54226, 12.95
11911.4, 7.952602, 0.578126, 11.66143, 11.0638
17083.19, 7.778184, 0.499556, 10.77617, 14.3753
6374.15, 8.443538, 0.876507, 14.45731, 10.2529
7011.96, 8.109894, 0.659209, 13.57746, 17.0828
5232.93, 8.806424, 1.098482, 15.95784, 11.0192
4893.98, 8.130116, 0.661226, 15.15385, 18.0096
13000.25, 8.287728, 0.786362, 11.98738, 26.6207
4777.78, 7.869395, 0.501657, 14.92102, 17.4064
7255.26, 7.956867, 0.567065, 13.24001, 37.5894
4599.15, 7.567399, 0.371692, 14.70041, 23.7342
6407.89, 9.434693, 1.341994, 16.4019, 18.3356
8991.05, 8.143731, 0.685589, 12.76744, 11.1175
5347.53, 7.91523, 0.53296, 14.42875, 15.6047
8868.25, 8.068374, 0.63839, 12.70222, 13.437
7777.36, 8.302393, 0.785686, 13.50574, 16.0323
5358.82, 8.107422, 0.649643, 14.69176, 10.0714
4979.6, 7.651414, 0.4093, 14.42263, 10.4888
6166.48, 7.509969, 0.368538, 13.23011, 10.6374
4697.1, 7.952819, 0.549659, 15.11865, 11.8286
5820.78, 7.97562, 0.572176, 14.12509, 13.6194
7217.36, 8.13498, 0.67561, 13.5214, 12.2144
5030.11, 7.995937, 0.577476, 14.83638, 22.2519
4436.53, 8.183672, 0.695175, 15.68773, 11.8641
7019.63, 7.965403, 0.571314, 13.37248, 25.3104
6740.51, 7.614957, 0.409979, 13.02614, 10.446
9108.75, 8.187705, 0.713846, 12.79285, 11.5868
4789.49, 6.678171, 0.122909, 13.54486, 11.0017
9588.29, 8.366551, 0.831406, 12.90646, 11.2869
4897.29, 7.558594, 0.370347, 14.37834, 10.1762
4858.5, 7.903033, 0.521266, 14.88459, 13.1932
5428.09, 8.042316, 0.609572, 14.5225, 18.8383
4778.56, 8.112416, 0.649366, 15.24388, 14.9409
4125.05, 7.333358, 0.279916, 14.92079, 12.8509
7712.04, 7.888127, 0.529459, 12.93928, 10.9148
4500.44, 7.251476, 0.25803, 14.50335, 12.7215
4362.09, 7.12974, 0.222641, 14.49337, 12.619
4705.97, 8.682083, 1.025996, 16.2077, 24.318
4598.53, 7.11215, 0.218976, 14.22509, 11.4548
4264.75, 7.550015, 0.362981, 15.06521, 13.912
7661.64, 7.63325, 0.420155, 12.565, 23.1203
6663.7, 8.310163, 0.788424, 14.06793, 13.565
30731.87, 8.167548, 0.746294, 10.1743, 19.8369
4089.32, 7.133259, 0.22236, 14.73651, 10.227
21634.91, 7.867621, 0.55644, 10.47487, 10.0493
4448.29, 7.776178, 0.460713, 15.12334, 21.511
4601.38, 7.140318, 0.227211, 14.20279, 11.0405
5462.12, 7.456533, 0.337934, 13.71523, 12.7495
3884.63, 7.740359, 0.442212, 15.61324, 21.1253
6024.52, 8.131222, 0.669251, 14.19535, 19.9213
6747.6, 8.230102, 0.735806, 13.90681, 12.5113
6211.27, 8.289534, 0.773424, 14.33012, 11.033
13170.3, 8.028133, 0.624907, 11.61079, 18.9819
4517.49, 7.870127, 0.500943, 15.19132, 15.3662
4879.3, 7.87499, 0.505428, 14.83356, 11.203
4934.0, 8.234389, 0.730219, 15.26091, 15.0703
4985.46, 7.992102, 0.574829, 14.87418, 13.4275
10932.43, 8.207761, 0.73089, 12.24619, 10.8771
6171.74, 8.375077, 0.830355, 14.46526, 18.6309
6639.93, 8.277518, 0.766726, 14.03891, 10.1307
5203.7, 7.374086, 0.302903, 13.82528, 17.6782
4770.52, 7.850079, 0.490832, 14.90905, 15.2594
5215.37, 7.940118, 0.54579, 14.58076, 17.5928
7170.05, 7.868081, 0.516625, 13.18567, 10.0967
3727.61, 7.103884, 0.21239, 15.04045, 15.3305
8689.5, 8.292407, 0.780929, 13.11675, 11.9219
7929.88, 8.196704, 0.716845, 13.28328, 11.7859
12503.92, 8.358607, 0.831466, 12.17332, 12.3139
7994.6, 7.990503, 0.589033, 12.9373, 25.8568
11037.62, 7.59708, 0.420354, 11.35097, 11.0504
9660.87, 7.793278, 0.485237, 12.02622, 13.1286
3959.99, 7.725089, 0.435742, 15.536, 17.5456
14685.49, 7.788587, 0.498086, 11.07848, 18.5931
3815.29, 7.309686, 0.27127, 15.22557, 21.9015
12001.38, 8.007279, 0.609968, 11.72883, 16.4673
6674.46, 7.577296, 0.395904, 13.026, 12.562
8443.17, 8.435543, 0.874847, 13.44661, 13.1881
6515.25, 7.999591, 0.589877, 13.70156, 16.8655
6183.89, 8.377706, 0.832146, 14.46618, 13.6966
7254.18, 8.048852, 0.621983, 13.37721, 14.2245
4176.45, 7.887295, 0.509722, 15.54916, 20.885
5707.56, 7.948869, 0.555674, 14.17344, 15.0644
6203.56, 8.138261, 0.674532, 14.08839, 16.0987
11049.79, 8.509784, 0.927269, 12.70864, 13.3247
4513.51, 7.831844, 0.47963, 15.1492, 17.1537
7516.58, 8.445957, 0.880213, 13.86471, 13.1601
4197.67, 7.638799, 0.399475, 15.19516, 25.328
10637.18, 7.98691, 0.594514, 11.9719, 18.4352
9769.89, 8.661701, 1.020225, 13.35505, 16.1286
6021.63, 8.206812, 0.718102, 14.32287, 10.7075
6488.03, 8.201704, 0.71649, 14.0278, 10.8241
7147.22, 7.929773, 0.551098, 13.27245, 13.1482
7539.16, 8.528909, 0.934599, 13.98915, 14.7815
4498.94, 7.731769, 0.440643, 15.02862, 11.1929
11447.91, 7.95521, 0.57844, 11.7728, 10.1599
6792.91, 7.867542, 0.515029, 13.38089, 10.9075
4722.86, 7.82434, 0.476446, 14.95412, 10.1314
4770.15, 7.473032, 0.334241, 14.42553, 10.8036
4929.27, 8.021668, 0.592599, 14.99673, 14.9764
7072.27, 7.791131, 0.475356, 13.14475, 10.0006
6749.32, 8.227265, 0.733953, 13.90737, 13.5477
7530.82, 7.18038, 0.273356, 11.99831, 10.3435
4275.61, 7.999146, 0.57649, 15.61596, 16.5499
4650.31, 7.837179, 0.483116, 15.01511, 15.5755
10057.51, 8.609117, 0.988472, 13.17419, 11.2051
8632.41, 7.912518, 0.545954, 12.57398, 12.039
20636.6, 7.934346, 0.58892, 10.65403, 13.5323
5005.52, 8.084492, 0.632434, 14.97379, 17.8803
6562.43, 8.451479, 0.882183, 14.35689, 12.806
7124.06, 8.822738, 1.109605, 14.73476, 11.5735
5362.29, 8.164357, 0.686294, 14.77153, 12.1375
6728.42, 7.910864, 0.538947, 13.47071, 13.4264
9069.58, 8.284921, 0.776804, 12.97266, 11.1052
4986.39, 8.126436, 0.659245, 15.05716, 12.4716
9946.36, 7.889013, 0.536908, 12.07858, 11.4179
9745.87, 7.994739, 0.596561, 12.26051, 41.3999
5912.95, 8.218198, 0.725116, 14.40031, 15.101
6128.12, 8.342185, 0.80825, 14.4289, 76.6546
17734.2, 9.199502, 1.272922, 13.2323, 12.0473
5138.53, 8.646182, 1.004284, 15.7435, 10.7913
4018.5, 8.563162, 0.950453, 16.63596, 16.1379
4357.53, 8.492125, 0.90365, 16.23046, 13.3241
9488.68, 7.809149, 0.492793, 12.11252, 10.3051
5152.26, 8.088639, 0.636027, 14.84214, 16.0034
4426.38, 7.968768, 0.558355, 15.41186, 11.6194
5596.84, 8.163356, 0.687586, 14.55096, 26.8392
8156.5, 8.567497, 0.960173, 13.79957, 10.6707
8774.57, 7.906778, 0.543163, 12.49839, 24.5338
6367.7, 8.134978, 0.673075, 13.99449, 23.8429
6266.07, 7.899727, 0.530769, 13.73086, 11.4848
5880.35, 7.891238, 0.5238, 13.98589, 10.004
4852.55, 8.65485, 1.009355, 16.03733, 11.9337
6646.6, 8.403366, 0.850395, 14.23295, 13.0031
6604.16, 8.151763, 0.684614, 13.8834, 10.493
11224.07, 8.145346, 0.692027, 12.08476, 11.1463
7530.77, 8.307086, 0.788295, 13.6262, 11.6162
5481.58, 7.975446, 0.569562, 14.3953, 19.5602
5680.66, 8.228452, 0.730703, 14.59521, 12.9423
6979.37, 8.239318, 0.742439, 13.77892, 17.8739
6140.73, 8.424484, 0.863239, 14.56096, 17.6565
7065.54, 8.021813, 0.605008, 13.45045, 10.1896
3977.46, 7.646307, 0.401786, 15.41451, 25.5112
4533.66, 8.075681, 0.62508, 15.44606, 11.5769
5736.66, 8.258285, 0.750752, 14.58396, 34.4212
6235.81, 8.197441, 0.712839, 14.17152, 11.3521
16468.81, 8.031453, 0.634127, 11.21342, 18.4678
22536.17, 9.137968, 1.254558, 12.66808, 10.0524
5373.67, 7.076743, 0.226629, 13.26961, 14.15
4262.86, 7.621725, 0.392637, 15.11316, 14.2239
10059.6, 7.945518, 0.568933, 12.1127, 12.0606
4351.44, 8.52855, 0.927925, 16.28121, 15.8793
4082.28, 8.230417, 0.725905, 16.08601, 13.1113
6309.56, 8.192879, 0.710143, 14.12619, 10.2159
4201.69, 7.81062, 0.476275, 15.41174, 15.2125
7200.44, 7.924515, 0.548267, 13.26284, 10.2066
9760.36, 8.248439, 0.754519, 12.68408, 10.0452
5788.89, 7.519978, 0.36825, 13.52742, 13.9934
4977.81, 7.270024, 0.268088, 13.95584, 15.4279
5219.25, 8.300598, 0.775894, 15.09637, 11.9958
7057.69, 8.013121, 0.599748, 13.42127, 15.5628
5498.27, 8.901353, 1.148412, 15.9302, 11.9372
4071.63, 7.527823, 0.353098, 15.20302, 11.5278
5813.01, 8.480053, 0.899184, 14.8904, 13.4482
8085.11, 7.926561, 0.552222, 12.83664, 14.4201
5706.2, 8.346406, 0.809451, 14.75242, 12.3743
4309.52, 7.391841, 0.300633, 14.78633, 16.0004
4324.51, 8.045696, 0.605585, 15.63905, 10.0167
4605.49, 7.987486, 0.570243, 15.27249, 10.4156
5309.92, 8.559671, 0.949659, 15.45956, 10.2673
4630.07, 8.215388, 0.716727, 15.54628, 14.2135
4214.63, 8.067444, 0.619109, 15.7655, 10.3278
4746.08, 7.313713, 0.27765, 14.2419, 14.2967
5728.71, 7.987134, 0.578444, 14.24248, 10.1611
4432.79, 8.763863, 1.074192, 16.65183, 28.0177
4548.93, 7.271894, 0.264236, 14.4203, 11.6191
4939.84, 7.980929, 0.567759, 14.90435, 22.4648
5039.47, 8.847705, 1.120564, 16.22146, 12.5618
4382.06, 8.376461, 0.825412, 16.02126, 13.3621
4357.73, 8.294221, 0.769405, 15.94645, 10.5233
6993.52, 8.093027, 0.648581, 13.56016, 26.1487
6379.77, 8.317022, 0.792233, 14.2518, 12.3318
6790.38, 7.563224, 0.391506, 12.98015, 11.6418
5156.45, 7.896369, 0.519937, 14.59006, 12.8596
4621.39, 8.453973, 0.878249, 15.92387, 10.992
5129.08, 7.976045, 0.566243, 14.71253, 27.199
8575.86, 8.037199, 0.618625, 12.77176, 12.6908
20414.26, 8.061658, 0.659967, 10.85429, 16.637
7672.56, 8.352877, 0.818884, 13.65567, 10.3391
4714.85, 8.773427, 1.079761, 16.38619, 14.459
17390.95, 8.982196, 1.192535, 12.80356, 11.5762
11635.96, 8.09922, 0.664382, 11.92187, 13.3472
4847.53, 8.644825, 1.003117, 16.02465, 12.9311
16998.43, 7.478546, 0.406799, 10.28572, 10.325
20100.96, 7.896617, 0.56749, 10.65606, 11.6884
6151.95, 8.262546, 0.75531, 14.32045, 12.2652
8523.24, 7.955804, 0.570321, 12.66541, 23.0175
6600.32, 7.99091, 0.585006, 13.63743, 17.035
4075.43, 7.880845, 0.505816, 15.64372, 14.0493
10401.76, 8.59375, 0.979376, 13.0452, 14.8309
4275.61, 7.694037, 0.42324, 15.18698, 16.9196
4843.41, 7.805537, 0.477277, 14.75513, 16.6403
8715.01, 8.014354, 0.605298, 12.67214, 17.0082
6212.21, 8.300111, 0.780462, 14.37222, 10.2774
7053.85, 8.176141, 0.701533, 13.67422, 12.3132
7025.45, 7.982216, 0.581223, 13.42949, 11.6509
4652.53, 7.887211, 0.511158, 15.07574, 15.7889
5389.37, 7.837374, 0.49007, 14.30452, 15.7144
5153.77, 8.468801, 0.889133, 15.45565, 10.5285
11134.86, 8.736316, 1.065236, 13.10132, 26.9823
4928.46, 7.971224, 0.561839, 14.944, 10.2758
5604.54, 7.815067, 0.480181, 14.10148, 10.7012
15157.74, 8.846071, 1.127382, 12.74706, 13.0592
6721.99, 7.850362, 0.505408, 13.41961, 11.3321
5196.53, 8.075313, 0.627926, 14.79978, 12.2356
7761.27, 8.058613, 0.629361, 13.15215, 15.7763
4548.3, 7.686076, 0.421079, 14.93012, 10.8709
7433.09, 8.413672, 0.858727, 13.83746, 30.6112
10537.24, 8.293211, 0.785289, 12.47491, 44.0852
7541.01, 8.235495, 0.741209, 13.51504, 16.6732
6663.27, 8.058689, 0.626291, 13.71627, 13.2373
5309.26, 8.220773, 0.722966, 14.90701, 12.4073
7843.42, 8.285873, 0.774922, 13.47447, 11.8889
5830.6, 8.284782, 0.768829, 14.59247, 11.1257
7052.09, 8.3757, 0.832843, 14.01612, 10.6118
6924.91, 7.964504, 0.570491, 13.45331, 11.808
9428.83, 8.568288, 0.962272, 13.33302, 11.5216
7700.08, 8.187668, 0.710492, 13.38368, 11.2277
5764.82, 8.029623, 0.604376, 14.26414, 10.3043
5112.04, 8.176644, 0.692671, 15.02174, 10.6451
5041.06, 8.706783, 1.041199, 15.95635, 10.9987
8548.73, 7.861362, 0.517436, 12.54425, 12.6051
5878.4, 8.018666, 0.598368, 14.16772, 10.4591
7159.07, 8.101599, 0.654395, 13.49544, 13.373
14368.67, 7.894971, 0.552365, 11.29132, 10.4134
6001.61, 8.35472, 0.81622, 14.54132, 30.7386
4089.76, 7.791774, 0.466489, 15.4969, 23.4371
6252.0, 8.071394, 0.632616, 13.97629, 12.256
6809.26, 7.586047, 0.399833, 12.93767, 23.1454
4437.95, 8.207611, 0.711117, 15.74036, 11.0019
6416.37, 8.514772, 0.923627, 14.55629, 11.8009
5697.33, 9.199933, 1.270126, 16.38391, 12.9323
4490.22, 8.31107, 0.781042, 15.8259, 12.4013
6247.44, 8.04059, 0.613608, 13.93805, 12.5537
12213.21, 8.214507, 0.737889, 12.0113, 12.6623
4824.07, 9.118339, 1.242141, 16.9653, 17.014
11900.39, 7.943405, 0.572878, 11.63731, 25.7747
6066.14, 8.260974, 0.753954, 14.35722, 26.9786
5366.33, 8.036251, 0.605182, 14.60086, 10.9992
10693.15, 8.01947, 0.613839, 12.00775, 21.4668
4396.5, 8.872653, 1.133304, 16.8659, 15.6955
4603.78, 7.280605, 0.266957, 14.33826, 17.2549
5508.6, 7.901954, 0.52705, 14.31552, 10.7835
6079.43, 8.020676, 0.600685, 13.99917, 52.4692
7326.2, 8.305799, 0.787033, 13.72639, 15.9965
33209.04, 9.296099, 1.347757, 12.18491, 19.4159
9098.97, 7.958304, 0.573449, 12.4992, 10.3157
5030.26, 8.009846, 0.585967, 14.84918, 25.5962
4658.2, 7.5543, 0.366704, 14.63087, 12.36
5645.29, 8.057933, 0.621011, 14.3718, 27.7132
13966.38, 7.741706, 0.473305, 11.097, 14.3599
4387.46, 7.671847, 0.414126, 15.05175, 14.0078
9325.47, 8.02399, 0.612753, 12.54642, 10.0645
4811.98, 7.154813, 0.233681, 14.00265, 10.763
8633.43, 8.250962, 0.753668, 13.08352, 11.9116
7091.27, 8.365899, 0.826412, 13.93274, 13.4923
7628.55, 7.841543, 0.503786, 12.97495, 10.1612
6169.44, 8.536343, 0.937181, 14.73776, 15.076
6409.98, 7.988626, 0.582919, 13.79974, 10.452
8469.69, 8.022983, 0.609766, 12.81283, 11.5
11790.56, 7.96361, 0.58412, 11.70965, 11.5008
4704.32, 7.868261, 0.500648, 15.01337, 12.2726
3863.57, 7.766473, 0.454207, 15.66737, 18.0604
4933.32, 7.80682, 0.468448, 14.7257, 10.7662
4893.15, 7.395364, 0.305891, 14.20584, 11.8259
8099.28, 7.996692, 0.593008, 12.91178, 13.3567
5071.98, 7.855387, 0.496138, 14.63091, 12.1218
5119.44, 8.900654, 1.147782, 16.26137, 12.7659
4409.96, 8.620229, 0.987346, 16.40039, 13.5186
5857.71, 7.488738, 0.357543, 13.42834, 12.2309
12056.66, 8.007013, 0.60994, 11.7449, 11.3303
12339.93, 7.960205, 0.583506, 11.65917, 10.5102
4803.95, 8.137016, 0.665406, 15.32756, 10.3188
5114.74, 8.117386, 0.654146, 15.01606, 10.3589
10800.25, 8.393008, 0.850993, 12.64787, 10.3776
6388.89, 8.412246, 0.85573, 14.39632, 15.9901
11506.35, 7.895208, 0.544984, 11.67822, 11.853
6071.21, 7.79798, 0.47457, 13.76731, 11.1582
7094.35, 8.047834, 0.620911, 13.4462, 32.8832
8973.68, 8.527537, 0.935696, 13.41437, 12.5967
4684.78, 8.223588, 0.722342, 15.50014, 14.891
10046.57, 7.890164, 0.537856, 12.02666, 13.3928
7524.57, 8.168764, 0.697926, 13.41241, 22.3958
7173.85, 8.217193, 0.728442, 13.70692, 11.2651
10200.15, 8.294335, 0.785325, 12.67072, 10.4401
5122.06, 7.975599, 0.565915, 14.71561, 19.1383
8189.53, 8.371953, 0.832461, 13.5081, 10.2538
11370.21, 8.271545, 0.772901, 12.24297, 14.4478
5392.61, 7.998079, 0.582216, 14.50733, 13.9121
6595.99, 8.400124, 0.848128, 14.26552, 13.5769
7581.69, 8.569046, 0.960411, 14.06935, 11.0571
4803.66, 7.90103, 0.519796, 14.97895, 11.1446
15988.48, 7.963681, 0.594205, 11.20803, 11.4095
9292.99, 8.337214, 0.811571, 13.03747, 10.3517
5132.4, 7.996999, 0.578916, 14.81128, 10.5557
8701.47, 7.947972, 0.56633, 12.59721, 13.9408
4627.61, 7.662375, 0.411288, 14.83384, 10.9797
5780.16, 7.90993, 0.533706, 14.12558, 11.1353
6498.3, 8.277388, 0.766248, 14.17094, 11.3331
8364.66, 8.049522, 0.6255, 12.9464, 11.3108
5977.18, 7.579337, 0.392538, 13.45144, 16.0143
21776.66, 8.224722, 0.760991, 11.00202, 11.6292
4647.29, 8.274443, 0.756496, 15.60657, 24.9618
6680.13, 7.668279, 0.429326, 13.13393, 13.9118
5825.67, 8.014654, 0.59563, 14.17237, 14.383
5666.19, 8.182015, 0.700161, 14.5304, 14.6322
9033.8, 8.005698, 0.60104, 12.53819, 14.8048
5275.94, 8.071982, 0.62649, 14.71273, 11.7905
12375.96, 8.385484, 0.848734, 12.22263, 32.346
6567.3, 8.278705, 0.767313, 14.07272, 13.6279
5274.91, 7.145855, 0.240771, 13.46708, 10.2416
4065.03, 7.704926, 0.4272, 15.41461, 10.8081
7608.58, 8.108315, 0.65977, 13.30141, 10.4948
6711.29, 8.011546, 0.597736, 13.60644, 18.0796
4802.09, 7.732132, 0.443021, 14.69544, 14.4201
12161.74, 8.013871, 0.614214, 11.70307, 10.9645
4871.8, 7.744547, 0.448804, 14.64355, 22.5704
4309.65, 7.623004, 0.393331, 15.06161, 16.2637
9373.98, 8.077138, 0.645104, 12.52219, 11.8654
6581.63, 8.109529, 0.657708, 13.83207, 10.0599
5365.17, 8.630916, 0.995169, 15.51808, 10.9154
8532.13, 8.336693, 0.809787, 13.24863, 12.1501
7523.08, 8.193888, 0.714109, 13.46097, 10.7791
4576.84, 8.141423, 0.667654, 15.47935, 57.815
5832.81, 8.048251, 0.616218, 14.2134, 12.8579
7678.27, 8.241092, 0.745163, 13.46134, 11.833
10678.75, 8.083407, 0.652353, 12.11602, 11.683
6636.59, 8.133177, 0.672858, 13.82847, 12.6203
6083.11, 8.003315, 0.59022, 13.97538, 14.8463
5420.98, 8.401539, 0.844879, 15.07638, 11.9265
4797.99, 7.957857, 0.55311, 15.01621, 20.3455
5182.3, 8.289328, 0.768125, 15.11491, 10.6483
7048.55, 8.307506, 0.787574, 13.86458, 10.8906
10726.07, 8.034594, 0.62294, 12.01959, 17.3546
17504.32, 8.255655, 0.773454, 11.44671, 13.0712
10168.32, 8.04995, 0.630671, 12.22115, 10.4105
4838.72, 7.772482, 0.461433, 14.72402, 11.2372
5715.31, 8.089594, 0.641258, 14.3677, 11.7818
6521.56, 8.0086, 0.595304, 13.70825, 23.1889
4915.33, 7.725785, 0.441075, 14.57992, 13.0711
5475.25, 7.958619, 0.559537, 14.37228, 18.8441
6783.78, 8.271161, 0.762904, 13.94312, 18.0925
5899.11, 8.252003, 0.747357, 14.47414, 10.3026
6525.19, 8.145296, 0.680217, 13.89867, 21.969
6849.84, 8.263268, 0.757864, 13.90448, 11.1517
5942.26, 8.160924, 0.687935, 14.30031, 14.6581
11282.92, 8.20922, 0.732591, 12.14613, 95.1758
4653.31, 8.094313, 0.637329, 15.35315, 20.0674
12131.8, 8.048326, 0.634616, 11.74704, 30.6073
4600.37, 7.589033, 0.380593, 14.73403, 10.8322
4331.61, 7.009976, 0.189249, 14.36336, 10.5212
4864.9, 8.057706, 0.614777, 15.08657, 14.0121
6001.23, 8.155485, 0.684693, 14.25878, 14.0818
4455.86, 7.799568, 0.461931, 15.17243, 19.1872
12827.24, 8.079307, 0.654804, 11.71366, 12.4638
16602.42, 7.975904, 0.602468, 11.12763, 10.8362
8122.94, 8.073232, 0.639333, 13.0216, 10.0227
8699.55, 7.859832, 0.51708, 12.47294, 10.9717
8781.89, 8.148212, 0.687891, 12.85149, 11.6422
4146.82, 7.505522, 0.344143, 15.08444, 24.9206
17002.34, 7.715365, 0.469848, 10.71715, 10.7527
6138.68, 8.40816, 0.852348, 14.55706, 10.3791
6330.63, 8.164532, 0.691874, 14.06222, 10.0915
4698.91, 8.266232, 0.751057, 15.54937, 14.4438
10325.11, 7.968027, 0.582651, 12.05273, 10.5828
6480.56, 8.328163, 0.799922, 14.20831, 13.6804
5629.7, 8.208296, 0.717125, 14.60654, 15.1714
7123.51, 8.298949, 0.782073, 13.82408, 10.2222
9754.06, 8.041202, 0.62426, 12.34522, 10.522
5696.36, 8.549621, 0.944451, 15.10968, 10.4764
5736.94, 8.300011, 0.778546, 14.66946, 10.0265
8020.31, 8.688912, 1.034752, 14.06943, 12.5839
6820.15, 8.112932, 0.660589, 13.68665, 21.271
15076.98, 7.968268, 0.594677, 11.27922, 14.475
5657.99, 8.265537, 0.755149, 14.6769, 10.2496
9386.4, 8.269753, 0.76757, 12.80637, 19.8949
6135.59, 8.797413, 1.094999, 15.23647, 12.9677
5681.54, 8.010215, 0.592007, 14.28473, 14.2837
4534.42, 8.126333, 0.657705, 15.51467, 12.1515
10965.37, 8.072174, 0.646228, 12.0429, 10.1121
6975.95, 8.131564, 0.672809, 13.619, 41.9251
17310.62, 8.983926, 1.19324, 12.80368, 17.6655
7195.07, 8.398849, 0.848481, 13.94495, 10.5555
7239.11, 8.461524, 0.890032, 14.01891, 15.3288
9287.39, 7.758319, 0.466375, 12.11827, 10.3825
17857.71, 8.375399, 0.850343, 11.61619, 13.1662
8092.0, 8.344844, 0.814362, 13.4293, 28.4939
17004.67, 7.956645, 0.592562, 11.03459, 15.7342
6286.24, 8.108374, 0.655899, 13.98823, 23.0145
10248.18, 8.295147, 0.785955, 12.55874, 19.3359
11334.5, 8.400283, 0.856664, 12.44784, 28.0908
11222.1, 8.005683, 0.607113, 11.86844, 10.8324
6459.16, 8.378869, 0.833657, 14.30149, 15.8585
5619.6, 8.048061, 0.614718, 14.38493, 15.897
6018.98, 7.68945, 0.434623, 13.58524, 14.6287
4879.52, 7.60824, 0.390526, 14.4582, 15.7916
7364.87, 8.232371, 0.738785, 13.59437, 15.1941
5687.51, 8.124813, 0.663396, 14.43918, 13.8199
5259.14, 7.900366, 0.523389, 14.50686, 10.095
4902.62, 7.884877, 0.511185, 14.83338, 10.1171
4553.06, 7.897149, 0.516474, 15.1984, 10.8227
10084.86, 8.297263, 0.786999, 12.62338, 15.0846
11350.88, 8.794535, 1.097581, 13.18566, 10.8061
5066.4, 8.014311, 0.588967, 14.83203, 12.9081
6898.92, 8.171071, 0.697864, 13.74811, 10.5146
6835.08, 7.921919, 0.545593, 13.41998, 12.2191
16262.54, 7.922749, 0.572116, 11.07793, 12.5218
16128.85, 8.001504, 0.616043, 11.20419, 14.9479
9489.34, 8.081717, 0.648217, 12.48714, 11.8633
5382.34, 8.198398, 0.708712, 14.79214, 17.5639
5836.34, 8.365154, 0.822583, 14.68722, 15.5492
7053.79, 8.205561, 0.720579, 13.7087, 13.8315
4898.23, 7.581916, 0.37993, 14.39329, 17.074
5997.78, 8.005286, 0.590945, 14.04458, 11.2377
6904.58, 8.342726, 0.810627, 13.9841, 23.9518
5501.7, 8.007792, 0.589168, 14.42641, 10.2101
22744.27, 7.943606, 0.59903, 10.48353, 10.4822
7101.14, 7.839671, 0.50099, 13.17216, 10.9183
4511.23, 7.802201, 0.473671, 15.10026, 15.8196
5037.74, 8.070134, 0.623533, 14.9366, 10.2409
5660.5, 8.053491, 0.618363, 14.35351, 20.7692
7030.34, 8.222176, 0.731347, 13.7381, 18.9577
5044.42, 8.018451, 0.591352, 14.86853, 10.4695
4583.9, 7.788388, 0.466949, 15.00738, 15.9399
5481.85, 8.041213, 0.609416, 14.49009, 10.5174
6899.14, 7.928903, 0.549796, 13.39692, 15.1298
4916.67, 8.032847, 0.599461, 14.99936, 39.264
4652.26, 7.628362, 0.397278, 14.73202, 10.4424
7592.09, 7.889122, 0.529623, 12.99831, 15.1771
7215.6, 8.120828, 0.666642, 13.50381, 10.1843
10514.29, 8.640625, 1.008274, 13.09635, 16.0698
6887.19, 8.315227, 0.792327, 13.96346, 14.7258
4420.92, 7.865023, 0.497738, 15.29814, 10.7179
4657.48, 7.988399, 0.570977, 15.21587, 10.0795
5214.5, 8.1017, 0.644792, 14.80868, 12.7068
7985.04, 7.987117, 0.587005, 12.95252, 14.1708
6994.05, 8.498243, 0.913805, 14.20598, 13.1589
5498.81, 8.009889, 0.590414, 14.43129, 10.8292
7790.36, 8.167365, 0.697648, 13.2754, 86.4658
4364.3, 7.836326, 0.481573, 15.3147, 11.6558
6998.69, 8.329237, 0.801875, 13.93453, 10.7224
4249.91, 7.905999, 0.520687, 15.50882, 12.0218
4201.56, 7.713328, 0.43118, 15.29432, 11.2182
8491.19, 8.255455, 0.756295, 13.14445, 10.0512
4487.21, 7.651429, 0.405953, 14.91275, 20.0613
6641.7, 8.365717, 0.825322, 14.17149, 30.911
11588.32, 8.427282, 0.874668, 12.46254, 10.3134
10359.78, 8.060244, 0.637416, 12.17178, 10.9616
5782.31, 8.196202, 0.710077, 14.46806, 14.7716
5184.84, 8.73191, 1.056221, 15.88197, 14.5165
5662.76, 8.191935, 0.706613, 14.55596, 10.9739
5597.41, 8.228419, 0.730167, 14.65779, 12.7405
5832.74, 7.93768, 0.549991, 14.06268, 27.8677
6102.04, 8.221403, 0.727988, 14.28256, 11.3022
7105.71, 8.285738, 0.773298, 13.80395, 11.2742
4848.68, 7.877634, 0.506717, 14.86025, 22.5114
6187.99, 8.263709, 0.756209, 14.28876, 16.0134
9045.14, 8.448648, 0.884403, 13.24503, 10.0862
4993.99, 7.928999, 0.537291, 14.7896, 11.9961
4774.7, 7.862329, 0.497676, 14.93633, 10.6782
5209.8, 8.039953, 0.60593, 14.74018, 10.1813
4999.43, 8.130068, 0.661663, 15.05737, 12.7244
4842.1, 7.972938, 0.56238, 15.00061, 12.1842
7001.15, 7.903551, 0.535748, 13.31062, 16.6644
6316.99, 8.007054, 0.593556, 13.84018, 13.7197
7482.01, 8.256416, 0.754792, 13.57494, 12.0341
5181.69, 8.224417, 0.724647, 15.02849, 11.089
4877.42, 7.933661, 0.539197, 14.91196, 14.2421
8429.82, 8.12485, 0.672256, 12.95476, 15.9254
14939.57, 7.885305, 0.548612, 11.1772, 12.5537
5292.09, 7.951467, 0.553321, 14.55516, 10.4545
4756.24, 7.271004, 0.265684, 14.16386, 16.2849
10433.23, 7.984953, 0.592795, 12.04175, 13.5427
6533.21, 8.062682, 0.62831, 13.78536, 18.9992
8996.09, 7.963621, 0.57623, 12.51003, 10.71
14653.79, 8.046893, 0.639312, 11.45857, 10.3846
8487.82, 8.231942, 0.740953, 13.10823, 10.8991
4588.32, 7.79358, 0.469463, 15.01949, 10.3115
6777.79, 8.217096, 0.727384, 13.8604, 43.5736
4968.5, 8.027869, 0.596664, 14.95302, 12.6642
5019.59, 7.882635, 0.510874, 14.71124, 12.2056
11389.32, 8.047959, 0.632664, 11.90313, 12.2732
6899.79, 7.94916, 0.56147, 13.43445, 10.5231
5661.0, 8.193844, 0.70785, 14.57639, 11.0292
6420.8, 8.258715, 0.753675, 14.12593, 28.4726
7783.98, 8.417475, 0.86185, 13.69957, 15.1727
8073.29, 8.544102, 0.945138, 13.80193, 10.9976
8388.23, 8.427667, 0.869572, 13.45635, 13.158
4669.99, 8.023974, 0.592926, 15.2335, 28.5792
6477.08, 8.209481, 0.721524, 14.02931, 12.2698
8337.76, 8.381239, 0.838853, 13.40788, 10.492
9831.33, 8.609201, 0.988268, 13.24212, 14.5043
5031.98, 7.909012, 0.526019, 14.72544, 13.3278
4905.09, 7.33171, 0.284867, 14.09448, 14.0534
5012.86, 8.238796, 0.733452, 15.20453, 12.2108
7708.75, 8.193487, 0.714268, 13.37428, 14.2441
11556.67, 8.155553, 0.699185, 12.03405, 11.2442
7837.43, 7.760669, 0.462555, 12.71203, 20.0721
7849.43, 8.064133, 0.632989, 13.12689, 11.6213
18858.58, 8.516395, 0.941276, 11.76158, 12.4535
5601.73, 8.047694, 0.614363, 14.39013, 25.1952
6731.29, 8.170562, 0.697074, 13.81865, 25.0969
7886.6, 8.03296, 0.6141, 13.10249, 10.0663
8992.33, 7.961375, 0.574917, 12.48423, 38.7587
5365.05, 8.643275, 1.002873, 15.57203, 10.3274
8093.1, 8.352555, 0.819463, 13.45359, 18.1393
5657.51, 7.833063, 0.490239, 14.10742, 10.1887
7319.93, 7.928077, 0.550679, 13.18727, 11.8242
4132.16, 7.606925, 0.385999, 15.24157, 10.915
4890.87, 7.532924, 0.359737, 14.35679, 12.6339
10421.31, 8.711547, 1.050363, 13.25887, 14.8329
8454.07, 7.943247, 0.562879, 12.68467, 13.5356
5999.29, 8.367701, 0.824893, 14.57543, 17.8572
4956.3, 8.334922, 0.798156, 15.40522, 10.0779
15735.62, 7.950546, 0.586253, 11.18041, 13.7467
7090.11, 7.82902, 0.495264, 13.17137, 13.0808
6719.27, 7.973859, 0.575316, 13.57158, 10.4082
4836.61, 8.035671, 0.600842, 15.08792, 16.855
5637.13, 8.335638, 0.801877, 14.80523, 10.553
9398.37, 8.344385, 0.816487, 12.932, 12.7897
11383.54, 8.905451, 1.154389, 13.40115, 10.3067
6366.98, 7.457417, 0.350924, 13.03588, 11.4637
6327.68, 8.059664, 0.625663, 13.90537, 12.9486
3868.25, 7.443799, 0.318214, 15.29376, 11.6881
11181.83, 8.060751, 0.639851, 11.9642, 11.1646
6611.52, 8.254888, 0.751709, 14.03005, 11.0395
10525.36, 7.945196, 0.570123, 11.95677, 14.8053
6599.7, 8.246366, 0.746065, 13.99828, 31.4236
8109.84, 8.260592, 0.758853, 13.30167, 13.4344
6697.13, 8.178553, 0.702128, 13.86752, 10.1719
11210.29, 7.983663, 0.594206, 11.85538, 11.4237
5713.12, 8.200553, 0.712545, 14.51798, 23.6668
9600.99, 7.97895, 0.58689, 12.32281, 10.4835
6909.02, 8.471089, 0.895797, 14.20313, 16.6239
5704.02, 8.007524, 0.590536, 14.29033, 11.2058
6118.26, 7.96699, 0.568789, 13.947, 10.2962
5097.91, 7.853496, 0.495349, 14.59232, 14.2985
8447.16, 8.021071, 0.608555, 12.82582, 12.8835
5196.96, 7.402604, 0.312842, 13.89814, 13.9112
6751.45, 8.237099, 0.740402, 13.94314, 12.8734
4344.36, 7.926378, 0.532849, 15.51147, 10.0989
4557.67, 7.530207, 0.356194, 14.70839, 14.0956
6125.4, 7.919512, 0.541286, 13.86954, 11.4048
8379.09, 7.935753, 0.558362, 12.74647, 11.0158
6840.49, 8.195406, 0.713437, 13.83219, 12.1946
5536.06, 8.115055, 0.656124, 14.57259, 12.3718
4709.85, 8.70454, 1.039594, 16.27703, 12.3647
4247.88, 8.045895, 0.605536, 15.67548, 23.296
7261.29, 8.140151, 0.679007, 13.52546, 13.7968
7083.03, 8.021231, 0.604708, 13.41449, 24.3479
18549.73, 7.332491, 0.376321, 9.84926, 24.0457
4368.33, 7.846504, 0.487216, 15.32092, 14.6915
6617.64, 7.809746, 0.483362, 13.4186, 10.9762
6373.32, 8.194455, 0.711392, 14.08618, 10.8248
6674.48, 8.36394, 0.824214, 14.17848, 10.1612
8796.73, 8.106342, 0.661645, 12.77243, 40.1873
5393.79, 8.168552, 0.68929, 14.73733, 20.9031
8914.21, 8.128081, 0.675541, 12.78214, 12.3318
13668.51, 8.51384, 0.933384, 12.31031, 10.0204
5271.86, 8.35474, 0.812682, 15.13472, 14.2995
5735.01, 8.17752, 0.697641, 14.48738, 12.6202
5852.65, 8.190029, 0.706404, 14.4235, 10.458
5438.61, 8.59241, 0.971041, 15.40148, 11.9419
9934.01, 8.646881, 1.011444, 13.30047, 10.7582
7898.56, 8.155362, 0.690234, 13.25022, 10.888
7613.27, 8.105856, 0.658241, 13.32477, 10.6888
6339.11, 8.266684, 0.758689, 14.21534, 11.348
4817.15, 8.227166, 0.725051, 15.39202, 11.7079
6891.6, 8.334092, 0.804862, 13.99814, 14.1908
4478.03, 7.967291, 0.557606, 15.38499, 11.5227
4424.26, 7.983826, 0.567486, 15.43533, 22.8757
12747.19, 7.385252, 0.36199, 10.67173, 22.4081
4988.45, 8.379087, 0.828188, 15.46355, 12.1094
5004.39, 8.345292, 0.805312, 15.38741, 12.0199
21544.27, 7.988882, 0.620948, 10.6445, 18.7782
5163.34, 8.24636, 0.739189, 15.0785, 10.8231
6052.85, 9.210353, 1.273564, 16.14176, 25.3775
6551.23, 8.096403, 0.649354, 13.82334, 15.7724
4904.04, 8.013575, 0.587468, 14.99155, 17.5872
8232.24, 8.469373, 0.896756, 13.59036, 12.4105
14383.32, 8.144786, 0.69818, 11.63741, 10.1989
5094.76, 8.09012, 0.636571, 14.90608, 14.0796
5469.32, 7.974254, 0.568738, 14.41175, 13.1843
5384.1, 8.151704, 0.678277, 14.7275, 13.7058
4929.77, 7.698316, 0.429158, 14.5359, 10.4389
5847.2, 8.019289, 0.598569, 14.15907, 21.4857
6516.01, 8.390794, 0.841737, 14.29259, 10.2918
3982.73, 7.189418, 0.237686, 14.88937, 12.7873
6422.05, 8.062818, 0.62798, 13.86244, 10.3142
5907.83, 8.145768, 0.678022, 14.29157, 55.1027
5383.41, 8.283101, 0.765009, 14.92469, 13.8044
4367.8, 8.651357, 1.006844, 16.48606, 13.2995
6094.85, 8.11848, 0.661472, 14.14421, 10.2997
7690.21, 8.316349, 0.794736, 13.5755, 15.0559
6798.8, 8.458088, 0.887012, 14.24821, 11.5038
9741.79, 8.491894, 0.913681, 13.07923, 12.1825
7848.66, 8.119995, 0.667714, 13.25961, 10.3124
5710.49, 8.145496, 0.67679, 14.45911, 10.2161
7427.67, 8.242934, 0.745834, 13.5883, 12.662
11708.99, 7.872387, 0.533128, 11.60122, 10.504
9245.03, 8.0753, 0.643638, 12.55444, 27.3715
11371.5, 8.115839, 0.674005, 12.01408, 10.6791
7079.06, 8.33749, 0.807525, 13.89583, 15.5864
5198.69, 8.031766, 0.60077, 14.73679, 10.5229
6477.89, 7.912947, 0.539188, 13.61651, 16.286
5549.97, 7.845087, 0.495817, 14.17941, 10.8906
6942.44, 7.697335, 0.4415, 13.04858, 14.3597
5326.08, 8.122179, 0.658766, 14.74811, 12.3979
7219.01, 7.919596, 0.545528, 13.23796, 10.0698
5735.08, 8.236711, 0.736455, 14.57052, 12.0711
3946.06, 8.135345, 0.662548, 16.09436, 11.5168
6112.34, 7.945175, 0.556001, 13.88403, 23.1335
22116.67, 8.039091, 0.650548, 10.70535, 12.1481
4591.14, 7.719542, 0.435469, 14.92401, 10.4082
6500.38, 7.581151, 0.396488, 13.18371, 12.5658
5926.65, 7.75847, 0.462546, 13.77628, 11.1813
7092.72, 8.56869, 0.959564, 14.28275, 10.6256
4346.55, 7.528096, 0.354259, 14.91462, 16.8097
6163.04, 8.263148, 0.755748, 14.32082, 11.5162
6540.98, 8.350629, 0.815035, 14.20728, 22.7338
9433.45, 8.530492, 0.938208, 13.2636, 11.8502
9267.36, 8.230536, 0.741808, 12.80827, 11.3636
7132.13, 8.273121, 0.765029, 13.78816, 10.7795
5265.94, 8.11378, 0.652898, 14.788, 14.6504
24582.81, 7.860055, 0.560343, 10.21213, 12.6253
4980.01, 7.962721, 0.557097, 14.85456, 13.411
5800.8, 8.339489, 0.805248, 14.68842, 12.6388
4863.24, 8.003729, 0.581208, 15.05349, 10.1757
4995.04, 8.069314, 0.622753, 15.01918, 10.7196
5151.43, 7.939721, 0.544908, 14.66028, 13.6319
4463.2, 8.334352, 0.796841, 15.89737, 14.4122
9792.1, 7.893192, 0.538726, 12.10297, 20.2777
20413.8, 7.945017, 0.594157, 10.6736, 27.3257
7521.36, 8.445385, 0.879843, 13.88494, 10.6839
4470.76, 8.36982, 0.820994, 15.95619, 11.0821
15210.74, 8.407223, 0.867001, 11.96019, 13.55
5299.99, 8.068959, 0.624815, 14.69632, 15.2967
4151.96, 8.251542, 0.740232, 16.06826, 11.3968
5890.36, 7.831692, 0.491197, 13.91837, 13.6492
7952.63, 7.935446, 0.556878, 12.92027, 12.4425
6370.86, 8.976617, 1.18494, 15.45033, 21.4808
15161.22, 8.149865, 0.702859, 11.52711, 50.3076
13754.77, 7.981433, 0.599056, 11.45487, 29.6481
9059.65, 8.467775, 0.896956, 13.30329, 12.4845
6842.33, 8.160332, 0.690809, 13.74644, 25.56
6585.19, 7.395615, 0.330506, 12.86526, 11.1581
5272.91, 8.461248, 0.884413, 15.34309, 10.6736
5597.75, 8.63895, 1.000746, 15.37142, 11.8876
6580.71, 7.839814, 0.499184, 13.47891, 17.3157
4902.48, 8.274713, 0.757249, 15.40073, 12.3819
6181.97, 8.005112, 0.59179, 13.91591, 24.4773
12082.26, 8.654428, 1.018427, 12.79172, 10.2648
5159.69, 8.059177, 0.617501, 14.83559, 11.1239
5926.23, 8.589083, 0.970496, 15.02989, 10.4206
5468.08, 8.112532, 0.653947, 14.63443, 11.2698
6529.58, 8.223361, 0.73076, 14.05321, 10.2011
4803.13, 7.877423, 0.506325, 14.90759, 22.8252
4863.36, 7.801636, 0.465109, 14.75148, 30.9838
7752.6, 8.408533, 0.855883, 13.72121, 11.3612
7123.06, 8.260473, 0.756677, 13.75826, 13.3288
7685.72, 8.417795, 0.861893, 13.72988, 21.2766
13237.32, 8.083832, 0.658417, 11.6748, 23.4867
7155.75, 8.268215, 0.761849, 13.80235, 10.9147
5538.9, 8.252951, 0.746002, 14.74681, 17.6123
5189.53, 8.068351, 0.623489, 14.79538, 12.8043
29862.14, 8.051753, 0.674052, 10.05517, 21.4398
11153.41, 8.301242, 0.791755, 12.42532, 10.0043
7436.69, 7.96781, 0.574004, 13.23017, 10.5906
4858.69, 7.811815, 0.470517, 14.86023, 10.212
5589.5, 7.864365, 0.50672, 14.16671, 17.5908
6123.91, 8.070699, 0.631615, 14.11642, 10.3646
6712.04, 8.293041, 0.777192, 14.0244, 14.3492
4722.73, 8.334129, 0.797129, 15.67223, 11.0404
16098.61, 7.860724, 0.538523, 11.00541, 15.505
6672.15, 8.375035, 0.831595, 14.2158, 10.9839
10893.31, 8.196968, 0.723909, 12.33102, 10.2441
5422.38, 8.000381, 0.583924, 14.48416, 16.6765
5134.17, 8.011226, 0.587602, 14.80523, 10.6191
9062.16, 8.082547, 0.64761, 12.67151, 11.2337
6492.18, 8.251806, 0.749332, 14.16103, 10.0636
3790.61, 7.798116, 0.469044, 15.77519, 16.717
7499.33, 8.029906, 0.611146, 13.29374, 10.5475
7345.47, 7.909682, 0.540327, 13.13974, 30.6475
4558.23, 8.090467, 0.634597, 15.46716, 11.5323
7697.87, 8.001741, 0.594815, 13.12159, 11.8116
12578.5, 8.92982, 1.166632, 13.20591, 14.6744
5113.92, 7.953698, 0.552798, 14.72349, 12.4429
8418.17, 8.35783, 0.823533, 13.36309, 11.1915
5727.65, 8.341002, 0.805931, 14.7588, 11.6415
5520.02, 8.349528, 0.810472, 14.9187, 13.7767
4667.59, 7.808622, 0.467675, 14.99702, 11.6178
14475.51, 7.910555, 0.561102, 11.36987, 10.2493
13307.61, 7.852578, 0.526945, 11.45367, 10.0711
17410.43, 8.456074, 0.901294, 11.7898, 15.9933
5886.81, 8.321104, 0.793315, 14.58967, 13.6358
9064.16, 8.12525, 0.674149, 12.79674, 10.2583
7900.02, 8.307001, 0.788977, 13.46432, 14.4205
5728.0, 8.093615, 0.643869, 14.42235, 10.6807
6171.42, 7.971746, 0.57186, 13.89088, 14.1567
5521.24, 8.055847, 0.618799, 14.46465, 31.4395
6447.52, 8.322105, 0.795802, 14.27029, 10.8544
5717.45, 8.049138, 0.616059, 14.29799, 36.3468
4897.75, 8.010363, 0.585458, 14.98352, 18.1645
5007.73, 7.782336, 0.467284, 14.55441, 26.6655
4667.82, 7.789488, 0.468351, 14.96461, 10.989
5028.7, 7.499783, 0.347739, 14.16356, 14.4257
20208.89, 7.849614, 0.543505, 10.62582, 10.7999
4124.26, 7.725124, 0.436107, 15.39243, 13.1511
5347.8, 8.769525, 1.078068, 15.80611, 12.1087
5245.26, 8.007465, 0.586306, 14.69531, 10.9525
5877.45, 8.124297, 0.664143, 14.28582, 22.1534
5282.0, 8.126853, 0.661405, 14.82772, 11.163
34639.63, 7.763357, 0.546928, 9.30328, 11.7627
5007.01, 7.962226, 0.557002, 14.82236, 14.6542
6487.81, 8.058589, 0.625619, 13.87385, 10.2301
4531.37, 7.796636, 0.460666, 15.09756, 13.5136
7373.46, 8.425018, 0.866134, 13.9299, 11.1315
14404.93, 7.953626, 0.584811, 11.33326, 19.1677
4634.88, 7.79598, 0.471178, 14.9735, 12.7058
7281.15, 9.355665, 1.317113, 15.76481, 30.5657
5944.7, 7.945006, 0.55494, 14.0508, 10.7592
10033.67, 7.992763, 0.596225, 12.21582, 10.947
4919.62, 8.545391, 0.939608, 15.76858, 37.2112
11891.04, 7.98332, 0.595729, 11.71128, 13.4268
6493.1, 8.293438, 0.776871, 14.15836, 12.4325
11459.25, 8.443681, 0.885124, 12.60111, 10.2275
5433.31, 7.875061, 0.511218, 14.38351, 10.4499
5923.16, 8.301673, 0.780484, 14.59256, 10.5486
7998.81, 8.031508, 0.613545, 13.0943, 10.1892
6492.45, 7.957417, 0.564852, 13.69178, 11.399
3924.51, 8.076795, 0.6246, 16.0358, 12.664
5307.18, 8.049726, 0.612894, 14.71349, 10.6339
6624.58, 8.287575, 0.773341, 14.0639, 16.3637
5519.85, 7.498857, 0.355294, 13.7416, 10.8693
9153.24, 8.015416, 0.607156, 12.559, 10.8589
9582.37, 8.036393, 0.620897, 12.38199, 19.7386
4724.04, 7.995757, 0.575718, 15.15898, 13.238
4667.07, 7.794394, 0.470706, 14.92311, 25.6147
5352.88, 8.679153, 1.024933, 15.67369, 10.4933
5977.47, 8.288931, 0.772199, 14.53551, 10.0679
4988.85, 8.028194, 0.596992, 14.93533, 12.4524
8175.35, 8.000448, 0.595461, 12.88697, 16.3401
7356.53, 8.477634, 0.900827, 14.00925, 11.9823
7276.42, 8.080442, 0.64151, 13.45645, 10.6501
5404.55, 8.020743, 0.596092, 14.53668, 13.9762
9535.87, 8.360217, 0.827148, 12.94772, 11.0417
5191.47, 7.923079, 0.535621, 14.59035, 19.9203
4961.46, 8.251201, 0.741588, 15.30048, 10.9665
10948.95, 7.922673, 0.558635, 11.82235, 13.869
5948.53, 8.088488, 0.641856, 14.19434, 16.6327
9002.1, 8.019363, 0.609093, 12.65454, 10.4114
6180.06, 7.955373, 0.562285, 13.84476, 25.998
5229.93, 8.123561, 0.658902, 14.91791, 10.1318
5107.69, 8.13148, 0.663192, 15.02564, 10.4375
4921.5, 8.374598, 0.824998, 15.53893, 11.4285
13681.88, 7.967431, 0.590878, 11.47539, 13.7902
5475.42, 8.738754, 1.060644, 15.63767, 12.4745
5334.86, 8.228012, 0.727933, 14.89411, 13.1236
6937.94, 8.240513, 0.743121, 13.80886, 22.4088
9627.96, 8.157194, 0.695668, 12.5363, 38.1996
5239.82, 8.546667, 0.94101, 15.53126, 10.8672
5230.77, 8.090064, 0.63752, 14.78027, 17.6126
4626.91, 7.445282, 0.32229, 14.60049, 10.4589
14510.47, 7.960691, 0.589047, 11.38283, 11.2474
5575.06, 8.658971, 1.013058, 15.4263, 11.3325
5321.98, 8.375351, 0.826809, 15.18614, 10.3363
4812.55, 8.011559, 0.585787, 15.12024, 10.9546
5020.73, 7.931212, 0.538799, 14.79849, 11.4735
4382.81, 7.655215, 0.407069, 15.04409, 13.7563
8713.99, 7.958732, 0.572577, 12.59856, 20.2929
5343.6, 8.188393, 0.701844, 14.81122, 23.8104
12380.48, 7.991115, 0.601408, 11.68629, 11.2768
12316.47, 8.003969, 0.608756, 11.70624, 11.9983
6197.13, 8.054013, 0.621631, 14.03375, 10.4107
4559.84, 7.882937, 0.50836, 15.16441, 25.9909
4530.21, 7.824161, 0.475495, 15.16543, 11.5364
5572.98, 7.867797, 0.508473, 14.18435, 22.4975
8493.38, 7.944312, 0.563608, 12.69782, 12.3319
4662.73, 7.875512, 0.504551, 15.10713, 10.8367
8659.48, 8.072143, 0.640135, 12.88394, 10.0915
7962.95, 8.303958, 0.787094, 13.43133, 15.8729
4250.09, 7.758372, 0.451401, 15.30508, 16.6466
5640.9, 8.552806, 0.946288, 15.22272, 10.1988
4131.27, 7.88133, 0.50621, 15.59257, 19.6074
6790.46, 7.91824, 0.543347, 13.49539, 12.3434
7779.48, 8.423863, 0.866073, 13.78006, 10.351
9284.07, 8.486734, 0.909659, 13.21027, 18.8498
6429.97, 7.734221, 0.454273, 13.46427, 11.612
4649.58, 7.855285, 0.493134, 15.06475, 14.3034
6096.98, 8.298882, 0.779254, 14.41969, 13.6632
5461.7, 8.539535, 0.936959, 15.35708, 10.3371
7305.89, 8.116554, 0.664178, 13.4457, 21.4272
4851.65, 8.036559, 0.601462, 15.09203, 14.4107
3932.34, 8.172415, 0.686966, 16.14429, 16.1853
5225.4, 8.121867, 0.65778, 14.87193, 12.2606
9396.49, 8.349025, 0.81953, 13.02044, 10.0071
7193.65, 7.697046, 0.442334, 12.91466, 16.678
14364.02, 7.913757, 0.562574, 11.35674, 10.5434
8277.23, 8.110997, 0.663173, 13.0006, 22.9929
5750.25, 8.143732, 0.675891, 14.46812, 11.2639
5182.25, 7.975834, 0.566595, 14.74461, 10.0715
9805.56, 8.51601, 0.929383, 13.10148, 12.3135
13744.49, 8.036932, 0.631395, 11.5561, 16.4497
5541.49, 8.254456, 0.747021, 14.73778, 33.0564
6810.18, 9.227699, 1.279175, 15.79804, 10.0028
4700.2, 7.936087, 0.539741, 15.08349, 35.3312
6539.58, 8.300807, 0.781888, 14.11945, 37.0438
6608.6, 8.245, 0.745193, 14.04164, 11.0813
4826.51, 8.00266, 0.580378, 15.08786, 11.2215
10612.7, 8.477316, 0.905616, 12.77013, 16.7583
4964.86, 7.806788, 0.468722, 14.68078, 12.0711
10984.76, 8.140799, 0.688619, 12.12986, 18.4612
5113.94, 7.900662, 0.521964, 14.68535, 10.1459
7174.19, 8.965615, 1.180403, 15.01428, 11.1034
7109.6, 7.9618, 0.569488, 13.33883, 14.7864
6033.46, 8.145733, 0.678572, 14.22156, 14.4301
5837.4, 7.787045, 0.467309, 13.88098, 13.0983
5126.61, 8.038954, 0.604634, 14.8474, 10.2261
7429.98, 8.433982, 0.872159, 13.91756, 10.2788
8691.62, 8.029023, 0.614021, 12.7409, 10.6232
11504.18, 8.338745, 0.816839, 12.34905, 11.0244
14940.05, 8.080944, 0.660284, 11.45909, 21.2738
4424.57, 7.844566, 0.486323, 15.26311, 16.8084
6159.31, 8.070069, 0.631389, 14.04197, 14.4324
4425.43, 7.860222, 0.495055, 15.28867, 15.9414
4574.66, 8.049903, 0.608857, 15.37889, 15.4507
4573.13, 7.764482, 0.455717, 15.03782, 10.2818
12683.29, 7.910213, 0.556314, 11.48723, 26.2015
6126.76, 7.839522, 0.496891, 13.75931, 12.1441
7056.66, 8.303101, 0.784674, 13.83797, 56.0375
9313.79, 8.332802, 0.808714, 13.01482, 10.0397
6889.35, 8.39695, 0.846636, 14.10852, 13.6323
7310.36, 8.213696, 0.72648, 13.60886, 15.1763
4427.53, 7.764535, 0.455214, 15.14503, 16.7241
8585.28, 8.00131, 0.597166, 12.7297, 15.0323
6619.85, 7.873393, 0.517615, 13.50454, 13.3838
4872.06, 7.963195, 0.556686, 14.95475, 22.0191
5319.8, 8.475367, 0.894004, 15.33164, 10.8619
9047.45, 8.610625, 0.988249, 13.52011, 20.3538
8300.78, 7.96165, 0.573047, 12.77543, 21.8484
5375.72, 8.07911, 0.63192, 14.63237, 17.9002
8929.06, 8.461107, 0.892398, 13.32787, 12.1942
5133.53, 7.848203, 0.492809, 14.55445, 21.0828
7201.19, 7.846168, 0.504826, 13.1555, 11.3375
5233.38, 7.856479, 0.498529, 14.50021, 10.9726
9617.29, 7.936582, 0.56251, 12.2465, 11.5827
5445.67, 8.219391, 0.72305, 14.76847, 18.0316
7430.31, 7.996635, 0.590985, 13.23635, 11.872
6784.54, 8.226841, 0.73377, 13.87294, 23.0291
12919.81, 7.895436, 0.548837, 11.47, 11.4667
5463.54, 8.156797, 0.682294, 14.66836, 17.3938
6886.23, 8.428572, 0.867626, 14.14344, 15.5337
13517.13, 8.252009, 0.764282, 11.90067, 18.6067
5265.95, 7.997592, 0.580529, 14.63772, 12.1148
19903.77, 8.275569, 0.789821, 11.25088, 14.5209
6609.36, 8.304457, 0.784496, 14.14924, 10.053
4900.21, 8.330509, 0.79503, 15.48377, 10.4453
8864.32, 8.499759, 0.917552, 13.45338, 10.0129
10248.14, 8.015072, 0.610006, 12.13836, 13.5257
9667.82, 7.531566, 0.393074, 11.67058, 18.8229
7375.82, 8.127895, 0.671517, 13.44013, 12.2783
8882.08, 8.335289, 0.809517, 13.13397, 10.7332
7347.5, 8.291118, 0.777371, 13.71072, 11.2671
4202.44, 8.29392, 0.769023, 16.06841, 16.2414
10984.3, 7.926511, 0.560892, 11.85162, 10.1207
17949.34, 7.925055, 0.577375, 10.88956, 23.9969
10247.09, 8.470232, 0.900417, 12.86752, 15.5122
4575.57, 8.022636, 0.591796, 15.33254, 13.9592
7713.73, 8.069489, 0.635912, 13.19797, 12.7099
5255.45, 8.07252, 0.626649, 14.74958, 11.7709
4403.75, 7.729235, 0.439142, 15.10268, 23.565
10625.36, 7.82681, 0.505723, 11.77783, 13.3748
4909.52, 8.310171, 0.781257, 15.41903, 13.8743
5511.54, 8.122681, 0.660789, 14.57834, 18.7423
6961.96, 8.051039, 0.622495, 13.57597, 10.2085
9355.18, 7.981807, 0.587859, 12.39025, 14.3683
4613.77, 7.941851, 0.542817, 15.19822, 13.7524
5865.71, 7.989949, 0.580984, 14.1067, 22.5675
5490.78, 8.148088, 0.67691, 14.64943, 10.9574
8072.78, 7.946867, 0.563804, 12.86635, 12.1339
7638.08, 8.379422, 0.836406, 13.72399, 10.1111
7858.56, 8.123801, 0.670134, 13.22142, 11.3182
5584.51, 8.118326, 0.658567, 14.51211, 16.4552
4836.45, 7.863112, 0.498476, 14.857, 30.7993
5769.71, 8.154402, 0.682869, 14.42654, 13.284
4597.82, 7.922314, 0.531245, 15.18234, 14.0304
8190.94, 8.178603, 0.705793, 13.14103, 13.4798
10401.78, 7.672037, 0.443129, 11.58022, 18.9682
7617.04, 8.046572, 0.621601, 13.20414, 15.2026
4934.42, 7.805438, 0.46772, 14.74027, 10.0298
5205.96, 8.109255, 0.649554, 14.8693, 10.3005
4768.44, 8.065003, 0.619009, 15.1943, 13.0264
4413.38, 7.890926, 0.51244, 15.32964, 15.5946
4789.88, 7.836078, 0.483226, 14.88817, 12.1618
10249.57, 7.753964, 0.467636, 11.77184, 15.5399
15381.2, 7.892842, 0.55376, 11.13345, 14.1301
11859.61, 7.968536, 0.587117, 11.70685, 10.9336
5640.4, 7.350099, 0.304098, 13.4232, 11.0854
6523.21, 8.430205, 0.867981, 14.34693, 12.8045
5099.71, 7.786043, 0.470215, 14.47814, 13.1836
8518.81, 8.114665, 0.666105, 12.91089, 12.7334
6301.09, 8.229834, 0.734266, 14.15855, 18.8428
9052.42, 8.625224, 0.997255, 13.54821, 13.4852
6201.72, 8.441101, 0.874462, 14.55985, 14.1719
5006.25, 8.936519, 1.1652, 16.42592, 17.1204
7511.31, 7.910536, 0.541341, 13.0514, 18.638
9984.16, 8.382494, 0.842614, 12.79164, 16.7151
5008.91, 8.290538, 0.768251, 15.29118, 11.6305
5349.27, 8.226278, 0.72688, 14.88628, 10.5482
8433.22, 7.91821, 0.548559, 12.67034, 11.3919
5771.95, 8.089103, 0.641299, 14.33288, 11.0931
6522.47, 8.132061, 0.67177, 13.89971, 11.9847
8195.24, 8.460738, 0.891029, 13.57675, 29.6313
4642.72, 8.032561, 0.598186, 15.2854, 11.0771
4920.41, 7.982559, 0.568624, 14.93425, 14.2244
7098.61, 8.354931, 0.819144, 13.93404, 10.5901
6866.96, 8.485646, 0.905319, 14.23364, 44.4267
4843.96, 7.94379, 0.544978, 14.9686, 12.3952
5920.43, 8.189815, 0.706576, 14.36863, 10.7469
5930.42, 8.244835, 0.742746, 14.43456, 13.7408
22772.55, 8.383008, 0.861889, 11.18858, 11.3149
5738.86, 8.112062, 0.6556, 14.39862, 10.4501
4510.44, 7.793549, 0.469459, 15.10635, 10.1106
4074.8, 7.422946, 0.3111, 15.07364, 17.1932
5778.55, 8.27655, 0.763102, 14.59347, 16.2507
5582.27, 8.38166, 0.832424, 14.91239, 14.0036
14316.24, 7.899688, 0.554785, 11.27568, 11.3852
4370.33, 8.019588, 0.589364, 15.53418, 18.4012
9662.02, 8.268745, 0.767509, 12.72602, 11.4248
5180.73, 8.358592, 0.814898, 15.23339, 11.1948
5114.38, 7.909652, 0.527115, 14.6456, 16.6364
9975.92, 8.398399, 0.853022, 12.84398, 11.2772
7734.27, 8.124407, 0.670206, 13.28704, 10.3957
5101.6, 7.585576, 0.383549, 14.19903, 19.8118
5416.16, 8.014806, 0.592599, 14.50693, 22.0118
5509.01, 7.995605, 0.58187, 14.42794, 10.5516
8337.26, 8.197501, 0.718297, 13.13572, 10.0338
4506.54, 7.759283, 0.453235, 15.05067, 21.6318
4680.83, 7.946291, 0.545707, 15.13049, 21.8072
7363.36, 8.521447, 0.929508, 14.08028, 11.7373
5190.45, 8.076956, 0.628916, 14.80746, 15.822
10883.36, 8.23828, 0.750389, 12.31273, 14.1012
5102.16, 8.043988, 0.60758, 14.85488, 10.8679
6840.0, 7.997502, 0.58973, 13.52323, 18.0336
8495.94, 8.515178, 0.927048, 13.55112, 27.7514
19654.85, 9.137756, 1.253584, 12.91253, 16.24
5826.62, 7.987438, 0.57925, 14.14159, 14.8545
8303.33, 7.955167, 0.569296, 12.78054, 13.9352
7665.55, 7.518859, 0.379856, 12.40794, 14.0164
8069.77, 8.433169, 0.872687, 13.60373, 14.0854
9370.69, 8.78445, 1.09055, 13.74755, 12.7746
9371.83, 8.301989, 0.788617, 12.89373, 11.9217
4927.93, 8.264011, 0.750102, 15.34836, 10.0065
5395.96, 8.063336, 0.622264, 14.61135, 12.3018
5209.38, 8.020199, 0.593746, 14.71167, 15.2022
5966.49, 8.027672, 0.604336, 14.12339, 10.0745
8590.85, 8.119629, 0.669401, 12.90866, 10.7498
5722.46, 8.079898, 0.635219, 14.3552, 16.6542
5594.3, 8.014654, 0.594065, 14.33894, 77.3529
5658.3, 8.406807, 0.84969, 14.91713, 10.5299
5401.98, 7.916023, 0.534036, 14.39823, 14.8316
5155.78, 8.309605, 0.781681, 15.1813, 14.2642
12111.99, 7.952027, 0.578291, 11.65064, 11.7235
7509.61, 7.912709, 0.542562, 13.091, 11.3263
5147.29, 8.403185, 0.84493, 15.31937, 34.1081
4711.26, 7.625445, 0.396358, 14.67241, 12.0995
6005.41, 8.125741, 0.665671, 14.23479, 10.3452
6719.13, 7.777369, 0.466996, 13.31525, 12.2675
4802.79, 7.966181, 0.558121, 15.03063, 21.4587
12732.23, 8.057613, 0.641505, 11.71245, 11.377
6385.5, 8.25038, 0.748066, 14.16263, 13.4244
5393.87, 7.876874, 0.511814, 14.35277, 15.0634
14368.75, 8.349245, 0.828344, 11.97729, 10.149
5785.23, 8.690383, 1.032782, 15.29195, 18.8712
5370.7, 8.014259, 0.591774, 14.55669, 16.2534
5101.29, 7.73521, 0.446975, 14.43103, 10.4475
5920.13, 7.921118, 0.540998, 14.0038, 12.0661
5180.78, 8.217852, 0.720279, 15.0331, 10.0493
8802.16, 8.236447, 0.744588, 12.99515, 11.6977
7672.67, 8.067547, 0.634605, 13.2177, 11.6132
4923.72, 7.794369, 0.461748, 14.70732, 10.3322
6094.04, 8.07501, 0.634153, 14.08561, 12.3728
7304.61, 7.942844, 0.559101, 13.2156, 14.4424
10446.09, 7.999948, 0.601621, 12.06271, 13.1406
6324.37, 8.043095, 0.615463, 13.90177, 11.9225
6799.59, 8.338918, 0.807859, 14.03441, 39.8558
4765.28, 7.884288, 0.510015, 14.95362, 35.9049
9027.62, 7.880572, 0.529404, 12.40151, 10.0892
17506.26, 7.971475, 0.602002, 11.03914, 10.1864
5209.77, 7.915711, 0.531571, 14.56371, 18.0721
12445.17, 8.232709, 0.749965, 11.99992, 12.6593
6825.43, 7.934172, 0.552573, 13.45578, 11.5113
7124.85, 7.979117, 0.579696, 13.35731, 11.2037
7193.22, 8.168031, 0.696664, 13.5822, 13.993
7146.81, 9.159142, 1.257423, 15.41341, 11.5888
6392.9, 8.275437, 0.764649, 14.18938, 12.3058
6509.15, 8.314017, 0.790584, 14.18807, 11.0066
7348.39, 8.323962, 0.799103, 13.75302, 11.8997
3907.79, 7.24056, 0.251631, 15.0267, 12.8668
19119.86, 7.785258, 0.50872, 10.60271, 11.6519
4193.95, 7.776343, 0.459693, 15.40042, 10.7236
9234.69, 8.552291, 0.951898, 13.33394, 44.9127
6500.07, 7.958806, 0.565694, 13.65981, 22.599
8568.17, 8.358175, 0.824028, 13.28601, 12.793
4803.08, 7.872774, 0.5037, 14.92009, 17.8644
5998.92, 8.44319, 0.875296, 14.71278, 13.6251
4525.65, 7.939632, 0.541206, 15.29372, 11.5428
16976.93, 7.868748, 0.544926, 10.92382, 17.9147
11500.17, 7.979572, 0.592592, 11.79092, 12.8495
6906.94, 8.017951, 0.602207, 13.5156, 21.922
4549.3, 7.861846, 0.4964, 15.17397, 11.4443
5703.25, 7.982967, 0.575779, 14.25381, 10.297
7007.86, 8.253909, 0.752089, 13.82294, 13.1735
5815.62, 8.076559, 0.633692, 14.29053, 13.3453
7329.14, 7.919208, 0.545662, 13.15833, 32.2109
13186.01, 8.038106, 0.630849, 11.62574, 15.4501
5411.1, 8.088206, 0.637998, 14.62397, 13.8318
7964.03, 8.455336, 0.88712, 13.69242, 13.2747
4706.07, 7.950141, 0.548099, 15.11719, 19.1859
6860.03, 8.002217, 0.59261, 13.53766, 10.7062
6787.2, 7.948581, 0.560764, 13.49239, 17.7041
5196.7, 8.05762, 0.616818, 14.7815, 13.3351
5248.43, 7.574908, 0.38107, 14.08197, 14.2153
6323.47, 8.162518, 0.69055, 14.07963, 10.2219
13649.81, 7.895662, 0.550882, 11.40427, 10.4913
17912.72, 7.947568, 0.58962, 10.9514, 12.087
4760.11, 8.197589, 0.705173, 15.40399, 14.1621
9753.56, 7.24873, 0.304559, 11.09493, 39.034
6463.62, 8.250445, 0.748349, 14.11698, 11.6651
16033.8, 7.984384, 0.606032, 11.19203, 16.704
5467.8, 8.094677, 0.642633, 14.67412, 10.3056
6237.05, 8.331087, 0.801184, 14.42784, 11.0538
7300.21, 8.06141, 0.629814, 13.46442, 10.624
4571.53, 7.721929, 0.43652, 15.01335, 10.3456
12856.54, 8.049352, 0.636825, 11.76456, 10.2246
10228.29, 8.065121, 0.640028, 12.20337, 33.1402
8232.46, 8.352597, 0.819744, 13.38991, 16.8204
6514.2, 8.062774, 0.628298, 13.80565, 16.7161
6016.59, 8.272328, 0.761302, 14.48307, 10.9172
6269.14, 8.11712, 0.661357, 14.02056, 17.7505
4921.98, 8.177846, 0.692575, 15.22284, 13.6564
4606.66, 8.012637, 0.585692, 15.30587, 13.893
7153.82, 8.863065, 1.130754, 14.8507, 10.8588
6849.42, 8.269168, 0.761754, 13.96297, 11.59
7498.81, 8.503973, 0.918314, 14.0343, 10.7674
4988.5, 7.872635, 0.50497, 14.74884, 13.7592
6849.51, 8.169069, 0.696442, 13.83775, 10.1366
5819.27, 8.584012, 0.96698, 15.06426, 23.4626
6502.22, 7.928378, 0.548087, 13.68033, 11.8526
5658.55, 7.719531, 0.445536, 13.89115, 19.2268
4833.79, 7.867053, 0.500666, 14.9111, 12.4092
4287.28, 7.924202, 0.531416, 15.51905, 13.4576
4665.72, 8.52536, 0.926086, 16.01708, 13.4562
11257.52, 8.10911, 0.669577, 12.07975, 10.7093
6001.23, 7.977246, 0.574208, 14.01755, 13.8742
8458.7, 7.965454, 0.575728, 12.79421, 10.461
6364.76, 8.413436, 0.856463, 14.45279, 12.4051
7765.27, 8.347155, 0.815271, 13.62324, 12.3287
4159.46, 7.433835, 0.315553, 15.0025, 19.0803
5181.68, 8.136691, 0.667037, 14.94654, 10.3381
3779.51, 7.628105, 0.393654, 15.60989, 12.2486
4257.29, 7.642477, 0.401233, 15.21353, 10.2428
4426.11, 6.61844, 0.125688, 13.81531, 10.0908
5076.81, 8.232862, 0.729753, 15.1308, 17.6475
6924.75, 8.72791, 1.056659, 14.70137, 11.3679
4405.99, 7.856475, 0.492894, 15.32007, 13.2645
5024.56, 8.006692, 0.583996, 14.89272, 13.2912
4103.88, 7.732909, 0.439331, 15.42303, 16.8901
5141.33, 7.932296, 0.540474, 14.66016, 15.7007
7225.6, 8.159658, 0.691372, 13.5913, 12.8878
4885.03, 7.860526, 0.497361, 14.80593, 37.0552
4882.61, 7.883979, 0.510534, 14.8345, 50.9212
5128.88, 8.024943, 0.595984, 14.77957, 30.4743
3957.23, 7.711337, 0.429704, 15.52035, 25.0207
8904.93, 7.997565, 0.595858, 12.58042, 21.9913
12672.38, 8.157274, 0.702582, 11.86673, 12.8554
4867.39, 7.927504, 0.535526, 14.91269, 21.2759
5437.5, 8.034671, 0.604963, 14.52081, 21.1428
7037.45, 8.402654, 0.850714, 14.05773, 11.6794
4301.73, 7.792852, 0.467935, 15.36044, 10.2175
7313.89, 8.253616, 0.752594, 13.66762, 13.9224
5573.0, 8.569856, 0.957019, 15.29898, 10.0916
6951.69, 8.451098, 0.882665, 14.20136, 10.5358
7088.95, 8.263207, 0.758398, 13.81734, 11.8677
5398.1, 7.966693, 0.563522, 14.4873, 13.7947
10575.91, 8.251019, 0.757963, 12.40533, 22.8292
5073.8, 7.82362, 0.478828, 14.60064, 12.4687
5233.98, 7.879436, 0.511273, 14.5359, 11.6722
5339.5, 8.16277, 0.685077, 14.82793, 10.4575
4781.45, 7.923986, 0.532999, 15.01231, 13.2562
14410.68, 8.756922, 1.079648, 12.68128, 11.4114
20849.17, 7.959551, 0.603131, 10.67762, 17.2682
6965.45, 7.548841, 0.387228, 12.83715, 10.8764
4581.94, 7.807168, 0.476078, 15.04478, 15.9704
5023.22, 7.938353, 0.543001, 14.77339, 26.5988
9469.85, 7.739768, 0.464579, 12.00288, 16.9609
6328.66, 8.410142, 0.854179, 14.46384, 10.9367
11753.46, 7.95138, 0.57704, 11.7022, 12.8709
11138.53, 8.209885, 0.732701, 12.23167, 10.8737
5032.73, 8.137435, 0.666618, 15.03418, 23.3175
9828.98, 8.594521, 0.979169, 13.26257, 10.364
6708.74, 8.346628, 0.812774, 14.13369, 12.8641
8019.14, 7.989009, 0.588224, 12.93522, 24.4061
5290.05, 8.0706, 0.625751, 14.73179, 11.1776
9403.54, 8.301998, 0.788688, 12.85452, 22.4015
7179.35, 8.359674, 0.822453, 13.94295, 10.9113
5012.69, 8.03885, 0.603761, 14.98502, 10.083
5363.23, 8.17139, 0.69088, 14.81842, 11.7525
8226.71, 8.068641, 0.636797, 12.96903, 24.9957
9879.5, 8.295392, 0.785355, 12.74642, 11.5329
15274.83, 7.939922, 0.579242, 11.2884, 10.3633
4872.62, 7.8017, 0.47559, 14.71647, 66.1104
4460.98, 7.9184, 0.528504, 15.3212, 18.0573
6848.37, 8.113294, 0.660898, 13.70776, 13.6654
4455.37, 7.80796, 0.476026, 15.17376, 18.6586
12192.2, 7.9749, 0.591579, 11.71992, 10.186
4306.0, 7.332751, 0.280727, 14.78051, 11.4412
5774.46, 8.357921, 0.817477, 14.75695, 12.1237
5638.45, 8.170479, 0.692484, 14.59617, 10.8572
5660.61, 7.987458, 0.578156, 14.3008, 12.0409
5343.75, 7.92418, 0.538058, 14.43762, 46.9346
10748.59, 8.137727, 0.68614, 12.17446, 29.1316
7013.11, 8.589647, 0.972735, 14.36836, 14.7428
5174.65, 8.01948, 0.592999, 14.75191, 15.0062
7286.15, 8.061879, 0.630063, 13.45009, 10.0325
5549.1, 8.180944, 0.69867, 14.6907, 10.2547
5527.47, 8.237752, 0.735837, 14.74257, 16.1321
9716.84, 8.329252, 0.807187, 12.8574, 10.5141
11239.18, 8.703513, 1.046514, 13.03905, 15.0709
10513.85, 7.879818, 0.533635, 11.91391, 11.5195
4884.01, 7.925085, 0.534213, 14.95995, 10.0003
7375.91, 8.013194, 0.60072, 13.28833, 13.8683
10051.87, 8.372482, 0.836179, 12.75502, 34.6629
8972.47, 7.993056, 0.593385, 12.54579, 19.7525
6649.89, 8.233926, 0.73804, 13.96428, 21.0544
4405.75, 7.758365, 0.452325, 15.16466, 14.802
7034.66, 8.659942, 1.016316, 14.46151, 19.9562
5689.74, 8.365803, 0.822372, 14.86146, 10.5863
8717.42, 8.175735, 0.705237, 12.97941, 10.9463
6671.15, 8.291801, 0.776264, 14.05982, 15.8661
7502.26, 8.009573, 0.598917, 13.25375, 11.8536
4845.89, 8.168812, 0.686365, 15.30581, 12.0461
5829.8, 8.395886, 0.843129, 14.80153, 10.0434
6420.27, 8.076512, 0.636461, 13.90081, 14.4544
4746.39, 7.792282, 0.470203, 14.87048, 14.4556
8540.57, 8.192513, 0.715565, 13.02055, 34.4869
5267.71, 7.976843, 0.568077, 14.59775, 18.3517
8854.48, 8.177285, 0.706564, 12.94064, 10.7975
6395.62, 8.221709, 0.729254, 14.14832, 10.0571
6346.71, 7.623096, 0.411123, 13.37734, 11.941
5374.39, 8.278676, 0.761988, 14.95756, 13.3396
5675.2, 8.07327, 0.630763, 14.39174, 15.8292
7827.43, 7.456731, 0.359047, 12.27195, 12.9656
7112.4, 8.313074, 0.791403, 13.89486, 10.9172
7542.06, 8.410328, 0.856703, 13.84124, 11.1162
7007.17, 8.213007, 0.725309, 13.76785, 15.4034
7537.9, 8.304254, 0.786436, 13.67258, 11.659
8750.82, 8.499361, 0.917131, 13.43003, 20.658
7331.76, 8.10719, 0.658354, 13.47741, 10.1893
5897.92, 8.116073, 0.659014, 14.31889, 10.8372
11815.03, 8.008237, 0.610096, 11.80789, 10.4368
5583.51, 8.278811, 0.763531, 14.79694, 10.6511
6615.75, 8.271706, 0.762818, 14.02964, 30.664
5229.35, 7.987598, 0.57412, 14.65669, 17.8578
8335.36, 8.37374, 0.833896, 13.44622, 10.0612
4246.96, 7.494396, 0.340024, 14.98216, 20.6191
4764.9, 7.943644, 0.544495, 15.03858, 24.6352
8009.36, 8.220762, 0.732618, 13.31371, 16.5384
19730.47, 7.810986, 0.522938, 10.63249, 11.1342
8191.8, 8.773434, 1.083559, 14.1812, 14.6239
5275.6, 8.178115, 0.69463, 14.87375, 18.0783
21836.96, 8.061773, 0.66301, 10.78505, 13.1286
4835.05, 7.97196, 0.561755, 14.99514, 29.2388
8660.68, 8.159726, 0.694889, 12.99263, 10.5866
7094.66, 8.370487, 0.829465, 13.99169, 12.1973
7694.0, 8.189743, 0.711817, 13.37128, 25.4688
8040.48, 8.493363, 0.912185, 13.7693, 10.5565
17825.46, 7.883791, 0.55497, 10.89509, 13.1976
4995.84, 8.024282, 0.594617, 14.91235, 25.9836
6535.87, 8.381503, 0.835592, 14.31143, 11.3613
5281.7, 7.98612, 0.573787, 14.63207, 12.6589
5070.31, 7.974447, 0.564801, 14.79757, 14.4314
5259.34, 7.935107, 0.543368, 14.57118, 14.9364
6907.39, 7.870346, 0.516969, 13.36591, 11.2959
4615.32, 9.015368, 1.200845, 16.95906, 22.7734
9525.33, 8.035184, 0.620015, 12.45392, 11.7138
5637.03, 7.343304, 0.301812, 13.46139, 10.1062
6564.81, 8.535225, 0.937242, 14.55234, 10.424
4719.09, 7.854166, 0.492833, 15.01621, 12.2617
5272.17, 7.962432, 0.559557, 14.60145, 14.1342
5524.9, 8.109544, 0.652534, 14.57362, 15.0811
8137.08, 9.439358, 1.343903, 15.64829, 11.2754
5540.1, 8.138543, 0.671169, 14.6274, 11.0566
4709.62, 7.952079, 0.549269, 15.14132, 12.3964
10740.04, 8.014542, 0.611045, 11.99569, 24.8929
4793.66, 8.246988, 0.738297, 15.42935, 25.0018
5690.25, 7.9909, 0.580431, 14.26792, 14.4281
4434.14, 7.778731, 0.461882, 15.1544, 15.3882
5707.99, 8.233388, 0.734114, 14.60746, 10.5985
5404.98, 8.036965, 0.606034, 14.55765, 17.9982
4815.93, 7.964982, 0.557465, 15.01324, 20.8493
6325.14, 8.121664, 0.664454, 14.01443, 12.4749
10518.74, 8.000336, 0.602052, 12.03336, 24.7455
4784.86, 8.272138, 0.755231, 15.46495, 31.3881
5574.84, 7.917873, 0.536701, 14.2615, 13.4074
8388.12, 8.345202, 0.81514, 13.33801, 12.7397
4856.76, 8.04279, 0.605377, 15.08835, 18.4189
5584.66, 8.294776, 0.774199, 14.79761, 10.0514
4859.36, 7.893866, 0.516013, 14.90521, 10.3465
7289.29, 8.160985, 0.692378, 13.55027, 10.9042
6329.87, 8.32253, 0.795758, 14.29414, 23.0327
6759.3, 8.050033, 0.621274, 13.65844, 11.8511
6801.76, 7.944612, 0.558514, 13.49816, 10.6859
5222.86, 7.989766, 0.575361, 14.67615, 11.6052
4897.4, 6.816685, 0.144856, 13.62467, 11.1494
4415.79, 7.998064, 0.576176, 15.45337, 29.9235
9832.56, 8.588495, 0.975421, 13.2406, 10.7354
6230.07, 8.346027, 0.811131, 14.42243, 10.2194
6110.27, 8.253208, 0.748978, 14.35674, 11.2975
7009.88, 8.031007, 0.610413, 13.51426, 10.1334
4587.06, 7.855823, 0.493176, 15.14464, 12.0516
6013.31, 8.043416, 0.614216, 14.11174, 13.1385
4933.34, 7.613117, 0.39315, 14.44417, 11.1561
5375.99, 8.071231, 0.626985, 14.65612, 11.7415
6183.44, 8.036912, 0.611076, 13.98055, 12.876
4858.94, 8.125862, 0.658336, 15.21306, 11.7974
12742.21, 8.077415, 0.653477, 11.74463, 10.1803
6131.46, 8.310173, 0.786896, 14.41268, 11.497
14415.08, 8.403057, 0.863171, 12.05741, 12.2645
5147.91, 8.026194, 0.596908, 14.79471, 10.5725
6260.15, 8.135253, 0.672842, 14.07928, 10.8322
8073.55, 8.620091, 0.992978, 13.94547, 11.666
11020.4, 8.010027, 0.609138, 11.94597, 10.9028
7175.6, 8.24744, 0.748232, 13.70503, 21.4161
9172.19, 8.037689, 0.620565, 12.56344, 10.4024
9522.71, 8.300632, 0.788042, 12.84575, 10.1908
16073.28, 8.384538, 0.853637, 11.82708, 11.9644
17830.8, 7.903328, 0.565367, 10.90414, 10.7343
6273.34, 7.923434, 0.544258, 13.77795, 11.106
5467.27, 7.581648, 0.387213, 13.85181, 19.8851
14656.13, 8.025293, 0.626581, 11.4409, 11.2577
6247.66, 7.979499, 0.576801, 13.85234, 19.1487
4303.12, 7.996878, 0.575163, 15.58824, 11.8683
4859.35, 8.221174, 0.721153, 15.34165, 12.8872
15261.17, 7.98838, 0.606561, 11.30557, 17.7751
6547.12, 8.015583, 0.599604, 13.7296, 12.6787
9205.7, 8.008718, 0.603314, 12.46929, 47.6347
5519.55, 7.982899, 0.574338, 14.4027, 11.2201
6593.75, 7.976154, 0.576235, 13.65797, 11.8026
4792.03, 8.403218, 0.844172, 15.68673, 13.2338
11487.34, 8.109121, 0.670128, 11.9949, 10.0306
7068.56, 8.140073, 0.678464, 13.61258, 18.5152
7517.25, 8.25689, 0.755178, 13.555, 24.9315
5345.38, 7.982025, 0.572051, 14.5365, 14.7903
15419.34, 7.926609, 0.572225, 11.17911, 19.876
19698.14, 7.923826, 0.580959, 10.73867, 15.2405
5243.23, 7.897866, 0.521772, 14.52593, 10.3948
5155.11, 8.083453, 0.632759, 14.85504, 10.5908
5283.42, 8.192494, 0.704121, 14.89627, 10.6785
11718.8, 8.063433, 0.642776, 11.86254, 14.269
10927.99, 8.271921, 0.772247, 12.35253, 14.0061
4377.15, 7.508684, 0.346394, 14.87404, 10.0953
6959.29, 8.308496, 0.78803, 13.93262, 11.4926
5318.79, 8.155533, 0.680213, 14.81917, 10.217
6038.01, 8.229865, 0.733299, 14.33445, 28.8406
8269.02, 7.831403, 0.500481, 12.62945, 10.0884
14794.56, 7.966085, 0.592774, 11.32032, 15.8755
5338.26, 7.993237, 0.578696, 14.56633, 10.2525
5245.2, 8.125461, 0.660234, 14.8336, 12.8565
7857.24, 8.362142, 0.825368, 13.58812, 13.023
15500.96, 8.286608, 0.789855, 11.73034, 12.4276
6631.7, 7.99375, 0.586808, 13.64971, 15.1434
15003.45, 7.803242, 0.506243, 11.10783, 11.4816
5661.4, 8.063726, 0.62472, 14.38056, 18.1021
7730.51, 8.235502, 0.74162, 13.44038, 19.5118
6699.28, 7.862853, 0.512123, 13.47202, 11.2596
11963.3, 8.056742, 0.639297, 11.8442, 11.4932
5905.29, 8.199775, 0.713009, 14.41878, 12.0849
9983.43, 8.299505, 0.788256, 12.69684, 11.4162
6271.71, 8.198532, 0.713684, 14.18091, 10.8216
5304.62, 8.271171, 0.756552, 15.03709, 10.2174
9326.7, 8.622875, 0.996116, 13.48731, 11.8549
8478.28, 8.070504, 0.638633, 12.89164, 13.4056
5515.62, 8.306828, 0.781791, 14.90854, 10.055
6799.77, 8.274729, 0.765301, 13.94466, 26.5683
6206.4, 8.278321, 0.76596, 14.32548, 12.6688
4519.86, 7.863981, 0.49749, 15.20724, 12.1605
7189.87, 8.398018, 0.84792, 13.9276, 31.6287
4834.34, 7.831743, 0.481134, 14.85253, 10.1753
5725.18, 8.082858, 0.637091, 14.38419, 10.5301
6363.53, 8.016399, 0.599383, 13.81992, 24.9165
6254.69, 8.094038, 0.646756, 14.02424, 11.4661
4607.97, 7.944783, 0.544537, 15.21032, 22.1122
6899.59, 7.865013, 0.514018, 13.33034, 12.5908
19333.38, 8.069435, 0.662304, 10.99376, 15.3451
4862.59, 8.159068, 0.680013, 15.23607, 25.136
6984.17, 8.327716, 0.800834, 13.97428, 10.7903
4835.38, 7.762157, 0.456613, 14.7444, 12.9196
7218.75, 8.115162, 0.663076, 13.51682, 14.4899
4893.82, 7.910809, 0.52598, 14.87479, 19.9047
5254.6, 8.038183, 0.605238, 14.71069, 12.642
6249.09, 8.1938, 0.710519, 14.18048, 10.674
8253.68, 8.155931, 0.691459, 13.08445, 25.3953
9762.71, 8.736233, 1.063938, 13.53451, 12.9898
18634.21, 7.918798, 0.575646, 10.84364, 13.6884
6667.39, 8.426138, 0.865578, 14.28497, 13.764
10223.8, 8.272272, 0.770999, 12.57234, 10.3085
4903.79, 7.873714, 0.504885, 14.82651, 13.7005
22521.16, 8.381588, 0.860647, 11.18693, 40.8988
10842.0, 8.30228, 0.791817, 12.44229, 12.0649
18192.52, 7.712731, 0.47225, 10.57018, 20.4384
6433.77, 8.191258, 0.70952, 14.05487, 11.8899
4554.33, 7.885285, 0.509678, 15.20447, 10.8361
5131.71, 8.194333, 0.704433, 15.04729, 10.5639
5016.39, 7.820825, 0.476745, 14.63717, 21.9005
6490.75, 7.804391, 0.480046, 13.482, 13.9293
7676.2, 7.972168, 0.577283, 13.07478, 22.5354
6440.38, 7.957564, 0.564729, 13.70163, 22.6148
6122.44, 8.130612, 0.669306, 14.1566, 10.0166
6659.98, 8.385435, 0.838491, 14.22297, 11.2204
6225.62, 8.01418, 0.597456, 13.92325, 10.5944
9671.89, 8.079507, 0.647336, 12.43885, 10.188
4831.52, 7.742757, 0.447739, 14.68803, 27.3405
6903.27, 8.009138, 0.596892, 13.51145, 15.2647
6916.23, 8.159727, 0.69062, 13.72048, 15.2654
6430.57, 8.022495, 0.60334, 13.80741, 13.885
5423.0, 8.155158, 0.680864, 14.71673, 13.6678
5109.13, 8.299957, 0.774974, 15.21788, 10.5965
5242.39, 8.06372, 0.621016, 14.75858, 10.2071
8572.58, 8.346706, 0.816468, 13.26345, 12.9706
5983.05, 8.235003, 0.736467, 14.38012, 25.9362
5233.49, 8.144466, 0.672421, 14.86395, 17.4556
6593.84, 8.258416, 0.753984, 14.03105, 25.2737
7632.28, 9.195164, 1.269282, 15.26755, 24.3286
7261.84, 8.396552, 0.847079, 13.89979, 24.4408
5956.19, 7.932572, 0.547807, 13.97522, 22.3217
9149.7, 8.33372, 0.808996, 13.011, 16.8381
5375.82, 8.361879, 0.817968, 15.05493, 18.1579
5431.87, 8.146831, 0.675568, 14.69855, 10.1299
7990.19, 7.917021, 0.546519, 12.85743, 14.0296
5545.58, 8.283774, 0.766582, 14.80431, 10.0547
5085.62, 8.227447, 0.72618, 15.12414, 12.2843
5216.42, 8.185318, 0.698983, 14.94759, 10.4958
6925.71, 7.866302, 0.514815, 13.31845, 10.4502
4102.71, 7.930685, 0.53482, 15.68519, 14.2233
4914.5, 7.839095, 0.485743, 14.75268, 16.9842
9977.29, 7.778737, 0.478976, 11.90369, 13.0185
5170.5, 7.953348, 0.553107, 14.66656, 14.6344
17087.06, 7.972865, 0.601841, 11.05357, 28.0083
10430.87, 9.101518, 1.237888, 14.09301, 10.5574
7417.56, 8.042437, 0.618523, 13.29851, 15.4065
4846.32, 7.894195, 0.51612, 14.91, 14.5564
4430.83, 7.813226, 0.478554, 15.21461, 12.3622
4421.15, 7.805028, 0.464731, 15.23714, 14.417
6463.16, 7.791728, 0.473346, 13.49534, 10.5067
5581.08, 8.202248, 0.71283, 14.65347, 10.2986
4074.44, 7.707061, 0.428028, 15.42403, 11.6448
5345.44, 7.729996, 0.447821, 14.18501, 11.3321
7306.17, 8.519758, 0.928329, 14.09455, 14.9978
10214.29, 8.768647, 1.082512, 13.45018, 10.7941
5818.18, 8.142209, 0.675291, 14.37996, 11.2188
6487.12, 8.044383, 0.616888, 13.80536, 10.5655
7842.32, 8.187967, 0.711007, 13.3099, 16.9808
11081.71, 7.444782, 0.371755, 11.0589, 11.4554
7659.77, 8.295428, 0.78085, 13.57978, 10.7803
6930.33, 8.385021, 0.838792, 14.06805, 10.3464
6514.94, 8.191332, 0.709835, 13.98795, 19.0687
7324.2, 8.510501, 0.922321, 14.06877, 20.9144
4570.01, 7.822891, 0.474963, 15.08909, 25.5042
5449.8, 8.052527, 0.616101, 14.53579, 32.3024
9663.8, 8.452674, 0.887996, 13.01341, 10.925
8658.67, 8.538548, 0.942354, 13.52501, 21.1181
8253.81, 8.454771, 0.887198, 13.54348, 23.2118
5524.68, 7.763702, 0.464085, 14.05464, 12.8987
16532.97, 8.378495, 0.850424, 11.73739, 34.0212
26465.0, 9.171159, 1.26647, 12.41412, 34.0351
5041.68, 8.124189, 0.658088, 14.99926, 11.4556
7552.39, 8.241543, 0.745193, 13.50691, 16.3503
4556.04, 7.965433, 0.556718, 15.27192, 17.4722
4826.21, 8.118916, 0.653724, 15.20494, 17.377
4457.43, 7.902269, 0.519112, 15.28925, 11.723
3935.34, 7.799193, 0.470181, 15.64258, 16.3093
5843.03, 7.374276, 0.316162, 13.26851, 11.0088
16957.22, 7.962904, 0.595952, 11.04713, 10.1727
5097.28, 8.167931, 0.686871, 15.00852, 11.7453
4543.74, 7.80475, 0.465056, 15.08303, 18.1349
4969.64, 8.100058, 0.642174, 15.03536, 17.9326
6119.55, 7.928803, 0.546578, 13.85261, 10.706
7630.71, 8.069394, 0.635628, 13.21429, 31.9231
6812.65, 7.983045, 0.581049, 13.50447, 29.8922
9453.44, 8.301165, 0.788246, 12.83211, 18.8423
6174.26, 8.42241, 0.861947, 14.53887, 11.1902
6345.55, 7.746107, 0.458467, 13.45014, 11.7629
5358.06, 8.150398, 0.677205, 14.74254, 14.8796
4836.9, 8.129024, 0.660313, 15.20472, 10.2061
7355.7, 7.949962, 0.563371, 13.17904, 28.0211
5486.12, 7.73859, 0.453132, 14.05096, 14.1191
5221.01, 7.957596, 0.55613, 14.59991, 12.0727
5137.6, 7.921936, 0.534419, 14.63042, 16.0983
4634.71, 7.812322, 0.469515, 15.00165, 14.2935
5982.76, 8.065856, 0.627908, 14.13109, 14.0155
5417.21, 7.985309, 0.574811, 14.46001, 13.987
9310.65, 7.504128, 0.382282, 11.65817, 10.3202
23514.25, 7.819842, 0.537717, 10.21982, 22.7443
5316.28, 7.794443, 0.466361, 14.30161, 10.0078
5049.54, 7.983507, 0.570091, 14.79822, 10.7058
7284.51, 8.369616, 0.829253, 13.84166, 10.4108
5923.98, 8.019125, 0.598903, 14.10742, 11.9796
4643.9, 7.794698, 0.460122, 14.96878, 10.9096
7878.48, 7.976043, 0.58017, 12.9712, 19.9671
5161.75, 8.176749, 0.693025, 14.9595, 10.1016
5344.56, 8.085231, 0.63546, 14.66238, 16.3281
5362.72, 7.902105, 0.525654, 14.39569, 25.1101
6314.1, 8.143258, 0.67816, 14.02202, 15.9073
4649.2, 7.886257, 0.5106, 15.07274, 10.0493
5303.12, 8.000464, 0.582665, 14.58256, 13.8955
6410.18, 8.384972, 0.837607, 14.33082, 14.3728
4816.46, 7.966496, 0.558376, 15.00884, 13.6162
18619.22, 7.984029, 0.611568, 10.9128, 10.2293
14190.71, 8.216584, 0.742891, 11.75158, 11.2696
7185.52, 7.716267, 0.44972, 13.04041, 10.5595
5539.69, 8.06444, 0.624286, 14.46398, 12.1868
11144.18, 8.243363, 0.75422, 12.23561, 13.2592
6038.37, 8.115047, 0.659034, 14.16311, 14.3886
7307.51, 8.382452, 0.837811, 13.8501, 14.2117
6866.64, 8.140063, 0.677916, 13.70107, 14.7404
5607.35, 8.092316, 0.642247, 14.448, 10.6574
5124.14, 7.89666, 0.51978, 14.61289, 10.5015
7144.52, 8.299873, 0.78273, 13.79951, 11.978
12377.24, 7.994288, 0.603246, 11.63935, 10.3369
9358.49, 8.055171, 0.631649, 12.48634, 12.6846
4940.12, 7.732165, 0.444067, 14.55255, 10.9306
13141.86, 8.167482, 0.709902, 11.79338, 23.8099
5649.67, 7.938753, 0.549351, 14.20508, 10.5894
4406.35, 7.756809, 0.451614, 15.1379, 10.8303
5272.45, 8.029769, 0.600222, 14.65007, 20.3901
5843.28, 8.1645, 0.689781, 14.37023, 12.0505
5346.93, 8.045941, 0.610955, 14.60413, 19.4997
4376.62, 7.808888, 0.476056, 15.23622, 13.5789
4803.31, 7.787069, 0.468382, 14.77017, 12.6567
5365.55, 8.051601, 0.614653, 14.5956, 12.5243
13423.57, 8.143801, 0.695658, 11.73097, 16.2818
4651.41, 8.25409, 0.742762, 15.57137, 17.2615
7265.52, 8.021077, 0.605143, 13.32201, 22.8427
5526.85, 8.019631, 0.596574, 14.41347, 10.3448
4836.89, 7.900981, 0.519956, 14.90386, 12.9612
5999.14, 7.980142, 0.575915, 14.00173, 14.0722
6143.63, 8.075266, 0.634547, 14.03465, 10.1779
5661.6, 7.924336, 0.541108, 14.17278, 10.0634
6204.11, 8.151405, 0.682947, 14.10047, 32.0542
7343.82, 7.906517, 0.538539, 13.12775, 15.1408
4281.46, 7.737442, 0.442379, 15.2377, 12.3349
5449.96, 8.115814, 0.655865, 14.6131, 12.4476
5176.45, 8.487654, 0.901803, 15.42952, 10.0454
9766.51, 8.01047, 0.605917, 12.27561, 13.6783
5181.98, 8.121562, 0.657279, 14.8589, 10.586
13009.74, 7.915267, 0.559946, 11.46345, 10.3582
5394.96, 8.253744, 0.745457, 14.86338, 10.6117
6302.33, 8.063482, 0.62792, 13.91761, 11.0951
4570.13, 7.935067, 0.538649, 15.21885, 17.2944
4865.53, 7.88849, 0.512984, 14.85789, 13.1118
8020.18, 8.471985, 0.898148, 13.67528, 13.3629
13315.02, 8.08327, 0.65824, 11.66294, 12.9581
10338.49, 7.998633, 0.600545, 12.06093, 39.6289
6919.35, 8.270174, 0.762589, 13.86797, 12.1167
15865.45, 8.075873, 0.659164, 11.32508, 96.1834
9297.91, 8.479297, 0.904827, 13.1905, 13.9457
7297.13, 8.325781, 0.800206, 13.76378, 15.4012
5015.32, 7.827196, 0.480174, 14.63134, 11.6398
8255.5, 7.883829, 0.528811, 12.67904, 13.8035
4814.76, 8.319074, 0.787088, 15.50561, 14.1874
6855.58, 8.336682, 0.806501, 14.0043, 12.2446
6854.69, 8.376703, 0.833106, 14.06539, 25.7006
5168.3, 8.290871, 0.7691, 15.12075, 13.9864
4539.09, 7.738603, 0.444177, 14.97717, 25.2241
17608.45, 8.017056, 0.628181, 11.05851, 13.5294
7507.06, 7.949284, 0.563449, 13.10458, 13.1734
6629.64, 7.670838, 0.430258, 13.16232, 20.8067
5972.15, 8.220884, 0.727129, 14.36135, 11.1548
17791.95, 7.925026, 0.576982, 10.90286, 11.7999
6803.02, 8.23935, 0.742015, 13.88344, 13.8649
8904.44, 8.237022, 0.745192, 12.93964, 23.0514
5170.54, 7.928192, 0.538369, 14.6095, 12.7962
10149.72, 7.927173, 0.558792, 12.02526, 12.7758
4980.95, 7.85572, 0.495473, 14.70006, 14.4409
7085.84, 8.099721, 0.653022, 13.52592, 13.8513
17660.66, 8.781874, 1.095708, 12.36474, 12.4197
5449.78, 8.10632, 0.649829, 14.59787, 14.8137
7216.86, 7.994252, 0.588936, 13.31455, 20.0902
19719.66, 7.983995, 0.61404, 10.805, 11.7484
8703.88, 7.89605, 0.536964, 12.5127, 10.7252
5919.98, 7.834115, 0.492701, 13.87061, 14.3175
14433.9, 8.04253, 0.636241, 11.46909, 11.8119
7184.96, 7.918799, 0.544966, 13.22272, 22.9248
5885.13, 7.443277, 0.341035, 13.33983, 12.7125
10119.69, 8.02686, 0.616665, 12.17733, 11.3267
6910.82, 8.435938, 0.872555, 14.13331, 11.6996
4871.01, 7.864536, 0.499501, 14.81573, 10.835
12248.88, 7.974027, 0.591212, 11.62178, 13.427
7611.91, 9.468873, 1.354201, 15.87644, 10.8035
7916.01, 7.756245, 0.467057, 12.65022, 11.6661
4626.37, 7.817815, 0.472446, 15.0162, 11.2394
5110.61, 8.432168, 0.864389, 15.39731, 13.2185
8451.58, 8.117795, 0.667887, 12.93698, 16.8714
6953.7, 7.559613, 0.391016, 12.80529, 12.0336
9565.35, 8.022796, 0.612697, 12.36366, 11.8331
7569.63, 8.031231, 0.612147, 13.19504, 11.7938
5744.39, 8.275226, 0.762053, 14.60461, 13.14
5614.52, 8.339594, 0.804399, 14.81045, 10.7264
7347.26, 8.103722, 0.656219, 13.39894, 19.4859
11838.83, 7.94527, 0.573781, 11.64838, 21.653
5660.09, 8.361747, 0.819503, 14.80904, 12.1847
7395.34, 8.075225, 0.638596, 13.33967, 12.5693
6773.85, 7.880841, 0.522293, 13.3941, 12.6188
4612.93, 7.773074, 0.459991, 14.9506, 12.5017
4992.24, 8.404379, 0.84533, 15.46824, 13.0035
4912.18, 7.795641, 0.473206, 14.66626, 30.0194
15879.52, 8.319635, 0.811652, 11.71683, 15.7991
10871.55, 8.564584, 0.961829, 12.85295, 10.0063
5440.87, 7.994385, 0.580502, 14.45267, 10.9594
6081.12, 8.297586, 0.778336, 14.3964, 10.0565
7479.73, 8.377286, 0.834701, 13.75638, 12.6886
7661.82, 8.289911, 0.777214, 13.53682, 12.7
5828.1, 8.012801, 0.594521, 14.16819, 10.9763
12060.8, 7.212514, 0.309254, 10.5017, 27.3265
4230.19, 7.792613, 0.467319, 15.36308, 11.1465
4991.74, 8.011209, 0.586538, 14.88995, 11.0086
4202.39, 7.999947, 0.576816, 15.66234, 19.5765
4774.45, 8.006107, 0.582268, 15.10143, 10.4365
5676.7, 7.934599, 0.547146, 14.18189, 15.811
4871.89, 8.518886, 0.922049, 15.77, 13.6792
4286.07, 7.829718, 0.477705, 15.37369, 12.6783
5526.1, 7.992726, 0.580282, 14.37592, 11.9955
5719.83, 8.191895, 0.706921, 14.50283, 13.8626
7333.85, 8.321695, 0.797573, 13.73925, 10.3136
9160.56, 7.86734, 0.522591, 12.28882, 12.288
5846.63, 7.949652, 0.557044, 14.06838, 13.7212
5732.24, 7.986648, 0.578178, 14.20484, 10.5383
6141.35, 8.271987, 0.761529, 14.3203, 17.0411
5962.51, 8.159324, 0.686994, 14.27691, 13.577
8384.69, 8.237308, 0.744218, 13.14223, 12.907
5072.36, 7.812422, 0.472808, 14.55625, 11.2086
4701.61, 7.895059, 0.515863, 15.02218, 39.6233
6123.63, 7.344466, 0.309521, 13.0267, 15.1382
14269.92, 7.822745, 0.514128, 11.16563, 54.5752
4761.85, 8.10388, 0.643809, 15.24652, 12.9055
6652.52, 7.623508, 0.412684, 13.08072, 10.5863
5434.62, 7.794297, 0.477323, 14.17349, 12.4224
5607.35, 8.093981, 0.643297, 14.45051, 11.0533
7648.51, 8.047853, 0.622469, 13.18091, 11.0066
6937.01, 8.450384, 0.882167, 14.14619, 10.4473
6324.48, 7.967508, 0.570064, 13.77343, 11.225
5162.24, 8.690833, 1.031729, 15.80435, 10.2542
5770.87, 8.189646, 0.705735, 14.45678, 30.3453
4656.43, 7.901872, 0.519589, 15.08894, 22.5783
4215.16, 7.54683, 0.361469, 15.05692, 24.4196
4490.16, 7.82327, 0.474855, 15.15912, 10.6018
4367.45, 7.778462, 0.461201, 15.20727, 13.218
5529.55, 8.128508, 0.664656, 14.56239, 16.6217
6283.58, 8.22619, 0.731812, 14.16344, 10.4538
10412.27, 8.10788, 0.666745, 12.21801, 11.7864
7823.99, 7.866023, 0.517664, 12.84279, 17.5879
5268.86, 8.113548, 0.652773, 14.77232, 10.5005
6967.68, 8.195653, 0.713929, 13.72631, 31.5293
5632.68, 8.144276, 0.675513, 14.50093, 12.761
7258.96, 7.819562, 0.490843, 13.06386, 12.8444
4158.07, 7.716326, 0.432432, 15.33443, 34.7829
7264.68, 8.241295, 0.744403, 13.64863, 13.6149
8423.66, 8.157741, 0.693033, 13.00204, 13.3159
5506.98, 8.182911, 0.699623, 14.66104, 11.1783
8054.95, 8.008204, 0.599722, 12.94242, 11.2515
6950.18, 8.136981, 0.676182, 13.65412, 17.2066
6274.81, 7.872646, 0.515717, 13.66303, 53.2052
4930.0, 7.882534, 0.510063, 14.78466, 15.2666
6879.6, 7.932679, 0.551895, 13.40651, 13.2335
6005.35, 8.253013, 0.748453, 14.38042, 11.8229
5405.3, 8.042358, 0.609359, 14.54895, 10.2402
10439.46, 8.002214, 0.602936, 12.05437, 12.199
8574.92, 7.975631, 0.582006, 12.67167, 21.8196
4916.16, 8.084317, 0.63186, 15.06754, 11.0342
5857.57, 8.012148, 0.594297, 14.1437, 11.4125
3859.38, 7.804389, 0.462911, 15.73765, 13.2032
5944.7, 7.971217, 0.570311, 14.02704, 16.1159
5300.66, 7.9589, 0.557799, 14.52839, 12.1986
8007.84, 8.806495, 1.101527, 14.29116, 10.3808
4890.57, 7.884285, 0.510763, 14.82814, 11.1253
4771.31, 7.835785, 0.482957, 14.88938, 15.4491
13285.01, 8.018237, 0.619337, 11.56631, 16.3182
4635.53, 7.794913, 0.460198, 14.97782, 10.8446
5450.65, 7.856829, 0.501309, 14.25749, 26.9913
6009.71, 8.229909, 0.733217, 14.34781, 17.0207
5079.31, 8.07054, 0.624062, 14.88777, 17.273
5544.96, 8.099446, 0.646293, 14.50927, 11.7804
15835.21, 8.333095, 0.820223, 11.74154, 11.9604
6778.94, 8.18872, 0.708936, 13.82126, 10.0995
9934.56, 8.492743, 0.914528, 12.99479, 13.9169
5845.78, 8.239445, 0.738814, 14.47964, 15.7883
6349.62, 7.98015, 0.577635, 13.7588, 102.9078
4400.31, 7.900949, 0.518174, 15.34596, 11.314
6773.07, 8.276926, 0.766684, 13.9574, 10.9348
7782.1, 8.244129, 0.747371, 13.40737, 10.6223
5319.94, 8.083776, 0.63431, 14.68273, 12.2326
9322.0, 8.235236, 0.744978, 12.77505, 11.3895
11009.45, 9.166866, 1.260908, 14.04155, 10.9807
6853.58, 8.376411, 0.832909, 14.06937, 10.1231
6249.06, 8.251385, 0.748277, 14.22501, 13.7339
4296.71, 7.626817, 0.394894, 15.07803, 11.3502
5463.1, 8.130714, 0.665503, 14.62258, 10.6983
8784.86, 8.086368, 0.64923, 12.76015, 25.4595
4802.84, 7.799032, 0.463299, 14.812, 14.9617
4895.81, 8.030475, 0.597881, 15.01123, 10.0923
4594.43, 7.968163, 0.558488, 15.23589, 19.4998
6643.83, 8.207763, 0.72092, 13.92341, 20.0154
13408.46, 8.247247, 0.761037, 11.88052, 18.7058
4978.22, 8.1642, 0.683823, 15.11462, 11.3066
5617.72, 8.235908, 0.735249, 14.64957, 11.1938
4939.82, 7.904924, 0.522916, 14.8059, 12.5642
5652.51, 8.03095, 0.604429, 14.32631, 13.4171
4808.24, 7.671716, 0.416673, 14.6074, 10.7521
5658.37, 8.126392, 0.664217, 14.45604, 10.0496
6025.38, 7.907894, 0.534113, 13.88711, 12.0076
5167.62, 8.184516, 0.698164, 14.96551, 13.0574
5421.84, 8.354177, 0.813008, 14.99184, 13.9484
4668.99, 7.987799, 0.570652, 15.186, 14.856
6372.86, 8.287236, 0.772412, 14.20217, 10.7149
6209.51, 8.082854, 0.63957, 14.00481, 12.7255
5019.31, 8.12911, 0.661147, 15.02782, 13.873
7725.02, 7.878708, 0.524296, 12.9104, 11.2203
6574.64, 8.18452, 0.705612, 13.92821, 10.0324
6754.88, 8.370861, 0.829002, 14.11082, 23.3651
5934.29, 8.059487, 0.62371, 14.15597, 11.0527
4904.44, 8.446242, 0.873455, 15.61747, 11.0313
5733.05, 8.1566, 0.684078, 14.44141, 11.5063
5887.6, 7.932686, 0.547446, 14.01609, 23.1018
5489.08, 7.573828, 0.384378, 13.81827, 11.5964
5445.56, 8.046623, 0.612407, 14.51892, 12.8944
6358.69, 8.478212, 0.899446, 14.51764, 11.9241
6218.51, 8.10452, 0.653195, 14.02808, 11.5822
4098.48, 8.001405, 0.57751, 15.75848, 13.6567
5848.13, 7.965487, 0.566348, 14.08886, 10.9199
5888.66, 7.961724, 0.564377, 14.05409, 10.2243
7482.79, 8.227626, 0.735943, 13.52499, 10.04
5846.12, 8.148408, 0.679418, 14.34604, 13.2906
5427.56, 7.968853, 0.565116, 14.42924, 11.4506
5817.97, 8.562167, 0.952995, 15.02099, 11.4331
4264.05, 7.690067, 0.421398, 15.19341, 14.1817
7727.85, 8.124256, 0.670095, 13.25412, 11.5233
9696.78, 8.253814, 0.757869, 12.67209, 13.0666
8135.29, 8.620292, 0.993174, 13.88838, 15.1394
8128.9, 7.697625, 0.445278, 12.46206, 12.9789
7489.73, 8.35853, 0.822286, 13.72281, 15.8037
6602.63, 8.35353, 0.817115, 14.16946, 11.1326
4554.47, 8.137191, 0.664832, 15.50011, 12.4055
4821.41, 7.904518, 0.521903, 14.92394, 13.8012
4869.78, 8.019133, 0.590724, 15.02287, 10.91
6249.33, 8.051621, 0.620385, 13.93555, 12.4288
4325.54, 7.908716, 0.522464, 15.4291, 12.3629
5391.93, 8.513679, 0.919717, 15.28266, 17.5953
8293.32, 7.988224, 0.588577, 12.81039, 12.5072
24439.83, 7.826568, 0.543477, 10.15817, 10.2763
6565.92, 7.881813, 0.522066, 13.51561, 10.0531
14507.24, 8.511155, 0.932722, 12.19267, 12.3562
7811.19, 7.461818, 0.360779, 12.23327, 13.306
9466.83, 8.000022, 0.598888, 12.36557, 10.9162
11827.01, 8.168661, 0.708024, 11.97445, 16.6921
5156.09, 8.007159, 0.5853, 14.72917, 15.1518
5067.3, 8.000229, 0.580364, 14.80219, 18.1912
6738.45, 7.981601, 0.579952, 13.54621, 18.1386
7156.67, 8.04497, 0.619336, 13.41643, 14.2926
6176.69, 8.208408, 0.719768, 14.20528, 10.8366
5084.85, 7.987512, 0.572783, 14.76863, 15.7448
6905.4, 7.821519, 0.490632, 13.2415, 13.9637
6642.87, 8.38838, 0.840414, 14.20009, 17.436
4251.86, 7.725269, 0.436519, 15.25101, 11.8922
6332.94, 8.439653, 0.873828, 14.46529, 32.1301
5562.9, 8.002567, 0.586503, 14.35986, 18.3617
4307.97, 7.927219, 0.533246, 15.46934, 15.7199
5882.88, 7.978508, 0.574265, 14.07816, 28.084
5598.48, 8.199445, 0.711113, 14.60626, 29.8629
8152.26, 8.055076, 0.628287, 12.96865, 10.1462
5332.57, 8.2037, 0.711831, 14.84345, 10.5962
19735.26, 7.864464, 0.549826, 10.62795, 20.1813
4813.4, 7.96294, 0.556228, 15.0076, 15.0908
4761.61, 7.809629, 0.478915, 14.84474, 12.9998
4972.39, 8.019233, 0.59135, 14.91994, 12.0485
5402.38, 8.160978, 0.684446, 14.71788, 12.547
5245.48, 7.882543, 0.513157, 14.4797, 17.1004
4982.18, 8.133891, 0.664057, 15.06831, 12.0044
4411.46, 8.122613, 0.655012, 15.62047, 15.8589
10357.43, 7.918603, 0.554594, 11.95578, 10.6104
4606.75, 7.801654, 0.473571, 14.99551, 10.4286
4864.25, 7.829329, 0.480025, 14.78607, 18.5341
6214.64, 7.864311, 0.510829, 13.7054, 15.1965
11186.4, 8.191012, 0.720768, 12.14885, 10.0114
5763.0, 8.231458, 0.733131, 14.52887, 10.9407
6396.81, 8.296747, 0.778797, 14.19982, 23.7274
10984.33, 7.991704, 0.598282, 11.8892, 28.6999
4667.41, 7.760408, 0.454689, 14.87408, 15.1531
8743.44, 7.769942, 0.470306, 12.32247, 12.162
5609.6, 8.007278, 0.589706, 14.32705, 14.1181
13205.18, 8.357729, 0.83201, 12.07773, 10.7557
8903.24, 8.018151, 0.608094, 12.61047, 10.9529
7949.18, 8.46517, 0.893564, 13.69541, 10.9264
6437.04, 8.326402, 0.798635, 14.22409, 10.113
5235.31, 8.002288, 0.583061, 14.6465, 15.841
5673.39, 8.106553, 0.651693, 14.4155, 10.9361
4853.58, 8.042924, 0.605447, 15.07146, 16.5782
5615.12, 8.132579, 0.667886, 14.49902, 15.3666
5187.42, 8.104348, 0.646284, 14.83157, 10.0518
5132.72, 7.983394, 0.570692, 14.71845, 11.1606
11623.62, 8.07993, 0.652559, 11.88591, 12.3163
4453.01, 7.853509, 0.491393, 15.23562, 19.866
5428.35, 8.056667, 0.618452, 14.54782, 11.4956
7311.39, 8.113779, 0.662444, 13.43585, 15.3353
4471.26, 7.989096, 0.570828, 15.3845, 12.3626
9862.13, 7.949493, 0.570616, 12.15072, 13.0416
8734.05, 8.189859, 0.714325, 12.92733, 11.7893
5402.24, 8.387831, 0.835569, 15.06602, 10.5565
4010.42, 7.857429, 0.492427, 15.66755, 17.077
4828.46, 8.548085, 0.941257, 15.86194, 12.3018
7426.84, 8.412487, 0.857932, 13.83823, 21.6271
6120.21, 8.378528, 0.832508, 14.50277, 10.7237
6971.95, 7.87458, 0.519521, 13.28019, 10.7959
4472.1, 8.011659, 0.584703, 15.41555, 10.6851
6047.48, 8.268929, 0.75916, 14.38232, 12.4502
5667.99, 8.173619, 0.69471, 14.51658, 14.4229
8993.45, 8.353274, 0.821568, 13.08734, 14.5185
12071.39, 8.028474, 0.622641, 11.72939, 10.1851
7121.26, 8.352109, 0.817316, 13.89263, 16.6583
4824.26, 7.769599, 0.460063, 14.72523, 11.5185
5029.62, 8.159014, 0.680669, 15.06086, 10.2307
6529.76, 8.362157, 0.822688, 14.22529, 11.2078
4611.84, 7.886932, 0.510834, 15.11726, 14.9719
6469.18, 7.90903, 0.536933, 13.60438, 11.14
9725.38, 8.292458, 0.783118, 12.72554, 11.1468
5123.72, 8.024152, 0.595456, 14.78166, 14.0477
5569.43, 7.974797, 0.569912, 14.31836, 17.6438
4210.29, 7.786144, 0.464359, 15.37445, 10.2875
7443.48, 8.438001, 0.874837, 13.87777, 15.4956
5043.25, 8.100458, 0.64284, 14.96164, 14.0207
5081.76, 8.075868, 0.627444, 14.89351, 10.8933
10291.03, 7.957729, 0.576614, 12.03304, 10.1293
5384.34, 8.010731, 0.58978, 14.52248, 15.18
8933.31, 7.920262, 0.551222, 12.45392, 11.3794
5192.0, 7.299394, 0.279152, 13.74252, 10.097
5119.86, 8.106363, 0.647106, 14.89922, 10.2353
15863.08, 8.130666, 0.692384, 11.42353, 10.1174
7998.14, 8.462234, 0.89171, 13.66954, 11.2763
5811.32, 8.040177, 0.611126, 14.21662, 23.9619
7205.89, 8.267942, 0.761781, 13.72053, 14.33
4906.62, 7.826508, 0.478817, 14.73771, 10.2629
8860.41, 7.924562, 0.553436, 12.48974, 10.2198
7931.64, 8.201006, 0.71963, 13.27185, 25.0814
5966.28, 8.217561, 0.724922, 14.36173, 10.7756
6028.53, 8.113491, 0.658002, 14.16353, 22.8615
11393.3, 8.410926, 0.8637, 12.44786, 20.1009
22146.05, 8.265523, 0.787019, 11.0278, 13.105
7494.1, 8.265091, 0.760519, 13.5676, 20.5894
7579.31, 7.958807, 0.569191, 13.08749, 14.5159
4850.36, 7.920037, 0.531065, 14.91379, 25.2447
5998.57, 8.892753, 1.144835, 15.5044, 10.996
5979.27, 8.04837, 0.617082, 14.10901, 25.2101
9427.75, 8.384203, 0.8427, 12.98234, 10.0684
7429.08, 8.340581, 0.810273, 13.72592, 11.9868
5863.38, 8.206527, 0.717237, 14.418, 13.0163
5938.77, 7.877151, 0.516323, 13.90904, 10.105
6193.36, 8.000111, 0.588841, 13.89941, 13.4169
7307.8, 8.386838, 0.840721, 13.85795, 10.5336
5438.67, 8.117431, 0.656787, 14.62525, 13.3069
14195.48, 8.025106, 0.625433, 11.46706, 12.8417
7193.94, 8.451484, 0.883331, 14.01752, 11.6495
5161.32, 8.316088, 0.786083, 15.16976, 14.6667
5061.81, 7.840664, 0.487952, 14.60106, 16.669
7616.96, 7.975594, 0.579112, 13.09399, 11.9753
10685.91, 8.69579, 1.041431, 13.14037, 19.8846
5753.64, 8.132228, 0.668537, 14.3902, 10.6655
20865.59, 8.134503, 0.704104, 10.9263, 11.4507
5053.54, 7.994911, 0.577025, 14.80701, 10.5699
4713.63, 7.861415, 0.496851, 14.9806, 13.5638
9133.55, 8.392991, 0.847965, 13.10367, 10.0423
4527.66, 8.188608, 0.69864, 15.60078, 11.8664
17362.98, 7.867082, 0.545032, 10.86214, 19.9213
6467.59, 7.877463, 0.51926, 13.56653, 11.8366
9712.01, 8.017043, 0.609672, 12.30404, 11.1987
6609.47, 7.824517, 0.491125, 13.41182, 13.7158
18935.08, 7.853462, 0.542074, 10.68901, 12.1342
5565.17, 8.260308, 0.751081, 14.72496, 11.5102
5735.7, 8.437417, 0.870515, 14.8724, 10.4387
7064.75, 8.161657, 0.692248, 13.62971, 12.3911
19001.59, 9.375361, 1.324981, 13.49018, 12.7373
5355.01, 7.956665, 0.557116, 14.47678, 10.3564
4699.65, 8.134211, 0.663274, 15.34102, 41.9252
18430.58, 9.025229, 1.211044, 12.77475, 10.7391
7163.73, 8.417058, 0.860498, 13.97686, 10.335
5385.71, 8.061483, 0.621003, 14.59213, 19.4431
4972.51, 7.990358, 0.573683, 14.88466, 16.1673
6261.94, 8.044213, 0.615889, 13.91534, 17.213
15689.28, 7.944593, 0.582824, 11.16609, 11.3088
6196.01, 8.242542, 0.742253, 14.24131, 14.9268
5726.57, 8.319105, 0.791264, 14.68702, 10.0403
4842.34, 7.595094, 0.384837, 14.46966, 10.2383
5572.77, 7.90026, 0.526645, 14.21483, 10.8117
21071.77, 7.806598, 0.52453, 10.41965, 10.9152
5551.61, 7.944659, 0.552009, 14.28727, 33.398
5944.58, 7.942903, 0.553717, 13.99048, 11.0152
4645.18, 7.755884, 0.452486, 14.89296, 10.5155
8474.37, 8.294874, 0.782119, 13.19676, 11.6554
4590.52, 7.990684, 0.572146, 15.2704, 11.5704
4899.01, 8.095397, 0.638861, 15.09698, 10.8955
4546.72, 7.834084, 0.480986, 15.11433, 10.2778
4675.01, 7.927405, 0.534527, 15.10272, 15.7663
7357.43, 7.985683, 0.584275, 13.23235, 13.1931
7110.39, 8.253809, 0.752265, 13.74643, 12.8301
5422.43, 7.979557, 0.571428, 14.44726, 20.2859
6315.28, 8.283495, 0.769753, 14.23083, 14.9983
5527.05, 8.011016, 0.591336, 14.40238, 10.9451
5186.51, 7.958674, 0.556414, 14.63513, 13.0604
10191.39, 8.235133, 0.74685, 12.47964, 21.5077
6073.01, 8.063537, 0.626927, 14.06513, 23.5435
22161.75, 8.096391, 0.683912, 10.76156, 10.8226
8391.35, 8.186569, 0.711386, 13.06124, 12.1101
6706.78, 8.838443, 1.117627, 14.96487, 10.129
4750.29, 8.042859, 0.604995, 15.17747, 11.0009
5235.19, 8.110334, 0.650459, 14.79711, 12.1005
4045.77, 7.682198, 0.417434, 15.39163, 18.558
5952.42, 8.073513, 0.632515, 14.16196, 13.4631
5668.08, 8.256888, 0.749458, 14.63949, 13.2854
8892.37, 7.951524, 0.568935, 12.50902, 18.4191
6964.46, 7.611333, 0.409726, 12.88686, 10.9888
5601.42, 8.115516, 0.656898, 14.48639, 11.6514
10526.96, 7.967085, 0.582688, 11.97712, 11.564
5767.49, 8.018001, 0.597308, 14.21884, 14.7879
6738.45, 7.985402, 0.582204, 13.55334, 18.8363
8212.38, 7.982464, 0.584945, 12.8342, 12.5757
5752.12, 8.221935, 0.726798, 14.52355, 11.3616
5581.3, 7.735474, 0.45218, 13.96662, 14.8376
7715.12, 8.322243, 0.798684, 13.5649, 10.342
8246.11, 8.865401, 1.132641, 14.31158, 10.4568
8467.75, 8.250662, 0.753112, 13.13004, 13.569
5629.38, 8.26407, 0.754005, 14.68211, 18.3104
7135.97, 8.431811, 0.870223, 14.01503, 11.9533
6070.68, 8.10603, 0.653485, 14.12773, 19.9391
5277.37, 8.03542, 0.603751, 14.65274, 12.5483
5068.01, 7.891638, 0.516404, 14.65992, 10.1543
13240.09, 8.421687, 0.873506, 12.1725, 12.8551
5683.91, 8.150784, 0.680032, 14.46969, 16.511
4590.47, 7.886621, 0.510575, 15.13551, 10.6463
5220.32, 7.253598, 0.266857, 13.64999, 22.4549
10969.65, 8.770272, 1.084045, 13.21167, 16.1167
10536.36, 8.688076, 1.036739, 13.16768, 26.0906
12421.56, 7.806452, 0.500603, 11.38019, 11.0148
6162.13, 8.001566, 0.589566, 13.92196, 12.6942
5508.37, 7.999444, 0.584179, 14.40086, 10.0215
6607.64, 8.329941, 0.801427, 14.12997, 10.4351
6895.18, 8.292007, 0.776958, 13.91508, 15.3679
5915.28, 8.06272, 0.625614, 14.17326, 22.8718
6700.17, 8.037636, 0.613505, 13.64739, 11.3452
5592.9, 8.065587, 0.625397, 14.4232, 15.2172
6822.68, 8.029873, 0.609166, 13.57614, 16.188
5249.73, 8.039363, 0.605922, 14.68391, 17.273
8278.24, 8.133759, 0.677473, 13.03045, 10.8559
5934.37, 8.048634, 0.617007, 14.1401, 13.4552
8061.2, 7.233458, 0.289717, 11.78772, 10.431
10946.0, 8.282076, 0.778878, 12.34664, 12.0437
20300.57, 7.9439, 0.593277, 10.68911, 11.1658
4755.77, 7.878667, 0.506775, 14.95985, 10.0357
5184.54, 7.263435, 0.269189, 13.69991, 10.5046
10696.72, 8.060899, 0.638696, 12.06422, 16.4794
6735.68, 8.190389, 0.709897, 13.84675, 24.4549
4624.14, 7.801269, 0.463535, 14.9974, 10.9387
5785.72, 8.20079, 0.713095, 14.46573, 23.9496
4879.4, 7.970305, 0.560994, 14.94852, 19.7877
7462.0, 8.436421, 0.873824, 13.86496, 16.058
7683.84, 8.261892, 0.758811, 13.48781, 10.434
6748.46, 7.968665, 0.572359, 13.51494, 36.5977
7902.03, 7.886448, 0.529139, 12.84018, 15.4601
13622.5, 7.799584, 0.500595, 11.23868, 13.8329
4872.37, 7.873615, 0.504605, 14.83421, 11.9506
7109.93, 7.368984, 0.324797, 12.45855, 14.3592
6134.08, 8.17599, 0.698504, 14.18589, 15.6855
5884.02, 7.999689, 0.586932, 14.10907, 11.0267
4697.35, 7.92983, 0.536043, 15.0825, 11.1741
5410.16, 8.105495, 0.648918, 14.63299, 11.9278
8376.45, 7.873401, 0.523457, 12.61797, 13.6837
6868.91, 7.536006, 0.382128, 12.82882, 16.4244
4885.98, 7.899543, 0.519438, 14.85335, 18.0516
9753.58, 7.449897, 0.366505, 11.40663, 11.1451
5200.39, 8.057266, 0.616627, 14.75527, 11.2555
4857.88, 7.921362, 0.531881, 14.90888, 15.3456
5325.35, 8.185965, 0.700117, 14.82138, 14.5935
6825.77, 8.344955, 0.811932, 14.03425, 10.1049
5214.56, 8.016247, 0.591371, 14.68621, 11.6045
6454.1, 8.080555, 0.639104, 13.84939, 11.2174
5021.37, 8.098336, 0.641354, 14.98266, 17.9891
6131.74, 8.339974, 0.806785, 14.43477, 10.9167
10534.4, 7.972325, 0.58574, 11.98322, 10.5968
4956.91, 7.842757, 0.488111, 14.70902, 10.4454
5339.24, 8.444485, 0.873395, 15.21477, 10.3168
4811.05, 7.895778, 0.516821, 14.92346, 18.2028
5809.33, 8.093662, 0.644382, 14.29413, 10.2072
8254.97, 8.084816, 0.646839, 12.96788, 10.4747
4925.91, 7.926574, 0.535364, 14.8475, 18.5216
4490.03, 7.826513, 0.476623, 15.16604, 11.4628
5055.65, 7.829282, 0.481702, 14.59361, 12.5374
5752.4, 8.257517, 0.750322, 14.57454, 15.9197
5696.62, 7.516242, 0.365245, 13.56756, 12.3787
6627.04, 8.343829, 0.810715, 14.14044, 12.1067
9972.98, 7.983219, 0.590459, 12.16247, 18.6513
6741.98, 8.008681, 0.596113, 13.57046, 35.8292
7409.87, 8.014695, 0.601719, 13.24535, 10.6767
5283.29, 7.967368, 0.56261, 14.55512, 14.2135
4758.67, 8.301462, 0.775024, 15.53652, 17.7296
5531.55, 7.986907, 0.576835, 14.36368, 15.0554
4745.12, 7.963244, 0.556098, 15.07738, 17.1339
6023.9, 7.759758, 0.462897, 13.67465, 16.3349
5955.15, 7.935166, 0.549298, 13.97304, 11.9084
6691.9, 8.355811, 0.818844, 14.13154, 10.6376
5167.45, 7.799859, 0.467226, 14.44745, 12.3566
6918.31, 8.080317, 0.640447, 13.59053, 10.217
6304.11, 8.239292, 0.740495, 14.17007, 19.475
4984.65, 7.840712, 0.487241, 14.67808, 17.8079
5200.79, 8.080128, 0.630998, 14.78409, 12.5977
5634.99, 8.240457, 0.738368, 14.63743, 10.6081
9338.11, 7.901556, 0.541955, 12.27108, 13.4106
13160.13, 8.087786, 0.660657, 11.67649, 13.9809
10548.93, 8.451005, 0.88841, 12.73647, 14.1692
5680.93, 8.119843, 0.660185, 14.42881, 10.0607
4069.04, 7.550924, 0.362636, 15.20708, 22.0836
6050.2, 8.266834, 0.75778, 14.37666, 15.8949
6103.31, 8.905128, 1.151096, 15.46298, 11.8685
5945.73, 8.072601, 0.631913, 14.16655, 10.1335
7464.48, 8.20842, 0.723397, 13.50372, 10.649
11630.81, 8.030205, 0.622647, 11.81101, 22.5864
5732.77, 8.21197, 0.720141, 14.52148, 11.0011
6176.55, 8.245747, 0.744295, 14.26051, 10.6095
13895.15, 8.01869, 0.620989, 11.49038, 18.6025
4243.7, 7.952831, 0.548295, 15.56517, 14.1754
4722.46, 7.664026, 0.412572, 14.68692, 10.65
5264.1, 8.393704, 0.838949, 15.19753, 11.3738
6286.49, 8.182204, 0.70313, 14.09526, 22.4185
5529.11, 7.988748, 0.577919, 14.36884, 12.011
6127.4, 8.121942, 0.663815, 14.10904, 29.0594
5848.8, 8.319809, 0.79229, 14.59939, 12.2938
5330.35, 7.985861, 0.574177, 14.53724, 13.6003
6094.87, 7.953698, 0.560872, 13.9021, 12.4792
10110.94, 7.975417, 0.586315, 12.11009, 22.0728
7691.1, 8.32478, 0.800316, 13.57956, 11.0584
6024.38, 8.081838, 0.63807, 14.1234, 12.7533
7093.97, 8.229926, 0.736566, 13.71705, 15.5537
7347.14, 7.920148, 0.546253, 13.14759, 18.5832
7664.95, 8.037206, 0.616039, 13.15564, 13.6657
7820.06, 8.254846, 0.754473, 13.41163, 12.5881
5223.43, 7.9999, 0.581495, 14.65465, 17.3035
5595.37, 8.096199, 0.644612, 14.4619, 24.7954
3645.18, 6.574534, 0.15974, 14.14382, 13.9175
5619.12, 7.748602, 0.457996, 13.95944, 13.5744
4749.13, 7.814133, 0.471062, 14.88599, 12.4005
4903.2, 8.159139, 0.6802, 15.18505, 12.4456
6775.74, 8.02606, 0.606708, 13.5901, 12.2368
6405.18, 7.978592, 0.576946, 13.74036, 11.2675
5776.96, 8.381302, 0.833151, 14.74935, 10.6617
8026.81, 7.121612, 0.263815, 11.62264, 14.8005
5607.35, 7.91493, 0.535282, 14.20775, 14.1768
5989.6, 7.926401, 0.544459, 13.93889, 11.9584
5858.86, 7.894896, 0.525714, 13.98896, 17.8303
6772.95, 8.402193, 0.849882, 14.15544, 10.2044
7840.81, 7.980091, 0.582432, 12.99677, 12.8235
6720.93, 8.264481, 0.758333, 13.96147, 18.868
8179.11, 8.474683, 0.900159, 13.61157, 15.6793
4993.23, 7.955026, 0.552613, 14.81602, 25.732
9150.77, 8.150253, 0.690108, 12.70557, 19.7192
6660.15, 8.02476, 0.605547, 13.65435, 10.253
14921.73, 8.785256, 1.095439, 12.65182, 23.8794
5257.33, 7.983557, 0.571983, 14.60253, 10.9745
5843.51, 8.109403, 0.654508, 14.29132, 15.3376
4520.56, 7.87699, 0.504839, 15.19681, 11.805
10383.0, 8.205155, 0.727997, 12.37937, 10.1019
10715.43, 7.893223, 0.541588, 11.82201, 11.5758
9154.54, 8.08692, 0.650548, 12.60991, 10.5897
5369.53, 7.979912, 0.571062, 14.49548, 17.6986
5583.0, 8.321242, 0.791904, 14.80665, 12.9509
6235.89, 8.305562, 0.784168, 14.31421, 11.3036
6558.41, 8.696567, 1.03782, 14.77951, 10.9623
4308.72, 7.824834, 0.475097, 15.34687, 12.8925
9543.62, 7.915245, 0.550229, 12.21861, 10.3986
5218.38, 7.679263, 0.424233, 14.20153, 21.7341
8731.63, 8.06633, 0.636768, 12.74365, 10.8013
13607.42, 7.728539, 0.466023, 11.13661, 11.1893
6156.29, 7.95357, 0.561115, 13.86136, 10.0444
4763.52, 7.803343, 0.465354, 14.8588, 12.515
5607.47, 7.827345, 0.486751, 14.08864, 29.0761
5538.49, 8.055538, 0.618745, 14.4524, 11.9963
5384.3, 8.144387, 0.673554, 14.71054, 13.6329
6235.35, 8.169125, 0.694475, 14.1098, 12.1002
9341.19, 8.063743, 0.636822, 12.50527, 11.3954
4624.13, 7.762558, 0.455231, 14.92288, 10.7392
4843.82, 8.483592, 0.898468, 15.74078, 18.3342
5362.67, 8.421563, 0.858093, 15.15456, 11.5201
5434.87, 8.517102, 0.922123, 15.25126, 14.6874
4748.11, 7.802101, 0.475004, 14.84943, 29.9271
4644.7, 8.355372, 0.811428, 15.72832, 10.9617
6356.91, 8.352586, 0.815871, 14.31284, 11.6559
4857.28, 7.840906, 0.486307, 14.80574, 13.1267
13871.68, 8.229794, 0.750714, 11.81986, 16.9224
5873.43, 8.185097, 0.70329, 14.37675, 12.6776
4970.99, 7.852664, 0.493693, 14.69552, 38.0193
7100.92, 7.869453, 0.517142, 13.20133, 16.8762
7358.88, 8.182505, 0.706379, 13.51542, 10.3347
6190.14, 8.276852, 0.764929, 14.30005, 12.5136
11055.98, 8.112326, 0.671078, 12.05534, 11.2278
6688.1, 7.981853, 0.579933, 13.57734, 15.8774
6554.04, 7.928329, 0.548261, 13.58267, 13.0721
10710.0, 8.36499, 0.832513, 12.54491, 11.7134
5994.55, 7.448385, 0.344296, 13.25303, 10.8083
4423.86, 7.613221, 0.389811, 14.92919, 11.9996
5012.79, 7.911878, 0.527508, 14.74116, 11.3466
5848.62, 7.931909, 0.546752, 14.04708, 20.7281
11022.76, 8.604234, 0.98666, 12.88142, 11.5828
6256.03, 8.287235, 0.772046, 14.27281, 12.683
5328.74, 8.097167, 0.642853, 14.69254, 12.3616
8733.71, 8.261919, 0.761042, 13.03932, 11.2244
5601.84, 7.937963, 0.548516, 14.24185, 12.0802
12582.72, 8.099542, 0.666626, 11.75694, 13.33
5136.7, 8.180756, 0.695512, 14.99112, 15.9091
10250.42, 7.96462, 0.580467, 12.05424, 11.801
6324.67, 8.265704, 0.757994, 14.19822, 14.2985
5391.44, 7.643937, 0.411517, 13.99875, 12.103
6328.56, 8.200105, 0.714914, 14.09829, 10.8333
4844.74, 7.880862, 0.508519, 14.87116, 20.0021
14396.91, 7.162795, 0.308025, 10.06774, 10.2637
6673.19, 8.237933, 0.740734, 13.95283, 11.5685
8565.91, 8.645569, 1.009179, 13.76229, 10.0405
6379.58, 7.997256, 0.587942, 13.78039, 11.0088
4975.55, 7.959973, 0.555426, 14.8406, 11.1691
10510.39, 8.278888, 0.775907, 12.45903, 19.9517
5520.55, 8.190391, 0.704615, 14.66151, 15.7684
6978.17, 8.150274, 0.684733, 13.65698, 10.4596
5378.06, 8.132193, 0.665651, 14.69903, 10.7336
8487.05, 8.20836, 0.725658, 13.05456, 14.6539
4837.65, 8.165494, 0.684156, 15.25654, 10.9734
5500.7, 7.892957, 0.521889, 14.26586, 11.354
7397.55, 8.226467, 0.735, 13.55816, 24.9406
5342.41, 8.160252, 0.683463, 14.77075, 10.4532
11221.41, 8.306463, 0.795284, 12.32173, 15.0695
11667.44, 8.258653, 0.765157, 12.14917, 11.0023
4746.08, 7.826285, 0.477628, 14.90293, 12.3205
4922.79, 7.930771, 0.537797, 14.85502, 17.1659
3986.16, 7.595348, 0.380646, 15.34053, 13.3945
8491.35, 8.00267, 0.597703, 12.74905, 10.4549
9892.03, 9.295187, 1.299686, 14.65007, 10.6176
4732.48, 7.855654, 0.493728, 14.95487, 20.8904
9054.31, 7.981257, 0.58668, 12.49485, 10.8575
5783.26, 8.090394, 0.642177, 14.30918, 15.2528
5451.25, 8.312196, 0.784949, 14.90118, 10.2966
7228.97, 8.367763, 0.827918, 13.86242, 12.7175
6104.99, 7.955106, 0.561748, 13.89262, 24.6112
4757.59, 7.866356, 0.499841, 14.93967, 11.7556
6422.9, 8.019162, 0.601292, 13.77848, 32.1648
6558.09, 8.328872, 0.800592, 14.15757, 11.6312
5436.21, 7.942324, 0.549604, 14.3861, 14.6456
4882.26, 7.999237, 0.578554, 14.986, 12.512
5493.73, 8.052084, 0.616236, 14.48497, 12.3126
6765.2, 7.778309, 0.467651, 13.26945, 11.0699
6320.28, 8.282926, 0.769391, 14.22564, 10.837
5086.09, 7.88091, 0.510505, 14.62872, 15.2164
7806.38, 8.036586, 0.616065, 13.09362, 10.1402
9877.01, 8.292259, 0.783303, 12.67333, 11.0037
7003.23, 8.119756, 0.665404, 13.5996, 15.4108
5110.56, 8.007953, 0.585411, 14.75918, 43.0411
6143.03, 7.936195, 0.550959, 13.84443, 13.7112
5365.47, 7.805158, 0.47259, 14.27047, 10.5567
4873.19, 7.962927, 0.556532, 14.94471, 33.6964
4984.28, 8.125219, 0.658447, 15.05603, 15.3443
4693.77, 8.218686, 0.719082, 15.47645, 13.2599
8831.83, 8.27125, 0.767353, 13.01525, 16.7109
5458.96, 8.183016, 0.699286, 14.70118, 11.4585
5603.28, 7.99471, 0.582078, 14.31709, 13.8431
20436.44, 9.099949, 1.240624, 12.74478, 13.9528
5454.39, 7.417627, 0.323321, 13.69258, 12.0174
4917.04, 8.09321, 0.63754, 15.07821, 12.2168
9280.28, 8.591209, 0.976465, 13.39598, 10.352
10318.3, 7.994633, 0.598137, 12.07167, 12.9835
6899.64, 8.325797, 0.799372, 13.96455, 11.3175
5087.64, 7.803543, 0.478435, 14.50783, 10.1439
4558.31, 7.699506, 0.426827, 14.90545, 10.5539
5778.0, 8.057036, 0.621327, 14.26483, 15.8114
10205.09, 8.460772, 0.894192, 12.85711, 11.0868
6717.62, 8.172541, 0.69831, 13.83027, 12.5977
6350.92, 7.995632, 0.586852, 13.79309, 15.4271
5249.32, 8.148686, 0.675266, 14.83738, 13.2081
5127.43, 8.057428, 0.616161, 14.82395, 12.2913
4623.14, 8.104844, 0.644019, 15.38702, 11.843
8394.44, 8.336391, 0.809334, 13.29816, 11.4501
4973.31, 8.479154, 0.895698, 15.6079, 11.1412
4395.41, 7.683436, 0.419134, 15.05086, 16.4265
4411.44, 7.820224, 0.472913, 15.23834, 11.2503
8041.65, 7.560135, 0.396021, 12.28965, 15.6841
4266.89, 7.960292, 0.552828, 15.54999, 14.225
9729.85, 8.051496, 0.630413, 12.35061, 10.6487
14543.88, 9.016178, 1.205695, 13.13117, 13.6406
5376.87, 7.990955, 0.577756, 14.50319, 19.7918
10067.38, 8.395029, 0.850984, 12.78117, 17.3058
5044.88, 8.004931, 0.583065, 14.82945, 12.037
18657.28, 8.070397, 0.661506, 11.03149, 12.7077
15268.99, 7.988734, 0.606781, 11.28706, 11.9492
6456.38, 8.094133, 0.647594, 13.86477, 20.5101
14376.95, 8.601578, 0.988892, 12.34755, 43.6188
10210.96, 8.044736, 0.627642, 12.18118, 16.6615
7411.34, 8.352375, 0.818058, 13.74472, 23.1972
10256.86, 8.230945, 0.744292, 12.45567, 12.353
9067.3, 8.364367, 0.829007, 13.07609, 21.9894
6864.01, 7.929279, 0.549895, 13.4108, 10.3266
15870.13, 8.942416, 1.174176, 12.85748, 10.5455
5008.16, 7.954034, 0.552138, 14.80095, 10.7926
5055.28, 8.425179, 0.859536, 15.44008, 11.5837
18568.03, 7.802889, 0.515731, 10.65383, 14.437
7268.7, 7.935073, 0.55452, 13.20428, 14.8406
5899.74, 8.250585, 0.746421, 14.45636, 10.9301
10317.15, 8.021755, 0.61417, 12.11289, 21.0698
4627.55, 7.907644, 0.522811, 15.12507, 25.8252
6306.62, 8.173167, 0.697356, 14.07203, 10.9544
9166.71, 8.555768, 0.954021, 13.37038, 11.2322
18794.0, 7.945441, 0.590521, 10.8403, 10.3089
4477.65, 7.569355, 0.371903, 14.81879, 10.5012
6466.91, 7.981761, 0.579073, 13.70574, 15.2923
6448.77, 8.100877, 0.651796, 13.88159, 14.5885
16567.83, 7.902927, 0.562073, 11.00152, 20.6236
5840.53, 8.255747, 0.749578, 14.50823, 14.0453
4811.48, 9.019631, 1.202729, 16.7705, 19.7129
6348.14, 8.012317, 0.596855, 13.81687, 22.2498
4981.84, 8.484218, 0.899103, 15.6097, 15.1057
5652.81, 7.983228, 0.575571, 14.26072, 10.8489
3928.02, 7.409225, 0.30521, 15.1846, 16.3536
7611.6, 8.407606, 0.855023, 13.74481, 18.9026
9935.32, 8.647433, 1.011781, 13.25716, 41.5723
7253.03, 7.858039, 0.511425, 13.12106, 25.8851
6801.48, 8.222564, 0.731019, 13.85864, 11.9715
6038.55, 8.283813, 0.769017, 14.41001, 14.3352
17224.93, 8.079874, 0.664287, 11.19346, 15.5889
11781.27, 7.912382, 0.55519, 11.61428, 14.7234
7194.58, 7.810533, 0.485873, 13.07752, 10.7519
5394.76, 8.283404, 0.765281, 14.90725, 14.5961
6036.73, 8.006646, 0.591978, 14.01427, 11.6675
18512.94, 7.836691, 0.532419, 10.70088, 19.6711
8108.41, 8.371408, 0.831958, 13.47073, 10.0994
6858.11, 8.245678, 0.746311, 13.86355, 11.0188
4498.81, 7.83742, 0.482638, 15.16862, 13.5536
5513.1, 7.912346, 0.53301, 14.28009, 10.1675
7310.35, 8.163648, 0.694136, 13.51034, 11.1609
10355.63, 8.089734, 0.655409, 12.20716, 11.6321
5707.61, 8.16086, 0.68668, 14.46698, 28.722
5314.81, 8.13034, 0.663908, 14.74975, 10.0568
4177.13, 7.700808, 0.425698, 15.28984, 31.8382
8411.78, 8.016514, 0.605725, 12.79757, 22.965
5761.55, 7.785614, 0.466003, 13.92025, 11.0009
9250.91, 8.300934, 0.787674, 12.90665, 10.7729
7593.42, 8.39605, 0.84734, 13.73807, 10.3491
4988.94, 7.768446, 0.460481, 14.5566, 12.0128
7218.05, 8.145433, 0.682262, 13.52689, 10.3167
4564.4, 8.055457, 0.612331, 15.37949, 18.4839
9007.13, 8.226107, 0.738346, 12.88164, 12.0413
8832.11, 7.913906, 0.547337, 12.48652, 13.1825
8005.17, 8.294364, 0.78085, 13.39137, 10.2511
11284.49, 8.091194, 0.658627, 11.97033, 20.061
4966.95, 8.024519, 0.594581, 14.9346, 14.5062
5804.29, 8.216254, 0.723332, 14.46249, 46.2212
5538.42, 8.167605, 0.689915, 14.61262, 13.1485
6362.22, 7.960499, 0.566115, 13.73997, 10.7961
7260.69, 7.992822, 0.588217, 13.28979, 11.3167
4583.48, 7.765669, 0.456236, 14.97112, 10.7797
4652.81, 7.944964, 0.544809, 15.14706, 10.8187
9259.69, 8.101216, 0.659663, 12.58752, 12.7577
5275.94, 8.103494, 0.646414, 14.74987, 10.4072
6666.12, 8.239143, 0.741509, 13.9578, 14.1475
4298.86, 7.592136, 0.380544, 15.03164, 12.5863
5088.74, 8.108659, 0.648375, 14.93301, 13.2548
5115.18, 8.125247, 0.659213, 14.9291, 12.3033
16462.82, 8.543447, 0.955418, 12.03167, 11.2816
12541.03, 7.825144, 0.510509, 11.3904, 11.4387
6510.73, 8.005641, 0.593486, 13.713, 12.5185
5748.47, 8.174923, 0.696029, 14.45546, 16.9035
4897.37, 7.939421, 0.54271, 14.88997, 17.6215
5282.37, 8.18656, 0.700213, 14.86324, 10.6256
4785.11, 8.281881, 0.761818, 15.47985, 11.8716
12382.05, 7.903641, 0.551915, 11.51581, 11.9207
9488.07, 7.941872, 0.565141, 12.27587, 16.1208
6124.16, 8.283783, 0.769301, 14.35269, 10.4204
5303.71, 8.093777, 0.640481, 14.71084, 12.4202
5018.15, 8.023454, 0.594253, 14.88029, 20.0078
9204.92, 8.296685, 0.784794, 12.91674, 11.4894
5360.57, 7.939071, 0.546882, 14.44856, 11.7759
5557.76, 8.084544, 0.636998, 14.47223, 11.9861
8839.91, 8.339912, 0.812484, 13.12523, 11.7365
15692.73, 8.254692, 0.769791, 11.63529, 10.5404
6144.01, 8.002138, 0.589822, 13.93232, 21.4995
4643.01, 7.812826, 0.469824, 14.99194, 13.9687
6077.95, 8.136806, 0.673059, 14.16561, 11.3685
10541.6, 8.091751, 0.657123, 12.16009, 12.4738
6523.23, 8.092883, 0.647052, 13.82673, 12.4946
8633.65, 8.511709, 0.92499, 13.49404, 12.8597
5727.74, 8.163405, 0.688444, 14.45665, 22.0433
8304.1, 7.638017, 0.424301, 12.28476, 11.5407
5411.34, 7.960119, 0.559781, 14.43067, 22.6791
9190.66, 8.158405, 0.695369, 12.70439, 14.936
8315.33, 8.34951, 0.817854, 13.34509, 15.4042
4844.7, 7.826062, 0.478111, 14.80131, 11.7974
5780.01, 8.028361, 0.603699, 14.22273, 20.2576
5671.09, 8.09903, 0.646918, 14.40804, 11.6112
6194.74, 8.265296, 0.757284, 14.27938, 10.7283
5331.31, 8.199927, 0.709336, 14.83872, 10.3519
9241.78, 7.911403, 0.547163, 12.32682, 17.8297
7681.05, 8.2869, 0.775266, 13.52023, 18.7579
7342.22, 8.411236, 0.856955, 13.88037, 12.5238
4562.82, 7.712599, 0.43249, 14.91671, 10.2995
8892.44, 8.194846, 0.717909, 12.87373, 12.9541
12041.31, 7.961259, 0.583384, 11.64842, 10.9564
6083.99, 8.254022, 0.749418, 14.33349, 12.5988
6025.16, 8.129499, 0.668156, 14.19134, 12.7905
6649.42, 8.200623, 0.716289, 13.90801, 22.0773
5173.99, 8.091952, 0.638289, 14.82847, 10.4042
5203.65, 8.044796, 0.608883, 14.73503, 10.8744
4462.69, 7.834688, 0.481003, 15.20303, 13.582
4705.99, 7.775009, 0.461583, 14.85616, 11.8524
6126.06, 8.392963, 0.842168, 14.52245, 15.4218
7891.14, 8.513612, 0.925182, 13.79999, 11.1359
4693.6, 7.795699, 0.471456, 14.89772, 11.1418
6228.36, 8.038442, 0.612212, 13.92981, 12.8244
11332.4, 8.287236, 0.783002, 12.26675, 10.5371
5153.31, 7.914212, 0.530111, 14.60683, 15.8949
5780.83, 8.14464, 0.676648, 14.38758, 15.0481
8024.34, 8.003154, 0.596623, 12.94435, 12.3824
22014.41, 7.93147, 0.590752, 10.51945, 17.14
5790.13, 7.172997, 0.258667, 13.02219, 11.6234
5801.99, 8.117204, 0.659233, 14.33197, 11.3665
7175.53, 7.960822, 0.569122, 13.27628, 33.2407
5074.88, 7.985159, 0.571283, 14.77606, 10.0585
9099.95, 8.236851, 0.745523, 12.86198, 18.4485
8090.4, 8.075409, 0.640585, 13.02035, 15.5236
12027.72, 7.749584, 0.471295, 11.36938, 10.5611
7470.26, 8.128492, 0.672131, 13.38033, 10.5957
4897.96, 8.457436, 0.880985, 15.64338, 13.6998
6153.05, 8.10299, 0.651947, 14.06919, 11.5141
4292.33, 7.789013, 0.466242, 15.2944, 12.4093
6721.61, 7.909671, 0.538248, 13.46538, 16.4702
4669.13, 7.77549, 0.461716, 14.894, 13.5645
6297.56, 7.940482, 0.554179, 13.75309, 10.0554
4981.89, 8.060149, 0.616899, 14.9683, 11.0594
6614.34, 7.996065, 0.588129, 13.64083, 11.7902
6029.68, 7.935371, 0.549864, 13.91895, 11.8288
5069.84, 7.972836, 0.563831, 14.76564, 11.287
8011.74, 8.017381, 0.605083, 12.97508, 11.5327
4646.39, 7.554841, 0.366833, 14.62223, 53.3325
8351.99, 8.480162, 0.904008, 13.54864, 23.6654
5921.5, 8.100018, 0.648973, 14.22232, 12.9953
5288.07, 7.990553, 0.576521, 14.58197, 12.4062
9822.21, 7.840922, 0.510542, 12.02759, 12.13
6545.53, 8.265694, 0.758649, 14.06729, 10.6129
5543.93, 8.039667, 0.608982, 14.42628, 10.4198
5251.69, 7.984237, 0.572331, 14.60771, 15.3896
10034.88, 8.050151, 0.630427, 12.24256, 12.0018
4692.82, 8.039555, 0.602724, 15.23012, 15.2034
24494.01, 8.834657, 1.127576, 11.86079, 10.709
4750.81, 8.174162, 0.689626, 15.35769, 11.0951
7071.46, 8.296377, 0.780256, 13.83187, 11.414
5677.59, 8.374209, 0.827947, 14.81581, 11.3637
13405.54, 8.41376, 0.868614, 12.152, 22.0517
4977.54, 8.120404, 0.655301, 15.05662, 11.7843
9704.84, 8.029732, 0.617233, 12.32529, 10.5424
6662.08, 8.36915, 0.827654, 14.16181, 10.7215
5526.91, 7.975007, 0.569693, 14.35331, 13.74
4664.25, 8.023415, 0.59256, 15.23625, 10.4021
6159.75, 8.139772, 0.675313, 14.11404, 11.0341
13604.35, 7.196562, 0.313436, 10.2341, 10.3599
6497.91, 8.27428, 0.76419, 14.10735, 13.0657
9833.24, 8.311224, 0.795614, 12.71869, 15.0213
4796.89, 7.116665, 0.222179, 13.9281, 14.2979
8087.55, 8.337938, 0.809789, 13.42072, 18.5012
9089.96, 8.51744, 0.929336, 13.33325, 11.8179
10983.66, 8.003347, 0.605105, 11.91187, 12.1092
4713.62, 7.887585, 0.511641, 15.01253, 19.6725
5183.97, 8.013036, 0.589131, 14.70554, 16.0536
5074.72, 8.005276, 0.583498, 14.8033, 11.7834
6080.3, 7.581838, 0.394369, 13.36216, 54.1982
7525.42, 8.195793, 0.715347, 13.44978, 22.3416
7445.69, 7.896216, 0.533097, 13.06979, 18.0847
6884.8, 7.928255, 0.549377, 13.39705, 11.0843
10862.79, 7.927189, 0.560917, 11.82919, 14.4566
12912.84, 8.065918, 0.646892, 11.68323, 10.6023
5686.66, 7.965451, 0.565265, 14.21678, 20.9468
4815.24, 7.98797, 0.571353, 15.03508, 16.824
6957.86, 8.522804, 0.929805, 14.25513, 11.0823
5793.16, 8.134016, 0.669906, 14.36342, 10.1495
6264.36, 8.230625, 0.734656, 14.16912, 37.343
6345.41, 7.92587, 0.545985, 13.71055, 14.111
5493.83, 8.251203, 0.7445, 14.77424, 10.9613
4913.52, 8.110282, 0.64848, 15.10442, 11.0849
4598.81, 7.87634, 0.504758, 15.11655, 13.3367
9579.9, 8.036705, 0.621078, 12.37551, 13.8572
7021.68, 7.894819, 0.530921, 13.28061, 10.3426
9132.38, 8.228605, 0.74025, 12.83739, 10.4054
10672.5, 8.238209, 0.749893, 12.34993, 10.9926
6062.65, 8.649379, 1.008467, 15.00181, 12.3847
5743.34, 8.103646, 0.650295, 14.34642, 38.7876
9774.69, 8.041185, 0.624306, 12.31341, 15.4683
5080.07, 8.158878, 0.680849, 15.01227, 16.1585
5170.3, 8.030278, 0.599611, 14.74353, 14.8091
7258.2, 8.438948, 0.875153, 13.96558, 14.1231
14540.32, 7.787919, 0.497356, 11.09858, 13.7359
8427.94, 8.353141, 0.820453, 13.29135, 120.0143
5906.24, 8.789642, 1.090351, 15.37244, 11.819
11772.82, 8.016772, 0.615025, 11.76532, 10.0731
4542.29, 7.822569, 0.474677, 15.10527, 27.9029
5907.5, 8.192533, 0.708291, 14.36499, 19.2269
5364.49, 7.974693, 0.567895, 14.49238, 10.6473
6537.0, 7.574478, 0.394218, 13.07744, 10.5171
5146.69, 7.253406, 0.266047, 13.72263, 14.6935
7007.11, 8.334622, 0.805468, 13.92196, 17.4648
7171.32, 7.940486, 0.557323, 13.26535, 11.8617
7707.67, 8.243862, 0.747038, 13.44157, 22.8348
7552.64, 8.276875, 0.768397, 13.56703, 11.6698
4704.21, 7.690502, 0.423739, 14.74231, 11.195
9144.37, 8.129068, 0.676747, 12.67562, 13.5344
5687.57, 7.373572, 0.31304, 13.39126, 20.7519
8414.75, 7.955394, 0.569761, 12.70762, 15.2413
10541.32, 8.090072, 0.656091, 12.15546, 10.3952
6368.82, 8.237895, 0.739791, 14.12891, 12.0025
7383.64, 8.447391, 0.88094, 13.92007, 10.2288
26100.15, 9.314913, 1.308414, 12.75806, 10.2781
7271.69, 7.952933, 0.564831, 13.22678, 21.0552
5003.39, 8.130952, 0.662257, 15.04644, 15.1593
8489.94, 8.2529, 0.754622, 13.12248, 11.2875
10840.5, 8.125195, 0.678541, 12.12951, 11.6469
6646.27, 8.28896, 0.774316, 14.04553, 14.6045
6827.6, 8.343368, 0.810881, 14.02809, 11.047
8500.83, 8.615246, 0.990484, 13.73125, 11.1902
9397.69, 8.417414, 0.864458, 13.04335, 19.7545
15593.2, 8.315774, 0.808714, 11.73947, 11.4913
4014.93, 8.150102, 0.672326, 16.02593, 30.4536
6636.0, 8.89856, 1.148314, 15.11976, 12.9178
34517.23, 7.878339, 0.598889, 9.45755, 16.8988
6545.24, 8.270227, 0.761644, 14.07449, 10.0246
4809.78, 7.801934, 0.46489, 14.80823, 11.544
5428.0, 8.140881, 0.671701, 14.66684, 13.2089
5633.65, 8.078733, 0.633896, 14.40873, 11.7395
5361.22, 8.13565, 0.66772, 14.71792, 17.6852
5017.35, 8.002639, 0.581468, 14.85564, 11.1423
5086.53, 7.868781, 0.503712, 14.61134, 12.7053
13969.37, 8.089217, 0.663231, 11.59256, 18.5961
6453.69, 8.39682, 0.845608, 14.32479, 10.7458
6245.52, 7.322026, 0.303299, 12.91015, 12.3281
5499.12, 7.933485, 0.545059, 14.3193, 14.6107
4734.58, 7.909049, 0.52408, 15.01732, 12.3887
5314.43, 8.001497, 0.583414, 14.5735, 20.8567
4521.28, 8.242541, 0.734705, 15.68018, 14.766
6250.92, 8.401403, 0.84815, 14.45604, 10.2495
6741.78, 8.347312, 0.813306, 14.08052, 25.2582
7590.15, 8.456527, 0.887304, 13.83724, 13.6352
5865.84, 8.448941, 0.878692, 14.794, 13.5607
6302.59, 8.195022, 0.711512, 14.10683, 15.0774
7519.67, 8.374284, 0.832784, 13.73701, 10.5817
5654.29, 7.973006, 0.569498, 14.24662, 10.9032
28801.2, 7.86107, 0.571372, 9.84112, 10.6896
6721.39, 8.110982, 0.659069, 13.73346, 26.105
7080.23, 8.369317, 0.82866, 13.93875, 16.0272
5339.72, 7.294378, 0.280391, 13.59222, 10.3106
8184.11, 8.417865, 0.862779, 13.5167, 10.8109
11607.84, 8.122089, 0.678425, 11.9569, 17.9167
4492.06, 7.854319, 0.491981, 15.19858, 13.983
6044.42, 8.323036, 0.795188, 14.46757, 12.8757
6012.31, 7.980975, 0.576484, 13.9916, 23.255
6676.89, 7.991594, 0.585678, 13.59444, 20.3857
5588.65, 8.029266, 0.602935, 14.37185, 34.1906
7472.8, 8.190639, 0.711894, 13.47424, 12.9337
16717.01, 7.942826, 0.584218, 11.04673, 11.3875
5170.42, 8.675804, 1.022597, 15.76307, 13.8053
10030.91, 8.556052, 0.955281, 13.07455, 14.7627
4307.76, 8.039655, 0.601748, 15.61426, 10.5529
4798.59, 7.922406, 0.532163, 14.96986, 14.8801
10654.08, 7.9457, 0.570787, 11.90847, 11.8405
4994.77, 7.902672, 0.522063, 14.74607, 19.2792
5134.55, 8.595812, 0.972556, 15.65444, 10.1553
17018.01, 8.47489, 0.912791, 11.85158, 10.1506
6453.87, 8.293596, 0.776867, 14.16338, 14.5149
7494.13, 8.360897, 0.823863, 13.72373, 21.7412
6764.22, 7.986433, 0.5829, 13.53641, 28.2877
8089.31, 8.562828, 0.957122, 13.80364, 14.5997
6130.85, 8.035596, 0.610024, 13.98863, 19.3956
4583.32, 7.744707, 0.446641, 14.94291, 10.7309
16053.46, 8.017907, 0.625362, 11.22914, 14.5132
13426.58, 8.011929, 0.615963, 11.54263, 11.7063
7808.51, 8.138812, 0.679497, 13.24163, 10.6069
6176.56, 8.186315, 0.705372, 14.17479, 10.2329
8600.48, 8.600312, 0.981334, 13.66509, 10.0323
6362.16, 7.202615, 0.271068, 12.66375, 15.1214
5241.22, 7.974652, 0.566481, 14.60339, 18.1046
7783.9, 8.054921, 0.627164, 13.12888, 11.2294
5763.97, 8.048431, 0.615921, 14.26426, 16.549
4766.38, 7.973335, 0.562263, 15.07, 10.2732
14105.8, 7.960548, 0.587994, 11.38043, 15.1274
7235.34, 8.395941, 0.846626, 13.90794, 13.1297
7496.84, 8.576701, 0.965158, 14.08721, 12.5508
5290.65, 7.969802, 0.56414, 14.54803, 15.8446
7971.67, 8.284345, 0.774179, 13.38949, 15.0992
6940.27, 8.487822, 0.906873, 14.20603, 10.7618
10916.31, 8.207165, 0.730473, 12.23356, 14.9124
4820.52, 8.054794, 0.612759, 15.12035, 12.0029
4749.89, 7.349368, 0.288635, 14.27082, 10.5938
7337.15, 8.408144, 0.854898, 13.86374, 60.3578
7105.92, 8.406788, 0.853584, 13.98676, 10.836
5714.87, 7.939841, 0.550465, 14.15368, 13.7237
7045.92, 9.155071, 1.256019, 15.4369, 14.2148
22772.01, 7.755529, 0.505294, 10.20111, 12.7195
5971.57, 8.077368, 0.635015, 14.1542, 14.8256
4635.65, 7.884711, 0.509662, 15.08999, 12.4874
4759.75, 7.906452, 0.522697, 14.98903, 17.5403
11909.24, 9.312608, 1.305115, 14.15801, 12.3666
6099.52, 7.996173, 0.586021, 13.95765, 13.1779
4750.38, 7.724939, 0.439174, 14.74132, 14.6559
4420.4, 8.034011, 0.598481, 15.49663, 10.2203
5497.08, 7.926623, 0.54107, 14.31283, 12.6556
16213.21, 7.910174, 0.565149, 11.06215, 13.4368
10292.96, 8.466164, 0.897848, 12.83794, 15.494
5662.25, 8.087112, 0.639349, 14.39722, 10.1563
4295.3, 7.820781, 0.472846, 15.35486, 16.7326
5152.06, 8.428079, 0.861747, 15.35674, 12.8994
19722.72, 7.909858, 0.573546, 10.69442, 11.8532
4851.0, 7.379347, 0.299669, 14.19899, 13.0111
4042.43, 7.742014, 0.443715, 15.47373, 18.6773
9962.02, 8.271109, 0.769688, 12.61398, 11.5001
6555.59, 7.994104, 0.586748, 13.66901, 21.069
8646.26, 8.028586, 0.613631, 12.71924, 13.5019
6141.27, 7.899076, 0.529779, 13.7987, 11.0114
9453.87, 8.259301, 0.760905, 12.76788, 13.3343
6994.97, 8.322098, 0.79713, 13.90908, 12.0275
6265.94, 8.452298, 0.882062, 14.53013, 10.1397
6733.3, 8.274364, 0.764889, 13.97452, 13.0948
5480.95, 7.856175, 0.50124, 14.23456, 12.2925
7103.86, 8.346828, 0.813775, 13.89438, 11.3691
9669.56, 7.917945, 0.552131, 12.17795, 10.928
6770.44, 8.374963, 0.831766, 14.11027, 22.884
5157.94, 7.944069, 0.547521, 14.64194, 12.5496
6711.23, 8.289808, 0.775048, 14.01143, 13.4874
5391.17, 8.051398, 0.614797, 14.57298, 14.3128
4645.71, 7.757788, 0.453369, 14.89232, 32.4823
4667.66, 7.323034, 0.279944, 14.32529, 11.8089
9958.32, 8.108614, 0.666039, 12.35436, 19.2724
4688.39, 7.867528, 0.500162, 15.01423, 15.492
10284.4, 8.285927, 0.780017, 12.53272, 12.1255
5419.18, 8.256088, 0.747188, 14.84413, 14.3176
5367.41, 8.153804, 0.67949, 14.73672, 31.7457
6780.27, 8.292725, 0.777155, 13.97729, 10.8216
5319.3, 7.995906, 0.580091, 14.56086, 11.0535
5527.49, 7.941592, 0.550018, 14.3072, 21.4981
8274.08, 8.510286, 0.923558, 13.6343, 11.3028
6143.21, 8.11333, 0.658429, 14.08993, 10.6731
7346.51, 8.008194, 0.597637, 13.27035, 12.4964
5660.48, 8.002575, 0.587237, 14.27928, 15.2864
9410.41, 7.987754, 0.591502, 12.36824, 14.068
4795.3, 8.051042, 0.6103, 15.13996, 12.6932
7386.45, 8.02678, 0.608934, 13.26908, 15.3883
8604.67, 7.406232, 0.346084, 11.78109, 43.5258
7420.04, 7.886027, 0.527345, 13.06599, 10.5747
7530.31, 8.243244, 0.746257, 13.52646, 10.1204
8189.87, 8.461114, 0.891268, 13.58277, 16.3123
7405.19, 8.270646, 0.763989, 13.62538, 16.1226
5112.96, 8.084257, 0.63297, 14.8748, 15.7265
5903.12, 8.084697, 0.639251, 14.21438, 10.4619
22287.74, 7.994095, 0.625551, 10.58762, 22.2472
10883.7, 8.354213, 0.825792, 12.48258, 11.9034
19232.55, 8.739363, 1.073849, 12.11791, 11.5059
10456.0, 8.518372, 0.931872, 12.87793, 15.6667
6506.32, 8.184915, 0.705647, 13.96713, 14.4168
6172.69, 7.973136, 0.572686, 13.87288, 25.9513
6066.61, 7.532404, 0.375955, 13.31621, 13.07
4758.6, 7.721846, 0.437951, 14.72747, 15.9391
5982.68, 7.870967, 0.513183, 13.86918, 12.7432
5068.85, 8.096886, 0.640716, 14.93099, 12.1287
4754.07, 8.288524, 0.766248, 15.52024, 12.314
5395.97, 8.256376, 0.747219, 14.86628, 10.4319
4675.76, 7.26381, 0.263011, 14.23884, 12.1899
4640.98, 8.207165, 0.711261, 15.51434, 12.0314
5644.56, 7.898343, 0.52615, 14.15539, 11.1575
6149.49, 7.82835, 0.491028, 13.70323, 10.8295
5773.9, 8.260553, 0.752445, 14.56465, 12.081
7616.7, 8.416558, 0.860955, 13.75806, 28.5407
4375.92, 7.828228, 0.477162, 15.28243, 21.2876
15148.68, 8.435874, 0.885359, 11.99011, 11.3937
6710.77, 8.025337, 0.606063, 13.62649, 10.9855
4897.54, 7.670214, 0.41668, 14.51307, 10.9216
4104.42, 8.021967, 0.590262, 15.78298, 12.1702
4839.42, 7.894261, 0.516116, 14.89441, 18.791
4648.58, 7.888351, 0.511793, 15.08119, 13.7249
13831.81, 8.449094, 0.892048, 12.16081, 10.851
5739.29, 8.119035, 0.660034, 14.38212, 13.9301
4395.35, 7.757778, 0.451965, 15.15099, 12.5482
24000.5, 8.571521, 0.980543, 11.40158, 17.9393
4628.28, 7.92305, 0.531789, 15.14505, 18.367
5623.05, 8.228823, 0.730602, 14.63109, 27.9075
22882.16, 8.385847, 0.863832, 11.16609, 12.6382
7397.46, 8.555074, 0.951264, 14.09658, 11.6949
7816.37, 8.273677, 0.766834, 13.44091, 15.4526
7584.22, 8.042712, 0.619157, 13.2038, 10.5677
5473.5, 8.173528, 0.693231, 14.67538, 11.3156
5599.02, 7.963206, 0.563277, 14.27771, 10.1351
5948.6, 8.220105, 0.726519, 14.37162, 15.8567
5834.47, 8.001787, 0.587906, 14.14906, 11.6804
5563.05, 8.189804, 0.704554, 14.62364, 18.1187
10742.15, 8.305595, 0.793779, 12.43989, 22.1587
14117.98, 8.064964, 0.648918, 11.53292, 11.3356
4852.87, 7.842063, 0.486912, 14.8111, 22.6024
5487.23, 8.014728, 0.593252, 14.43995, 11.4097
5834.98, 7.967564, 0.567493, 14.10114, 22.5008
8288.55, 8.216789, 0.730662, 13.15249, 13.4173
5429.43, 8.157975, 0.682746, 14.69083, 10.6367
8302.84, 8.233837, 0.741776, 13.16719, 14.2409
4938.77, 7.818117, 0.474554, 14.69627, 10.0912
6458.53, 8.144282, 0.679339, 13.9358, 22.5851
14648.53, 7.955222, 0.586295, 11.30419, 19.0478
5921.53, 7.966184, 0.567202, 14.03573, 26.0006
15923.12, 8.259031, 0.772952, 11.61084, 16.899
5756.38, 8.110078, 0.654447, 14.35739, 12.7849
7338.69, 8.388591, 0.841939, 13.84543, 13.452
11378.59, 8.2308, 0.746626, 12.1671, 11.6192
4217.2, 7.799816, 0.470899, 15.38497, 12.0138
4937.92, 7.869624, 0.502853, 14.76141, 11.7256
15235.9, 8.181365, 0.722622, 11.57131, 10.0232
5050.88, 8.054772, 0.613955, 14.89361, 10.0924
7158.19, 7.946072, 0.560504, 13.28631, 10.1941
6752.09, 8.234253, 0.738538, 13.9036, 11.2596
5044.02, 7.981281, 0.568706, 14.80063, 11.49
4608.65, 7.883962, 0.509128, 15.11468, 10.3173
6502.66, 8.921083, 1.159208, 15.24361, 10.523
10662.18, 7.876286, 0.532175, 11.81846, 12.4264
5238.8, 8.453108, 0.878848, 15.31704, 22.1064
5451.3, 7.943482, 0.55043, 14.37434, 16.6669
10259.97, 7.980055, 0.589446, 12.06888, 12.4229
4746.87, 7.951584, 0.549132, 15.06122, 11.6733
6226.5, 8.338055, 0.8058, 14.36997, 12.1156
6971.6, 7.292657, 0.299538, 12.43265, 13.7881
6689.17, 8.382172, 0.836384, 14.16718, 10.4313
5210.25, 7.570425, 0.378775, 14.12295, 20.4942
9856.87, 9.419931, 1.337605, 14.94342, 16.984
17314.26, 8.271155, 0.782988, 11.48779, 11.4229
4790.65, 7.894431, 0.515938, 14.94346, 16.4587
5828.07, 8.118852, 0.660423, 14.31565, 11.1704
5064.56, 8.130299, 0.66217, 14.98615, 14.7592
10972.87, 8.168731, 0.706156, 12.16158, 18.3753
5224.67, 7.841717, 0.490346, 14.44654, 10.0364
9720.68, 7.99286, 0.595384, 12.26128, 20.3247
9683.74, 8.195097, 0.719939, 12.59049, 11.1737
6086.0, 8.217191, 0.725161, 14.27834, 11.5564
6580.85, 8.082479, 0.640756, 13.77441, 24.5429
5444.59, 8.07653, 0.631001, 14.56155, 10.6722
4688.65, 7.866138, 0.499381, 15.0134, 11.5442
9071.65, 8.112253, 0.666043, 12.67738, 17.0914
11119.74, 8.243162, 0.754038, 12.24672, 21.4917
12699.58, 7.97714, 0.594079, 11.57872, 10.1824
5269.77, 8.184395, 0.69871, 14.87214, 13.0277
10062.04, 8.099268, 0.66052, 12.31223, 16.7107
5332.82, 7.928665, 0.540517, 14.45935, 11.8721
11509.28, 8.109392, 0.670346, 11.95649, 10.1874
6982.15, 7.943454, 0.558433, 13.36357, 17.9081
6077.84, 8.283751, 0.769116, 14.38346, 10.2965
13369.54, 8.399614, 0.859402, 12.13394, 17.0042
4873.62, 8.334747, 0.797849, 15.47323, 10.0253
5554.57, 7.565142, 0.381923, 13.75171, 10.4878
13238.68, 8.882308, 1.144294, 13.00003, 13.2178
4499.53, 8.360577, 0.814743, 15.87993, 12.1465
5462.72, 8.058884, 0.620171, 14.52207, 11.6851
5320.47, 8.096843, 0.642573, 14.70057, 10.7625
9759.24, 8.140379, 0.685381, 12.47401, 10.1229
5425.2, 8.159362, 0.683605, 14.69583, 17.1424
3897.36, 7.735792, 0.440264, 15.59727, 16.9459
6440.94, 7.811732, 0.483678, 13.50096, 13.8394
4938.69, 7.942937, 0.54506, 14.85584, 16.5685
5131.67, 8.472947, 0.891857, 15.44908, 11.9008
4467.83, 7.781737, 0.463383, 15.10857, 13.3506
5223.24, 7.522663, 0.359571, 14.00333, 12.273
13007.5, 7.895307, 0.548998, 11.43712, 10.6058
11618.97, 8.046468, 0.63233, 11.83937, 14.6806
5055.72, 8.098334, 0.641558, 14.95009, 12.4041
5354.84, 8.733836, 1.057576, 15.70567, 10.5923
5199.78, 7.790003, 0.473315, 14.37983, 11.8923
14544.27, 8.030866, 0.629603, 11.42852, 16.7354
4521.88, 8.142268, 0.668071, 15.53927, 10.1034
5650.58, 8.002944, 0.587388, 14.29111, 14.2192
4701.34, 8.171121, 0.68749, 15.40267, 17.1435
5906.27, 8.104243, 0.651563, 14.23877, 10.3782
13100.19, 7.853379, 0.526794, 11.37492, 13.1445
4985.63, 7.718079, 0.437798, 14.48892, 10.6065
4974.2, 7.855135, 0.495088, 14.70766, 11.6794
4277.6, 7.665593, 0.411101, 15.14641, 13.0423
7024.55, 8.289735, 0.775757, 13.84144, 10.0612
4020.21, 7.574812, 0.372363, 15.28261, 16.5741
7899.08, 8.406964, 0.855101, 13.6186, 12.5923
5340.64, 7.939308, 0.546786, 14.46566, 12.3896
5660.46, 7.87376, 0.512506, 14.11131, 13.1072
12505.54, 8.850001, 1.127596, 13.04922, 11.2188
12882.26, 7.860766, 0.530098, 11.40211, 14.3405
5073.93, 8.046042, 0.608657, 14.85959, 13.0785
9824.13, 7.934997, 0.562233, 12.14685, 11.2377
6062.24, 7.86869, 0.512414, 13.81251, 10.976
4870.6, 7.527871, 0.357442, 14.34287, 54.1472
6322.66, 8.183208, 0.703912, 14.0772, 13.4952
6433.2, 7.995827, 0.587306, 13.74396, 21.634
9741.87, 7.930377, 0.559365, 12.17608, 10.0567
5761.74, 7.901322, 0.528696, 14.06909, 15.2537
6591.2, 8.080741, 0.639708, 13.77181, 10.0084
9489.08, 8.721602, 1.055311, 13.56622, 10.7208
10687.35, 8.042679, 0.627683, 12.04517, 10.3338
9286.96, 8.146811, 0.68827, 12.65419, 11.0338
4929.1, 7.800898, 0.475928, 14.66147, 15.9366
4308.22, 7.80306, 0.463298, 15.31974, 31.1052
4771.15, 7.896148, 0.51682, 14.96577, 12.337
20343.28, 8.999659, 1.201396, 12.54582, 17.7588
6142.85, 8.1895, 0.707305, 14.20117, 11.1083
5103.77, 8.031385, 0.599769, 14.81084, 12.8769
6597.02, 8.23027, 0.735489, 13.98006, 10.6687
6033.72, 8.217452, 0.725124, 14.31492, 12.6446
5188.83, 7.96079, 0.557692, 14.63468, 16.5021
5402.54, 7.957526, 0.558158, 14.43644, 17.9069
8351.96, 8.266939, 0.763521, 13.20269, 14.7381
6163.07, 8.074622, 0.634236, 14.02095, 14.8998
20546.44, 7.955484, 0.600184, 10.68547, 11.3049
5633.85, 8.410728, 0.852188, 14.91013, 12.3287
9038.17, 8.249831, 0.753821, 12.90478, 10.4154
4001.79, 7.641837, 0.399974, 15.38306, 18.1153
11089.32, 8.001312, 0.604194, 11.88509, 21.6207
11149.96, 8.664398, 1.023334, 12.96295, 14.2943
4672.99, 7.975429, 0.563154, 15.1657, 15.3562
4742.11, 7.979513, 0.565898, 15.10097, 13.3455
8088.99, 7.65325, 0.429021, 12.40556, 10.4275
9459.78, 7.984626, 0.589807, 12.34305, 20.9703
8558.82, 8.335229, 0.808871, 13.2286, 12.4149
6001.05, 8.51401, 0.922179, 14.80575, 10.8949
7861.88, 8.361849, 0.825183, 13.5609, 12.7651
5887.94, 8.197999, 0.711771, 14.38542, 18.2302
11109.57, 8.09934, 0.6632, 12.03044, 19.088
4731.94, 8.309087, 0.780142, 15.57526, 10.4785
8430.78, 8.525084, 0.933372, 13.59331, 41.0228
12272.38, 7.893445, 0.546044, 11.51656, 14.6835
6862.31, 8.281996, 0.770258, 13.91702, 13.9204
6230.35, 8.230549, 0.734484, 14.20404, 11.011
5399.26, 7.987379, 0.575857, 14.47936, 12.4146
7831.7, 7.92968, 0.553208, 12.93565, 10.7132
7268.02, 7.864623, 0.515063, 13.11177, 13.0359
5554.96, 8.000569, 0.585236, 14.36093, 24.968
4845.38, 7.764703, 0.457848, 14.6945, 10.1016
4943.81, 7.812523, 0.471593, 14.68455, 13.4563
6915.87, 7.742538, 0.458928, 13.11659, 11.36
4604.09, 7.886381, 0.51049, 15.12459, 13.6119
7072.62, 8.001568, 0.592867, 13.39959, 10.9582
7269.83, 8.164705, 0.694715, 13.53179, 13.0577
7672.96, 8.247151, 0.749118, 13.47121, 13.0225
3966.14, 7.659981, 0.407598, 15.4391, 10.1023
10182.67, 8.265998, 0.766832, 12.53691, 15.4489
5393.02, 7.985046, 0.574392, 14.46901, 59.9853
7844.02, 8.4498, 0.883284, 13.71574, 12.8408
6908.59, 8.333946, 0.804803, 13.97475, 12.7582
7425.29, 8.024278, 0.607533, 13.25542, 10.792
20953.53, 7.836186, 0.538763, 10.47426, 14.5715
7213.33, 8.04902, 0.621971, 13.39299, 15.27
17220.02, 7.815543, 0.518311, 10.81709, 10.3633
5785.22, 8.86727, 1.131567, 15.60955, 10.151
4862.88, 7.923882, 0.533381, 14.90657, 21.6462
8405.02, 8.210378, 0.726773, 13.09174, 10.5925
6066.52, 8.013895, 0.596511, 14.00181, 15.7333
5145.19, 7.964852, 0.559696, 14.68183, 16.5588
10540.71, 8.374054, 0.838127, 12.61672, 41.507
4429.66, 7.381441, 0.297509, 14.64978, 13.1357
5291.0, 8.118919, 0.656386, 14.76028, 10.0469
11393.02, 8.046276, 0.631663, 11.8831, 10.9675
8300.45, 8.465562, 0.894358, 13.54906, 11.6442
9547.09, 8.228486, 0.741118, 12.6862, 10.0006
9780.17, 8.287545, 0.780023, 12.69981, 11.7028
4912.73, 8.020631, 0.591867, 14.98162, 12.4682
23341.48, 9.004325, 1.204663, 12.30537, 11.8953
6865.42, 8.388385, 0.840895, 14.08024, 13.9225
5857.1, 8.190679, 0.706849, 14.39875, 12.1414
5765.31, 8.254646, 0.748483, 14.56267, 10.4101
8268.91, 7.417924, 0.348073, 11.95716, 12.6292
5626.89, 7.877322, 0.514215, 14.14325, 11.5617
5610.99, 8.418138, 0.857027, 14.93967, 11.0348
6688.19, 8.263224, 0.757416, 13.98271, 10.7431
7708.64, 7.950868, 0.564989, 13.01882, 10.929
8852.03, 8.525296, 0.934085, 13.43084, 23.0377
11111.12, 8.378004, 0.841742, 12.46435, 13.0843
5479.46, 8.422797, 0.859445, 15.05674, 17.5909
7475.8, 8.294988, 0.780189, 13.62975, 12.4986
5254.25, 7.837361, 0.488372, 14.41199, 16.9298
4087.47, 7.803758, 0.472322, 15.51362, 14.7712
7551.73, 8.469416, 0.895729, 13.87756, 10.2823
4804.92, 8.134053, 0.663479, 15.24727, 11.3275
5566.74, 8.289068, 0.770265, 14.7716, 12.1467
6077.87, 8.588362, 0.970394, 14.99313, 14.608
14823.57, 7.915353, 0.564592, 11.22852, 16.6116
4468.7, 7.881674, 0.507325, 15.25316, 13.8658
6413.38, 8.087921, 0.643547, 13.88545, 13.1001
9815.7, 8.491121, 0.913292, 13.02669, 12.8552
5205.42, 7.976576, 0.567263, 14.64153, 16.3738
5101.18, 7.916284, 0.530813, 14.66004, 25.6668
6368.57, 8.29566, 0.777993, 14.21323, 31.8375
10325.9, 8.327955, 0.807548, 12.59255, 14.291
6448.97, 7.983203, 0.579856, 13.72763, 10.0252
7458.71, 7.954728, 0.566452, 13.149, 10.0136
12973.73, 8.842832, 1.124268, 12.95955, 11.4598
15145.89, 8.051509, 0.643126, 11.38592, 13.3168
7582.81, 8.150304, 0.686257, 13.35954, 15.5124
7387.92, 8.02118, 0.605558, 13.27727, 11.0633
6521.1, 8.065716, 0.630141, 13.79879, 10.3752
31450.82, 8.51712, 0.959792, 10.71967, 14.1309
7335.15, 7.661153, 0.429389, 12.77188, 11.8541
6351.98, 8.114868, 0.660253, 13.96037, 10.0649
8084.88, 8.01368, 0.603081, 12.93614, 11.7933
10158.84, 8.23768, 0.748424, 12.49771, 10.6545
6399.73, 8.104293, 0.653763, 13.91714, 10.6889
6274.0, 8.248806, 0.746661, 14.20453, 17.1149
5329.14, 7.841952, 0.491837, 14.34891, 12.6979
5231.21, 7.915385, 0.531631, 14.53512, 10.2661
5611.99, 7.7175, 0.444809, 13.91692, 12.2256
5932.19, 8.051948, 0.619039, 14.14505, 10.2447
10599.69, 8.254517, 0.760278, 12.39882, 10.1617
21442.19, 7.784487, 0.514963, 10.35179, 13.1438
6096.27, 8.860734, 1.128694, 15.37947, 10.3758
4851.61, 7.191175, 0.244821, 13.95054, 13.033
5133.9, 7.799349, 0.476843, 14.46214, 15.3819
6164.34, 8.254343, 0.749927, 14.28281, 11.8368
11033.85, 8.207046, 0.730655, 12.20944, 10.2656
5636.86, 8.335518, 0.801795, 14.78133, 32.8935
7366.46, 8.008358, 0.597793, 13.26058, 12.63
7228.31, 8.213836, 0.726383, 13.62593, 10.2892
4678.34, 7.299145, 0.272995, 14.28133, 16.6848
5338.94, 7.962581, 0.560419, 14.50831, 10.2283
3937.55, 7.756304, 0.449862, 15.58587, 31.6123
6245.11, 8.193726, 0.710456, 14.14973, 11.4407
5415.7, 8.18681, 0.701389, 14.75394, 10.6791
5242.06, 8.656026, 1.010544, 15.67311, 10.8875
5542.11, 7.999703, 0.584612, 14.37356, 12.4879
12663.37, 8.93487, 1.169026, 13.1953, 11.0718
7741.03, 8.26412, 0.760394, 13.46969, 13.1301
7647.38, 8.368077, 0.828907, 13.67573, 12.356
6038.78, 8.676183, 1.024797, 15.07355, 10.1742
15142.08, 7.956523, 0.588204, 11.24359, 19.551
5039.06, 7.878691, 0.508824, 14.68114, 11.6563
14095.2, 7.976999, 0.597323, 11.4178, 15.3618
4080.33, 7.605226, 0.385163, 15.2639, 14.3923
15538.65, 7.936273, 0.577847, 11.16819, 10.4304
5521.49, 8.321137, 0.791424, 14.85766, 14.4124
4540.77, 7.657414, 0.408857, 14.8684, 12.38
6235.96, 8.038842, 0.61249, 13.92583, 10.0958
6678.61, 7.903453, 0.534586, 13.47984, 10.0097
7427.1, 8.366766, 0.827629, 13.76452, 17.8457
5400.25, 8.296395, 0.774027, 14.923, 16.0637
4873.54, 7.950984, 0.54941, 14.93193, 16.7895
4843.12, 8.431944, 0.863703, 15.65661, 12.6385
6773.69, 8.037696, 0.613775, 13.60938, 10.8252
8443.65, 8.212841, 0.728456, 13.07955, 12.1106
10745.35, 8.091287, 0.657351, 12.10137, 10.7924
5950.4, 8.158781, 0.68659, 14.28503, 11.9564
5316.59, 8.36851, 0.822172, 15.111, 13.5
7810.12, 8.03398, 0.614497, 13.08945, 11.3419
4894.15, 8.132013, 0.662458, 15.156, 10.3798
4177.1, 7.476669, 0.332579, 15.01737, 10.1995
7711.34, 7.954759, 0.567249, 13.02484, 10.3276
12161.44, 8.092084, 0.661173, 11.80668, 11.0375
6035.27, 7.986623, 0.579973, 13.98523, 10.2128
5698.51, 8.339355, 0.804688, 14.74339, 10.0429
9648.17, 8.242344, 0.750317, 12.67287, 10.9435
6043.61, 8.077343, 0.63536, 14.10403, 11.5503
5488.08, 8.851552, 1.12297, 15.8207, 12.5694
8498.55, 7.967926, 0.577284, 12.69705, 10.8668
6568.89, 8.054914, 0.623648, 13.74678, 10.6433
4968.86, 7.9189, 0.531215, 14.79111, 12.0868
5809.24, 8.348677, 0.811437, 14.67468, 10.7297
6861.51, 7.811543, 0.485217, 13.26069, 12.0954
7733.87, 7.929294, 0.552681, 12.97374, 14.3564
11152.86, 8.003339, 0.605553, 11.86764, 10.8531
4507.97, 7.937534, 0.539908, 15.28342, 11.2452
6072.56, 8.066432, 0.628719, 14.06972, 12.9505
8762.31, 8.372209, 0.833635, 13.20389, 19.5314
4431.06, 8.094048, 0.63659, 15.56255, 13.7592
11026.34, 7.943435, 0.570575, 11.83864, 19.7219
8327.73, 8.328763, 0.804176, 13.31183, 11.2457
10134.26, 9.395113, 1.329656, 14.80814, 11.8537
5227.99, 8.023138, 0.59572, 14.68237, 14.1124
5117.98, 7.924733, 0.535857, 14.65545, 16.6746
6107.84, 8.506155, 0.91729, 14.72098, 11.269
5310.56, 8.695748, 1.034911, 15.67851, 11.5409
6640.54, 8.027843, 0.607351, 13.66976, 10.3144
6705.18, 7.9444, 0.558064, 13.5147, 13.7449
14928.94, 8.417784, 0.873407, 11.98323, 12.7586
4644.23, 8.223881, 0.722444, 15.5365, 10.8522
7825.8, 8.41659, 0.861338, 13.66765, 10.4313
4559.65, 7.395647, 0.303282, 14.53002, 10.984
6291.2, 8.117332, 0.661579, 13.99899, 14.5342
28583.15, 8.891634, 1.15757, 11.64448, 10.376
4919.22, 8.08395, 0.631641, 15.06306, 14.6785
7957.2, 8.432694, 0.872191, 13.6368, 16.1134
5429.2, 7.996407, 0.5816, 14.4654, 11.9046
9565.42, 7.88924, 0.535834, 12.17264, 18.6235
7532.98, 8.07599, 0.639438, 13.27596, 10.62
4573.33, 8.132179, 0.661609, 15.47262, 11.5878
8002.63, 8.375877, 0.834724, 13.52338, 12.3041
6683.99, 8.250186, 0.748816, 13.96622, 14.0897
5087.62, 8.20826, 0.713424, 15.07609, 13.1626
5103.28, 8.041052, 0.605762, 14.81973, 12.3257
4657.96, 7.885327, 0.510106, 15.06555, 12.723
7642.3, 7.794278, 0.478974, 12.83704, 11.8418
13395.9, 8.398212, 0.858534, 12.11532, 27.9783
6922.68, 8.136962, 0.676095, 13.66691, 22.2307
4779.94, 8.188977, 0.699506, 15.34855, 15.1562
6624.32, 8.170526, 0.69673, 13.88041, 11.2265
5953.66, 8.102106, 0.650447, 14.20165, 21.8536
4125.36, 7.635388, 0.397781, 15.25958, 10.704
4879.94, 8.023717, 0.59361, 15.0175, 12.2663
5086.92, 8.23978, 0.734422, 15.12421, 10.3268
5626.43, 8.300131, 0.77804, 14.7394, 18.4344
4619.8, 7.374363, 0.296033, 14.43844, 12.1419
5354.53, 7.961002, 0.559668, 14.4831, 13.249
4839.01, 7.91593, 0.528609, 14.92018, 24.7983
5874.9, 8.976448, 1.184377, 15.7685, 10.4501
6352.7, 7.903406, 0.53325, 13.66739, 15.0947
7437.44, 7.911686, 0.541753, 13.09426, 10.7595
3949.87, 7.576735, 0.372927, 15.35066, 15.2553
9695.1, 8.016414, 0.60925, 12.31216, 10.2856
6975.56, 7.999824, 0.591534, 13.4459, 10.6208
5933.32, 8.233154, 0.735046, 14.40694, 16.6351
5051.01, 7.998802, 0.579372, 14.81634, 18.2673
4921.96, 7.944626, 0.545944, 14.87087, 11.8471
8439.83, 8.168796, 0.700119, 12.99834, 39.1401
5058.5, 8.082933, 0.631767, 14.9212, 23.3418
10944.22, 8.39513, 0.852632, 12.5338, 10.4366
17031.04, 7.864348, 0.542763, 10.89327, 13.3488
6342.38, 8.080467, 0.638623, 13.91737, 11.2036
6254.46, 7.987274, 0.58145, 13.84896, 14.1344
7645.34, 8.280832, 0.771194, 13.52526, 16.2437
4596.95, 8.138401, 0.665731, 15.46046, 10.1905
6983.44, 7.911586, 0.540221, 13.3256, 12.0936
5349.62, 8.214401, 0.719017, 14.84404, 12.7617
4717.83, 7.890293, 0.513207, 15.01263, 19.1253
6376.0, 8.322469, 0.795849, 14.25027, 24.3977
4359.81, 7.80943, 0.466891, 15.27602, 17.795
5797.37, 8.10028, 0.648486, 14.30924, 18.7027
9272.06, 8.03088, 0.616739, 12.48512, 10.095
6387.65, 8.085092, 0.641682, 13.89415, 15.8134
3820.99, 7.740762, 0.442597, 15.65323, 50.0817
5394.11, 7.941875, 0.548896, 14.42238, 18.428
19213.3, 7.957993, 0.598416, 10.81151, 13.0596
6859.06, 8.374512, 0.831658, 14.06236, 13.2999
9295.74, 8.294784, 0.783738, 12.87933, 13.6405
7533.8, 7.942852, 0.559821, 13.08904, 11.0143
5179.57, 7.927689, 0.538168, 14.6006, 12.1319
10909.5, 8.331498, 0.811006, 12.43422, 10.9056
5717.56, 8.248042, 0.743859, 14.5831, 10.8518
4030.12, 8.184369, 0.695023, 16.05884, 23.744
6828.65, 8.093817, 0.648609, 13.65577, 15.3836
8965.03, 8.270059, 0.766858, 12.9616, 16.4718
6789.2, 8.026331, 0.606914, 13.58217, 13.8842
6993.16, 8.514256, 0.924284, 14.22606, 10.365
4296.81, 7.813878, 0.478302, 15.32364, 23.248
8991.62, 6.578584, 0.161567, 10.38739, 34.182
11584.78, 8.131621, 0.684291, 11.97224, 11.0307
10333.17, 8.174932, 0.708606, 12.35412, 12.1913
4319.62, 7.952271, 0.54815, 15.49051, 11.23
5662.39, 8.30956, 0.784551, 14.71958, 12.673
18778.05, 8.385207, 0.857882, 11.51043, 42.3964
6242.76, 8.280575, 0.76758, 14.27104, 12.5337
4653.13, 7.956705, 0.551811, 15.16281, 10.4371
7215.55, 8.084011, 0.643564, 13.44058, 12.2211
5067.24, 8.299623, 0.774589, 15.22544, 10.4498
5796.38, 8.116082, 0.658489, 14.33435, 11.1898
5544.57, 8.047736, 0.613962, 14.4389, 13.7371
18522.4, 9.064233, 1.226552, 12.8461, 11.0478
5152.5, 7.806095, 0.470337, 14.46779, 11.8833
6753.72, 7.766889, 0.468301, 13.27296, 11.9374
6652.67, 7.987381, 0.583091, 13.6064, 10.3842
7367.96, 8.341629, 0.81085, 13.74743, 16.4339
4864.63, 7.989162, 0.572319, 14.98501, 10.5987
20815.23, 7.869299, 0.555143, 10.53124, 10.1868
7102.62, 8.370599, 0.829555, 13.92738, 17.8218
12213.27, 8.320478, 0.806218, 12.15074, 11.6046
6769.68, 7.886871, 0.525626, 13.40583, 13.0576
14273.53, 7.79618, 0.500724, 11.11244, 32.7281
12156.72, 8.713514, 1.053239, 12.85482, 17.0671
5295.82, 8.34061, 0.803253, 15.08217, 13.97
13759.35, 8.920761, 1.163085, 13.01261, 11.6791
5623.41, 8.431837, 0.866254, 14.94995, 11.5167
7391.07, 8.227014, 0.735343, 13.56719, 10.3847
4866.03, 8.116786, 0.652488, 15.16093, 11.0152
5000.76, 7.861691, 0.498966, 14.68929, 11.8175
13455.62, 8.900134, 1.153105, 13.00876, 10.5692
5005.94, 8.663569, 1.014893, 15.89551, 11.1109
11368.33, 7.955038, 0.57813, 11.75728, 13.5149
6549.49, 7.943846, 0.557182, 13.60531, 18.8926
4490.46, 8.36558, 0.818135, 15.88715, 10.01
13000.6, 8.40503, 0.862366, 12.16978, 13.5841
9665.29, 8.101361, 0.660792, 12.44881, 10.2216
7280.06, 8.406719, 0.853852, 13.89763, 17.6644
5201.21, 8.247132, 0.7399, 15.0277, 11.6151
4791.26, 8.239546, 0.73329, 15.41112, 10.2554
10332.8, 8.25891, 0.762552, 12.47859, 12.8312
5046.28, 8.007483, 0.584636, 14.84598, 17.6843
6534.1, 7.430395, 0.342324, 12.86975, 13.5554
9244.57, 8.317188, 0.798323, 12.9308, 14.5377
5053.73, 7.960226, 0.556173, 14.76586, 23.0583
8338.48, 8.465464, 0.894352, 13.52672, 12.2917
5072.28, 8.064257, 0.620056, 14.88289, 10.0592
7541.89, 8.308468, 0.789231, 13.61889, 10.0356
6078.48, 8.063587, 0.626985, 14.06208, 15.9614
6001.01, 8.197485, 0.711922, 14.30497, 10.5373
5287.32, 7.431227, 0.325036, 13.82657, 11.5745
10561.82, 7.899718, 0.544701, 11.8745, 10.3414
11942.3, 7.866752, 0.53073, 11.5229, 20.7286
5264.53, 8.148483, 0.675241, 14.82289, 10.7636
7907.16, 7.875297, 0.523009, 12.82839, 10.2881
4778.74, 8.274832, 0.757038, 15.47676, 10.5819
5897.99, 7.990701, 0.581623, 14.08723, 11.6331
17354.23, 8.11127, 0.683424, 11.22685, 16.963
13121.5, 8.203988, 0.732912, 11.84942, 17.9264
4869.44, 8.044273, 0.606361, 15.05632, 13.3694
9078.73, 8.631534, 1.001155, 13.54485, 10.9047
7540.98, 7.970507, 0.575899, 13.12071, 14.4539
4988.05, 8.063336, 0.618941, 14.96678, 14.801
5445.36, 8.074683, 0.629852, 14.55898, 11.2827
7606.85, 8.22688, 0.735726, 13.46409, 12.0634
5451.15, 8.180261, 0.69742, 14.70673, 11.3281
5367.32, 8.398572, 0.842646, 15.11056, 11.4147
4926.6, 7.868655, 0.50222, 14.77105, 14.6957
8602.25, 7.979941, 0.58461, 12.6698, 11.5589
4657.23, 7.710879, 0.432439, 14.81822, 11.9495
4917.57, 7.937287, 0.541586, 14.87011, 10.0423
4732.91, 8.1675, 0.685184, 15.36711, 17.5155
7775.13, 7.538473, 0.387283, 12.36519, 12.7455
4955.11, 8.008253, 0.58449, 14.92388, 14.0894
10541.55, 8.223405, 0.740068, 12.36502, 12.4899
42396.02, 7.867571, 0.612833, 9.11961, 10.5388
10585.29, 8.310079, 0.796388, 12.4908, 12.0538
4814.11, 8.02859, 0.596337, 15.09392, 14.8626
5354.16, 8.04753, 0.612013, 14.59711, 12.6566
5146.45, 8.315817, 0.785837, 15.18259, 12.5998
10751.8, 8.295041, 0.786921, 12.4187, 10.1512
4443.28, 7.822893, 0.474477, 15.20859, 25.7187
8686.89, 8.058214, 0.631688, 12.75316, 11.1779
5519.07, 7.89546, 0.523466, 14.25306, 13.2694
4792.7, 7.900886, 0.519655, 14.93548, 93.672
5630.3, 7.947198, 0.554121, 14.21665, 122.413
5098.58, 8.182214, 0.696261, 15.02859, 10.4871
10917.9, 8.218999, 0.73806, 12.24483, 51.997
6007.67, 8.088007, 0.641848, 14.1445, 11.0856
6727.1, 7.992219, 0.586218, 13.56999, 10.4488
5252.65, 7.585008, 0.385241, 14.04569, 16.1503
10513.81, 8.154257, 0.695959, 12.2621, 15.3928
8208.24, 8.035883, 0.616789, 12.92342, 14.0928
5558.44, 8.014512, 0.593707, 14.37952, 13.5341
5983.5, 7.914888, 0.537834, 13.92469, 12.787
7881.93, 8.060387, 0.630781, 13.09246, 17.3546
18344.53, 7.961705, 0.598453, 10.90141, 16.7707
7567.23, 8.359025, 0.822759, 13.68532, 18.76
6467.2, 8.239223, 0.740974, 14.07049, 12.2977
4827.43, 7.891706, 0.514584, 14.89791, 17.4212
6714.1, 8.242873, 0.744091, 13.93777, 10.5454
4862.01, 7.858477, 0.496058, 14.81238, 58.9613
5568.76, 8.273121, 0.759637, 14.74466, 10.3887
9224.96, 8.339488, 0.812933, 12.9727, 15.712
5283.02, 8.10327, 0.64633, 14.74187, 10.4399
4622.81, 7.836033, 0.482366, 15.04066, 17.8828
5209.72, 8.125894, 0.660259, 14.84181, 12.0441
6004.61, 8.072271, 0.632006, 14.12326, 11.9505
4817.7, 8.137574, 0.665812, 15.2383, 11.1476
9950.62, 8.616848, 0.993115, 13.22349, 10.6298
6006.7, 7.965428, 0.567258, 13.97265, 18.0626
5312.63, 7.94182, 0.547917, 14.49305, 10.7574
6623.99, 8.327135, 0.799602, 14.11614, 16.1574
5302.01, 8.105387, 0.647837, 14.72978, 10.0042
8075.75, 8.437929, 0.875834, 13.59585, 10.9999
5467.8, 7.971404, 0.56703, 14.39437, 17.2247
7161.34, 8.276061, 0.767034, 13.75111, 13.5926
5869.06, 8.344753, 0.80906, 14.62301, 12.4673
6506.01, 8.284646, 0.771077, 14.11292, 19.3726
8157.75, 7.837591, 0.503411, 12.66229, 10.7052
4451.85, 7.808581, 0.476324, 15.15932, 17.7113
4493.48, 7.656146, 0.407975, 14.91403, 10.6661
6786.05, 7.940635, 0.556163, 13.47317, 10.7762
6261.12, 8.164613, 0.691665, 14.08389, 25.019
6563.16, 8.15613, 0.687279, 13.89569, 10.6384
5637.23, 8.011108, 0.59223, 14.3116, 10.761
9963.59, 8.314017, 0.797705, 12.67701, 18.2462
5114.56, 7.821409, 0.47807, 14.5235, 11.3407
5326.64, 7.950711, 0.553286, 14.49473, 11.0338
7034.68, 8.39041, 0.842579, 13.99786, 11.8929
5058.11, 7.974665, 0.564836, 14.77578, 10.3578
5804.23, 8.023757, 0.601037, 14.19655, 18.6568
19549.79, 7.687358, 0.465215, 10.37891, 11.1242
14936.23, 8.331051, 0.817493, 11.85206, 18.4723
4676.88, 7.798042, 0.472526, 14.91711, 13.3595
10110.59, 8.507669, 0.924454, 12.94817, 42.8216
7461.89, 8.111122, 0.661158, 13.35828, 12.0656
20320.99, 8.027376, 0.639947, 10.81089, 16.5952
7070.48, 7.937054, 0.555028, 13.31276, 10.8802
4586.94, 7.772397, 0.459383, 14.97631, 11.8779
6167.32, 7.919861, 0.541701, 13.81128, 11.6335
9021.94, 8.037309, 0.619926, 12.58558, 11.1963
5761.58, 7.927387, 0.54358, 14.10022, 14.8428
5107.54, 8.041706, 0.6062, 14.81937, 11.9631
17511.9, 7.8697, 0.546778, 10.85244, 11.6362
6622.99, 8.002699, 0.592127, 13.6405, 12.9366
6369.67, 8.019646, 0.601371, 13.81498, 11.7306
5784.64, 8.902174, 1.149177, 15.67742, 42.957
5129.12, 8.475982, 0.893884, 15.45112, 10.6896
7099.85, 8.312171, 0.790777, 13.83693, 11.0091
6043.71, 8.173235, 0.696337, 14.23928, 13.5487
6950.83, 8.375238, 0.832332, 14.01296, 16.0953
4944.1, 8.314301, 0.784142, 15.37263, 11.0857
5252.84, 8.003697, 0.584092, 14.63305, 10.8947
7214.5, 7.963462, 0.570783, 13.2659, 16.8886
20804.5, 7.873899, 0.557479, 10.53761, 10.0629
6219.7, 8.114037, 0.659206, 14.04158, 12.0888
6803.04, 7.856574, 0.509073, 13.34364, 13.0449
11947.36, 7.744802, 0.468749, 11.3912, 14.7546
6920.91, 7.948227, 0.560997, 13.40194, 13.3276
6440.48, 8.288595, 0.77351, 14.16494, 12.1303
6181.1, 8.050917, 0.619653, 13.98791, 12.077
12831.96, 8.074146, 0.651688, 11.69865, 10.0637
9351.16, 8.080022, 0.646816, 12.52593, 19.5154
6292.99, 8.225425, 0.731344, 14.15602, 14.0567
5550.17, 8.167784, 0.69012, 14.59065, 44.3077
5904.01, 8.114035, 0.657751, 14.25256, 15.5828
9097.98, 7.986791, 0.590052, 12.48175, 15.3628
11905.04, 8.051107, 0.635778, 11.78816, 10.4691
5566.27, 8.164899, 0.688369, 14.58404, 13.2083
10716.9, 7.987473, 0.595066, 11.9523, 12.2236
14517.0, 8.210868, 0.739864, 11.70762, 12.4177
6139.41, 8.252341, 0.748513, 14.29526, 11.0502
5141.71, 8.077171, 0.628687, 14.83629, 12.093
4966.92, 8.036949, 0.602293, 14.95219, 11.1821
4733.96, 7.972792, 0.561798, 15.09523, 11.2656
4983.77, 7.903155, 0.522248, 14.75613, 23.4144
5587.01, 8.155963, 0.682735, 14.55504, 19.2419
7408.22, 8.386744, 0.840841, 13.80918, 11.4931
4711.25, 7.921546, 0.531247, 15.0581, 10.7606
8789.08, 8.124999, 0.673284, 12.80812, 11.8386
7282.15, 7.655652, 0.426964, 12.78626, 14.2806
5277.63, 8.316932, 0.787191, 15.06405, 11.2097
8312.55, 8.282886, 0.773911, 13.24325, 13.0694
4139.9, 7.778678, 0.460703, 15.42163, 33.2934
29711.45, 7.89261, 0.589169, 9.81871, 11.8314
5644.27, 8.225492, 0.728536, 14.61334, 12.7794
12483.69, 8.311742, 0.801011, 12.08852, 31.5219
7649.97, 8.518988, 0.928319, 13.91746, 12.9926
5009.82, 7.98285, 0.569399, 14.82536, 37.4249
5920.41, 8.154711, 0.683831, 14.30034, 13.3047
10892.84, 8.262371, 0.765982, 12.33063, 13.9202
5546.43, 8.054108, 0.61792, 14.44416, 10.0287
4504.44, 7.84384, 0.486203, 15.17239, 20.3346
5717.76, 8.239406, 0.738144, 14.57478, 11.0118
6530.83, 8.389669, 0.841021, 14.26687, 10.8065
10590.71, 8.239235, 0.750378, 12.37688, 11.6875
5793.09, 8.137596, 0.672197, 14.37076, 12.656
7402.26, 8.427753, 0.867993, 13.87806, 10.8756
6330.1, 8.06845, 0.631107, 13.90947, 10.3334
23824.24, 8.000637, 0.632685, 10.4714, 12.3105
6399.31, 8.309306, 0.787154, 14.21803, 20.3977
9306.04, 7.894989, 0.53821, 12.28473, 14.7494
6690.17, 7.996408, 0.588593, 13.59512, 14.9685
4578.86, 7.830038, 0.478898, 15.07944, 15.1676
4138.53, 7.803753, 0.46321, 15.48416, 21.3778
16956.43, 8.126549, 0.69196, 11.29455, 13.4131
9527.81, 7.806771, 0.491696, 12.0652, 14.3027
5376.59, 8.218254, 0.721759, 14.82567, 11.3317
5709.61, 8.10862, 0.653236, 14.39116, 10.9393
4822.06, 8.193687, 0.702742, 15.31338, 11.4361
6280.67, 7.943394, 0.555787, 13.76746, 13.4534
8628.04, 8.277045, 0.77072, 13.09211, 215.6753
8370.2, 7.568994, 0.400394, 12.16047, 12.0999
4657.29, 7.803361, 0.464805, 14.96675, 15.9086
5897.92, 8.200255, 0.71329, 14.37606, 13.926
6654.28, 8.369377, 0.827788, 14.16596, 14.9038
9915.96, 8.290645, 0.78233, 12.65358, 11.7043
6034.53, 8.280565, 0.766842, 14.40925, 13.9287
19805.41, 7.837839, 0.536481, 10.58137, 13.1628
4951.19, 7.834084, 0.483316, 14.69914, 44.5371
6215.43, 8.361759, 0.82159, 14.41349, 12.5826
19845.06, 8.18918, 0.735668, 11.10494, 11.2252
7120.77, 7.810973, 0.485844, 13.12061, 11.2674
9457.46, 8.287148, 0.779083, 12.80671, 16.5943
10088.73, 8.29525, 0.785693, 12.61215, 10.7242
4862.19, 8.055179, 0.613174, 15.07419, 11.8185
7432.43, 8.315593, 0.793728, 13.68323, 12.3372
4909.36, 7.912319, 0.52696, 14.84167, 14.0338
4869.35, 8.033382, 0.599562, 15.04562, 17.7435
4783.1, 7.784728, 0.467143, 14.80263, 38.4987
12821.64, 7.95667, 0.582668, 11.5373, 21.6282
5452.67, 8.127548, 0.66338, 14.6274, 14.881
10898.02, 7.959448, 0.579353, 11.87421, 10.1467
6859.39, 7.984139, 0.581845, 13.4824, 13.0503
8414.28, 8.412137, 0.859377, 13.41108, 10.9603
5547.08, 8.322856, 0.792751, 14.8393, 10.8958
5120.72, 8.029105, 0.598489, 14.79032, 18.3251
14803.92, 7.946506, 0.58178, 11.27207, 11.4977
5173.68, 7.943421, 0.547293, 14.62556, 11.2288
4863.41, 7.824141, 0.477201, 14.77911, 12.029
5317.96, 8.071793, 0.62676, 14.66633, 13.6802
6249.99, 8.577934, 0.964112, 14.75082, 12.01
5343.67, 8.384673, 0.833185, 15.10691, 10.7642
5090.73, 8.110267, 0.649419, 14.9301, 11.6843
4173.54, 7.957551, 0.550968, 15.63519, 13.4772
16379.7, 8.01971, 0.6271, 11.19292, 18.1973
9960.74, 8.082866, 0.650155, 12.31597, 12.9426
5603.92, 8.014195, 0.593858, 14.34309, 20.6817
11033.98, 7.976914, 0.58981, 11.86515, 12.384
7704.62, 8.074343, 0.638881, 13.19464, 10.1708
4524.6, 7.797721, 0.47167, 15.07099, 14.8219
14225.12, 7.990171, 0.605185, 11.4082, 28.2879
5036.71, 7.917135, 0.530745, 14.72678, 10.3238
5165.29, 7.961472, 0.55787, 14.66278, 20.6957
11084.29, 8.265545, 0.768433, 12.28449, 11.4365
16313.03, 7.865828, 0.541729, 10.97473, 11.6654
5934.05, 8.008295, 0.592403, 14.08419, 13.6635
15845.92, 7.926584, 0.573236, 11.11932, 14.3797
5075.34, 8.39804, 0.841241, 15.38015, 24.0741
7022.41, 8.292025, 0.777266, 13.84525, 12.364
6726.6, 8.183373, 0.705329, 13.83947, 11.046
4892.58, 7.845439, 0.489057, 14.77663, 13.7384
6918.06, 8.125988, 0.669116, 13.65154, 25.2537
11027.35, 8.471529, 0.902523, 12.63897, 11.9252
5631.56, 8.845793, 1.120139, 15.69273, 14.0217
7331.05, 8.398637, 0.848586, 13.85949, 17.7458
4767.5, 8.062924, 0.61769, 15.18699, 12.2932
7353.22, 8.061289, 0.629884, 13.33691, 11.5532
5553.63, 8.311754, 0.785355, 14.8147, 10.2773
5230.35, 7.915154, 0.531488, 14.5346, 16.9254
4908.47, 7.994961, 0.576086, 14.95304, 24.4083
5514.41, 8.442327, 0.872704, 15.05614, 12.2908
4846.87, 8.000733, 0.579292, 15.0203, 12.0252
7271.55, 8.402249, 0.850874, 13.89982, 10.9387
4821.84, 7.968826, 0.559803, 15.00673, 13.2314
13924.13, 7.957382, 0.585765, 11.3987, 10.2874
6607.19, 8.217873, 0.727407, 13.95781, 18.9489
6379.89, 8.009849, 0.595499, 13.79527, 10.6014
5767.18, 8.464992, 0.889015, 14.89353, 12.5255
5844.99, 7.902891, 0.530136, 14.00746, 12.9023
6724.91, 8.191608, 0.710656, 13.85338, 15.557
5047.11, 8.452065, 0.877642, 15.49336, 24.2823
5525.08, 7.385558, 0.313393, 13.54459, 10.8477
4839.7, 7.957378, 0.553033, 14.97162, 13.4052
5683.02, 7.917879, 0.537563, 14.14772, 25.5729
5173.42, 8.087674, 0.635569, 14.82179, 12.6565
8680.38, 8.261413, 0.760596, 13.06182, 10.0704
5297.16, 8.297566, 0.774243, 15.01463, 12.1844
15082.44, 8.719802, 1.059477, 12.51344, 12.2452
6092.8, 7.972392, 0.571842, 13.92723, 10.4136
4634.6, 7.820097, 0.473719, 15.01199, 12.1709
6018.16, 8.098186, 0.648291, 14.15108, 10.6543
4985.87, 7.362613, 0.295546, 14.03376, 17.3882
5406.09, 7.963567, 0.56176, 14.43799, 24.1603
4639.58, 7.832837, 0.480686, 15.01958, 11.7367
5949.21, 8.03454, 0.608436, 14.10826, 20.3504
9729.69, 8.585027, 0.973136, 13.22773, 14.148
5595.66, 8.344807, 0.807782, 14.83297, 13.3276
4328.3, 7.83734, 0.482021, 15.34047, 13.04
6041.16, 8.157843, 0.686387, 14.20856, 58.6994
8082.13, 8.010033, 0.600894, 12.92915, 11.5384
10437.81, 8.25926, 0.763004, 12.44804, 11.2752
5646.25, 7.534824, 0.371653, 13.62019, 37.4698
6794.72, 8.328236, 0.800749, 14.02421, 14.2861
7336.46, 8.073475, 0.637355, 13.36786, 11.3279
5386.3, 7.98384, 0.573596, 14.48525, 10.2928
13068.68, 8.263891, 0.771118, 11.94038, 14.5057
10143.95, 7.956931, 0.575725, 12.07249, 11.301
5524.09, 7.914947, 0.534594, 14.27575, 11.2617
6063.75, 7.870259, 0.513288, 13.79784, 39.8147
4891.13, 8.167777, 0.685832, 15.20794, 16.2791
7559.9, 8.203252, 0.720256, 13.44927, 15.9429
5103.12, 7.976982, 0.566587, 14.73834, 12.0776
7262.78, 8.00543, 0.595738, 13.30458, 10.4007
4710.18, 8.389102, 0.834457, 15.72059, 10.2651
14819.31, 7.955202, 0.586693, 11.28105, 15.1864
6135.85, 8.020589, 0.600915, 13.96506, 10.8199
14521.66, 7.992182, 0.607034, 11.37525, 11.657
5787.8, 8.238697, 0.738038, 14.52086, 11.4902
5955.63, 8.055254, 0.621203, 14.13462, 12.2589
5829.6, 8.510699, 0.919493, 14.92252, 14.4102
14111.58, 7.979847, 0.598991, 11.40731, 10.7608
6943.88, 7.944682, 0.55902, 13.38905, 11.6022
4292.45, 7.7504, 0.448212, 15.24111, 25.6591
5398.71, 7.879663, 0.513423, 14.33617, 12.9104
6281.82, 8.151295, 0.683184, 14.05234, 10.721
5551.25, 8.043599, 0.61146, 14.42445, 11.2999
5558.55, 7.849937, 0.498535, 14.16411, 13.4123
5503.04, 8.164491, 0.687615, 14.63845, 16.2694
5135.8, 8.107079, 0.64767, 14.88382, 10.6257
6887.07, 8.042586, 0.617102, 13.552, 14.8763
8529.16, 8.060952, 0.632924, 12.81555, 11.3339
7082.64, 8.33672, 0.807022, 13.88754, 10.8547
4945.59, 7.922317, 0.533023, 14.82138, 13.3974
5112.61, 8.054512, 0.614226, 14.83255, 13.5015
4965.38, 8.111718, 0.64964, 15.05264, 11.9764
4537.35, 7.793021, 0.469467, 15.05162, 11.0223
5388.62, 8.189703, 0.703057, 14.77243, 10.5365
8677.16, 8.491376, 0.91182, 13.44384, 10.4268
7737.87, 8.440765, 0.877154, 13.74571, 10.8339
5452.37, 8.055604, 0.618034, 14.52653, 16.6893
6641.1, 8.080408, 0.639667, 13.7407, 15.3436
18172.11, 8.550072, 0.961448, 11.86477, 12.6178
5186.72, 8.061538, 0.619191, 14.77296, 14.3964
8434.37, 7.948697, 0.565955, 12.69373, 11.1059
7446.89, 8.131558, 0.674014, 13.40276, 20.6652
7721.63, 7.990299, 0.588094, 13.06658, 10.144
4349.94, 7.971275, 0.559667, 15.48347, 15.4039
5482.64, 8.14754, 0.676487, 14.62969, 10.217
5828.17, 8.238789, 0.738297, 14.48916, 20.1835
6628.91, 8.363864, 0.824058, 14.1714, 16.873
8147.92, 7.616567, 0.416116, 12.31717, 14.1271
4973.67, 7.943971, 0.545923, 14.82122, 14.976
8402.45, 8.528179, 0.935333, 13.61453, 10.1365
14294.02, 8.244257, 0.760696, 11.77972, 13.9947
5661.06, 8.163856, 0.688334, 14.50804, 11.0293
6667.68, 8.196395, 0.713596, 13.89149, 10.0131
7775.26, 7.989956, 0.588052, 13.03817, 12.8839
6748.64, 8.037972, 0.613865, 13.61714, 35.4145
4709.54, 8.038553, 0.602153, 15.21171, 14.0355
9217.2, 8.441033, 0.879668, 13.14922, 19.3625
5417.43, 7.410098, 0.319727, 13.77332, 10.8453
4723.82, 8.201508, 0.707691, 15.42339, 11.6018
4893.37, 7.902253, 0.521045, 14.84747, 14.7353
5687.93, 8.136141, 0.670644, 14.44717, 13.0421
27468.21, 8.0318, 0.657997, 10.2132, 17.165
4907.0, 7.885644, 0.511652, 14.8131, 12.3569
25714.24, 7.982158, 0.626825, 10.28569, 10.5697
5452.67, 8.010726, 0.590495, 14.46324, 15.5916
4423.08, 7.784131, 0.464398, 15.15761, 13.5564
14706.65, 8.802651, 1.104537, 12.70415, 12.0277
9057.53, 7.921426, 0.552249, 12.40655, 10.8769
5457.24, 8.126476, 0.662737, 14.61999, 18.5138
10165.84, 8.422512, 0.869153, 12.79277, 14.9504
12380.13, 8.523852, 0.938175, 12.46174, 10.3326
4590.86, 7.854604, 0.492511, 15.09826, 27.4423
4998.68, 7.933484, 0.539951, 14.78197, 17.2168
5689.62, 8.150454, 0.679854, 14.46641, 14.5651
6546.42, 7.957914, 0.565351, 13.62602, 10.2909
6308.4, 8.282738, 0.769229, 14.23232, 13.1421
5026.15, 8.029987, 0.598347, 14.88275, 11.2874
4966.78, 8.494022, 0.905635, 15.63964, 12.1861
5201.08, 7.864139, 0.502352, 14.49743, 15.426
13357.87, 8.424805, 0.875692, 12.16252, 18.6998
5516.03, 8.184714, 0.700872, 14.6553, 12.0022
13602.03, 8.078493, 0.655956, 11.61001, 38.195
8349.24, 7.960216, 0.572359, 12.74386, 13.7522
14170.77, 7.938968, 0.57603, 11.34471, 10.7993
6786.92, 8.006703, 0.595069, 13.5589, 11.1269
8394.97, 7.974939, 0.581073, 12.75141, 10.5007
6863.98, 8.129928, 0.671465, 13.68923, 11.0106
6591.53, 8.873587, 1.135751, 15.10038, 11.7972
6949.29, 8.117098, 0.663579, 13.63402, 26.5663
7262.01, 7.581634, 0.400151, 12.68068, 10.1109
14300.49, 8.877942, 1.142786, 12.87162, 10.8236
4526.72, 8.443621, 0.871148, 15.98301, 10.4134
7494.94, 8.461751, 0.890592, 13.8889, 11.6422
5951.13, 8.019888, 0.599516, 14.08986, 14.8364
5852.84, 8.121468, 0.662217, 14.29779, 26.9447
5408.7, 8.087977, 0.637829, 14.60754, 11.9521
5086.72, 7.988746, 0.573545, 14.76923, 10.3718
5304.35, 8.318533, 0.788403, 15.04178, 11.9182
5244.98, 7.933769, 0.542421, 14.54743, 11.9804
5974.13, 8.006605, 0.591608, 14.04104, 48.8343
7608.92, 8.18351, 0.707604, 13.39682, 12.5321
5448.55, 8.089164, 0.638974, 14.57746, 13.8552
4949.14, 7.866222, 0.501042, 14.74627, 15.3983
6249.61, 8.173416, 0.697303, 14.11035, 11.4677
6414.03, 8.299677, 0.780794, 14.19607, 12.1311
17924.47, 7.89651, 0.561958, 10.84811, 11.636
5499.01, 8.325117, 0.793941, 14.8805, 21.4235
5276.96, 7.369672, 0.302739, 13.74784, 18.9525
6319.02, 8.231153, 0.735194, 14.14904, 19.4012
7321.93, 8.344089, 0.812392, 13.78056, 10.4832
8400.14, 8.44229, 0.879219, 13.46451, 13.1011
5548.28, 8.063807, 0.623958, 14.45667, 10.5211
6867.38, 7.962349, 0.569046, 13.45387, 10.2637
14176.3, 8.674393, 1.032444, 12.50794, 10.32
5233.85, 7.483389, 0.344079, 13.92845, 22.8352
12852.31, 7.979285, 0.595677, 11.56069, 18.0055
10282.58, 7.815521, 0.498746, 11.82981, 10.2184
5124.75, 8.024003, 0.595372, 14.78023, 20.9091
4302.03, 7.926333, 0.532709, 15.47409, 17.8278
17537.57, 8.974874, 1.189438, 12.76368, 23.2407
6328.67, 8.020576, 0.601765, 13.82773, 35.3079
5332.26, 8.018895, 0.594181, 14.56847, 35.269
5071.71, 8.121274, 0.656382, 14.9658, 13.6466
6803.6, 8.346938, 0.8132, 14.04616, 22.2231
5994.86, 8.218135, 0.725416, 14.33756, 26.7125
4716.21, 7.436692, 0.319566, 14.4109, 11.3945
6992.26, 8.119823, 0.665417, 13.60398, 17.3434
5442.95, 7.976086, 0.569571, 14.42609, 11.9007
5127.46, 8.049274, 0.611064, 14.80108, 44.3526
8238.27, 7.991381, 0.590277, 12.83615, 11.2726
8308.01, 8.013353, 0.603536, 12.83957, 11.2256
10171.63, 8.562058, 0.959261, 13.0462, 10.1606
5274.37, 8.10499, 0.647354, 14.75165, 10.3677
26722.42, 8.841812, 1.132483, 11.68892, 11.0557
7774.5, 8.141552, 0.681152, 13.25914, 10.6915
7084.82, 7.988294, 0.585002, 13.37035, 18.8817
5744.57, 8.2891, 0.7713, 14.63038, 10.2668
6683.7, 8.077007, 0.63769, 13.70735, 11.5666
14256.53, 7.820207, 0.512797, 11.165, 11.95
8994.07, 8.465907, 0.895638, 13.2775, 13.2823
6135.72, 7.966279, 0.568461, 13.89118, 16.1868
5656.52, 7.99735, 0.584061, 14.27463, 28.9893
16441.14, 8.106011, 0.678473, 11.31467, 10.5579
13263.89, 7.344288, 0.352632, 10.5202, 10.317
6846.64, 7.996779, 0.589319, 13.51203, 10.6799
6352.85, 8.293564, 0.776554, 14.22165, 12.8567
7001.83, 8.098355, 0.651937, 13.58273, 24.1507
5363.81, 7.326269, 0.290226, 13.62655, 14.0869
11286.12, 7.587628, 0.418097, 11.20568, 11.224
9894.15, 8.308751, 0.794119, 12.68412, 38.0953
7910.8, 8.047215, 0.622817, 13.04686, 38.1489
4929.22, 8.005878, 0.582879, 14.9478, 12.627
5079.07, 7.823793, 0.478975, 14.56194, 12.4855
7202.6, 8.385416, 0.839583, 13.90487, 13.9216
5447.44, 8.023182, 0.598027, 14.48484, 15.4762
16731.75, 8.192804, 0.732526, 11.41944, 13.4403
4887.1, 8.007033, 0.583356, 14.99154, 11.1907
8324.97, 7.92949, 0.554626, 12.71339, 10.2219
10058.83, 8.325889, 0.805665, 12.67105, 11.6422
4697.4, 8.110776, 0.64806, 15.32103, 12.4361
9192.28, 7.727908, 0.459693, 12.08977, 11.3327
4066.36, 7.90707, 0.520907, 15.67564, 14.9681
6789.7, 7.934829, 0.552831, 13.45315, 34.2955
11932.51, 8.027638, 0.621829, 11.75292, 16.0004
6794.98, 8.080273, 0.640061, 13.64872, 20.2269
4570.0, 7.168566, 0.23528, 14.23571, 11.6824
9281.52, 7.951979, 0.570332, 12.36336, 13.2811
5081.89, 7.909285, 0.526609, 14.6693, 14.3641
8081.42, 8.02924, 0.612414, 12.95829, 13.1599
8136.38, 8.232064, 0.740256, 13.23762, 10.5949
5066.05, 7.9538, 0.552457, 14.74284, 22.4834
4449.47, 7.656774, 0.408014, 14.95765, 15.9428
5448.19, 7.95126, 0.55495, 14.38658, 17.6836
11378.37, 8.639058, 1.008358, 12.86488, 10.7386
7741.81, 8.014494, 0.602563, 13.0897, 17.1077
5300.9, 8.102756, 0.646154, 14.72644, 12.0733
6884.96, 8.634922, 1.000796, 14.48975, 10.4919
7138.1, 7.927057, 0.549517, 13.25788, 17.2633
5522.51, 8.336808, 0.801947, 14.8814, 12.8679
5091.97, 8.041598, 0.606018, 14.83466, 30.4877
14216.85, 7.920134, 0.565708, 11.30922, 10.6716
7222.18, 7.935728, 0.554748, 13.23078, 12.9556
6482.76, 8.369506, 0.827473, 14.2568, 36.3014
6213.68, 8.248139, 0.746009, 14.23995, 14.4398
5521.12, 8.163783, 0.687302, 14.62086, 12.118
7054.84, 8.357696, 0.82089, 13.93488, 13.7487
4838.29, 7.842736, 0.487185, 14.8301, 12.2974
4703.81, 7.968254, 0.55894, 15.12326, 10.2087
5102.57, 8.171926, 0.68952, 15.00927, 10.2653
5190.65, 8.556162, 0.947099, 15.53413, 14.9573
5537.9, 8.133456, 0.667889, 14.56364, 11.2125
6175.63, 8.020833, 0.601253, 13.93984, 11.1611
11758.86, 7.982741, 0.595075, 11.73331, 10.0873
8344.79, 8.027757, 0.612278, 12.83955, 21.2232
6016.16, 7.898303, 0.528638, 13.88202, 10.6364
4622.08, 8.506257, 0.913338, 15.99457, 11.1302
4739.39, 7.842894, 0.486692, 14.93242, 10.0273
10488.79, 7.989799, 0.595785, 12.0182, 22.1752
17462.67, 8.649387, 1.020812, 12.11594, 13.4896
5626.56, 8.467158, 0.889827, 15.00722, 10.2989
9456.17, 8.050018, 0.628784, 12.44461, 13.9036
8265.71, 8.005488, 0.598723, 12.84326, 21.2955
6872.46, 8.016079, 0.600974, 13.52353, 11.4586
7329.32, 7.53928, 0.385544, 12.59468, 13.3772
4878.84, 8.131912, 0.662335, 15.16834, 12.7828
6652.47, 8.046159, 0.618558, 13.68211, 25.3442
5491.22, 8.163834, 0.68709, 14.64512, 16.2659
6118.89, 8.349021, 0.812788, 14.45737, 10.2356
10801.75, 8.663828, 1.022594, 13.04831, 15.6982
4161.09, 7.934303, 0.537078, 15.61902, 22.0887
7891.5, 7.861491, 0.515416, 12.81061, 19.9831
4357.92, 7.891175, 0.512418, 15.37478, 10.2177
4823.54, 7.972352, 0.561935, 15.00998, 16.8275
9102.72, 8.313939, 0.795904, 12.97899, 14.4456
6500.66, 8.118512, 0.663101, 13.87437, 14.9455
15509.96, 8.153287, 0.705651, 11.49418, 22.9155
32562.97, 8.918468, 1.167894, 11.42836, 11.098
4639.1, 8.094672, 0.637519, 15.35799, 13.3799
6469.24, 8.19772, 0.713836, 14.01064, 10.8081
7833.95, 8.237368, 0.743062, 13.37789, 12.486
4608.22, 7.721371, 0.436453, 14.88429, 16.0931
5432.2, 9.167124, 1.25938, 16.52025, 15.5907
6103.93, 8.285838, 0.770596, 14.37019, 14.7769
7480.44, 8.266528, 0.761436, 13.58215, 11.1787
9234.94, 8.697693, 1.041136, 13.60836, 11.6587
14513.77, 8.88737, 1.14753, 12.87944, 12.7699
6085.08, 8.421203, 0.860897, 14.59589, 13.6127
5243.48, 8.015344, 0.591093, 14.65655, 13.0553
4403.62, 7.872583, 0.501952, 15.30902, 18.2877
4892.91, 8.003137, 0.580997, 14.97587, 10.0534
4789.85, 7.770383, 0.460439, 14.76212, 14.8682
6245.45, 8.08664, 0.642087, 13.98697, 10.5371
6467.19, 8.091728, 0.646127, 13.86119, 10.5496
7557.2, 8.467546, 0.894507, 13.87206, 14.1975
8764.89, 8.005015, 0.599878, 12.6414, 11.0427
6070.68, 8.307508, 0.784913, 14.424, 15.1528
5431.08, 7.752563, 0.458715, 14.11699, 10.9344
5720.2, 8.315565, 0.788864, 14.68984, 24.4241
5737.03, 7.999956, 0.586194, 14.21756, 29.2462
7333.73, 8.394416, 0.845792, 13.85488, 17.0004
4868.35, 7.85685, 0.495196, 14.81672, 10.9224
12702.02, 7.959203, 0.583816, 11.55228, 10.5403
3973.02, 7.531968, 0.354334, 15.27481, 13.5678
4913.08, 7.805624, 0.467633, 14.70699, 10.6382
4883.9, 7.559202, 0.370399, 14.37974, 10.6933
4486.59, 7.91055, 0.524007, 15.27154, 15.5903
21652.35, 8.886172, 1.151203, 12.20387, 25.1861
5544.96, 8.073191, 0.629787, 14.46789, 10.9455
20512.02, 7.785693, 0.512887, 10.43308, 10.3437
4590.21, 7.719693, 0.435529, 14.90495, 11.2271
5876.77, 7.977731, 0.573767, 14.0853, 15.2399
7344.17, 8.547099, 0.946076, 14.10748, 12.9921
5970.66, 8.043314, 0.613928, 14.10727, 10.6086
10684.78, 8.560477, 0.958982, 12.89155, 14.9643
9031.99, 8.272946, 0.768888, 12.94472, 11.8454
13441.9, 8.485299, 0.914837, 12.2414, 34.0227
6112.18, 8.160318, 0.68829, 14.17678, 10.4314
5958.92, 8.400271, 0.846535, 14.6478, 15.6728
4186.75, 7.647089, 0.402931, 15.21294, 11.0975
7673.47, 7.471887, 0.363536, 12.31551, 10.8705
15658.35, 7.940425, 0.580434, 11.16796, 27.7297
15884.69, 7.970825, 0.597997, 11.17726, 13.2564
7180.04, 7.990158, 0.586395, 13.3275, 11.2829
4643.21, 8.184127, 0.695945, 15.47577, 11.2524
6927.81, 7.570781, 0.394865, 12.84396, 18.5117
4778.8, 8.003945, 0.580958, 15.09312, 11.9205
4792.12, 8.268897, 0.753058, 15.45258, 16.5819
4727.66, 7.999919, 0.578282, 15.1423, 15.2173
13580.22, 7.888462, 0.546803, 11.35165, 10.5877
7116.19, 7.951917, 0.563757, 13.30565, 14.1544
4770.99, 8.03684, 0.601306, 15.14841, 14.6241
4765.93, 8.106797, 0.645701, 15.24834, 11.5155
6200.02, 7.914672, 0.538906, 13.78139, 11.4008
7035.45, 8.117306, 0.663944, 13.58261, 11.5396
7135.96, 8.405272, 0.852634, 13.97113, 10.063
14954.32, 8.249249, 0.765039, 11.70903, 10.3658
5112.7, 8.165772, 0.685543, 14.98939, 12.1543
4772.72, 8.063887, 0.618318, 15.18078, 14.7952
8807.6, 7.560726, 0.399238, 11.95065, 11.5611
10210.57, 8.065579, 0.640258, 12.21134, 14.304
6391.28, 8.412022, 0.855586, 14.38794, 11.7803
6811.42, 8.153232, 0.686173, 13.75225, 11.0251
10487.47, 8.012346, 0.609053, 12.05011, 15.0258
6087.46, 8.304076, 0.782682, 14.40894, 13.3067
6225.58, 8.070069, 0.631683, 13.97654, 13.5409
4722.68, 7.934212, 0.538731, 15.06316, 16.7062
5344.22, 8.176586, 0.694119, 14.7936, 16.1029
6139.6, 8.09495, 0.646832, 14.06997, 16.1576
14484.35, 8.595088, 0.985036, 12.34421, 10.2178
5800.62, 8.359497, 0.818645, 14.69767, 13.1417
5912.57, 8.079616, 0.636119, 14.19647, 22.8494
4084.69, 7.931071, 0.535012, 15.68775, 19.7592
5090.42, 8.100231, 0.64299, 14.91702, 10.4395
5771.79, 8.105209, 0.651454, 14.33868, 10.8978
6777.81, 8.03013, 0.609183, 13.59585, 10.882
5223.18, 8.136457, 0.667167, 14.83995, 10.3911
6656.72, 7.97604, 0.57639, 13.58899, 10.309
7067.78, 8.15476, 0.687837, 13.61783, 15.8136
6716.76, 8.132051, 0.672389, 13.77332, 16.0198
16257.36, 7.896345, 0.55779, 11.03772, 10.7503
11779.77, 8.331113, 0.812365, 12.23665, 16.0174
4985.29, 8.063526, 0.619045, 14.97063, 10.8277
13933.81, 7.959352, 0.586902, 11.40353, 14.0872
6230.97, 8.236616, 0.738477, 14.20952, 10.1814
8553.84, 7.939852, 0.561231, 12.63316, 10.1163
16534.63, 8.453906, 0.898766, 11.86669, 13.9729
5148.05, 7.916219, 0.531216, 14.61222, 10.1697
4439.79, 7.892026, 0.513154, 15.29521, 11.7846
7173.55, 8.01084, 0.598718, 13.35626, 22.1182
6221.54, 8.107856, 0.65531, 14.02912, 11.556
5739.29, 8.170383, 0.693031, 14.45551, 11.3012
6181.39, 8.094576, 0.646784, 14.03992, 11.6092
7015.1, 8.323305, 0.797975, 13.90132, 11.4151
8396.77, 7.902218, 0.539462, 12.64482, 15.8336
6955.78, 8.390684, 0.842607, 14.0391, 13.3175
6329.52, 8.125738, 0.667055, 13.98463, 26.9353
7623.82, 8.030288, 0.611731, 13.16817, 13.1398
9795.36, 7.962574, 0.577945, 12.20247, 10.8134
4884.85, 7.94722, 0.547243, 14.91548, 12.5817
7851.59, 8.639164, 1.004475, 14.04113, 15.037
5482.65, 8.06274, 0.622753, 14.5096, 11.6864
5997.57, 7.505181, 0.36519, 13.33894, 11.8839
4355.19, 7.847835, 0.487915, 15.32661, 16.9991
8999.28, 8.671718, 1.025456, 13.6473, 12.6907
5442.69, 8.007458, 0.588414, 14.4688, 17.4993
9408.59, 7.99496, 0.595737, 12.3761, 25.5985
7779.76, 8.479653, 0.902813, 13.79195, 10.2159
6980.17, 8.353588, 0.818007, 13.9671, 10.182
4990.44, 7.873937, 0.505718, 14.71415, 13.6707
4898.44, 7.739567, 0.446929, 14.60783, 10.4642
4740.68, 7.997256, 0.5767, 15.12139, 11.1948
7147.63, 8.344874, 0.812567, 13.86761, 11.5258
8909.31, 7.999485, 0.597006, 12.56992, 10.9252
4970.65, 7.975927, 0.564947, 14.86675, 22.8189
6459.87, 8.318832, 0.793657, 14.1985, 11.0435
9282.89, 8.385733, 0.843449, 13.03148, 30.5648
6366.93, 8.085508, 0.641862, 13.91004, 10.218
5203.98, 7.939092, 0.545068, 14.59199, 13.8481
7859.42, 8.020546, 0.606538, 13.04576, 10.3345
6580.48, 7.849174, 0.504232, 13.46145, 12.1539
15987.07, 7.95903, 0.591589, 11.14892, 11.5156
5311.05, 8.14939, 0.67617, 14.78323, 11.4013
11911.83, 8.366723, 0.835773, 12.27247, 10.34
4236.06, 7.782302, 0.462399, 15.32953, 43.4807
7447.9, 8.347124, 0.814646, 13.72614, 11.6086
7112.23, 8.387871, 0.841042, 13.95511, 11.08
4944.31, 7.870926, 0.503636, 14.7571, 10.2991
5172.01, 7.96228, 0.558413, 14.65109, 13.4149
8031.4, 8.353911, 0.820246, 13.4737, 13.9731
7370.95, 7.523582, 0.380216, 12.54788, 15.3898
9834.18, 7.935448, 0.56252, 12.15239, 13.6921
6703.81, 8.330818, 0.802247, 14.07942, 12.395
6597.69, 8.119919, 0.664322, 13.82112, 13.3836
11114.66, 8.25654, 0.762668, 12.26583, 11.5116
9196.31, 7.614263, 0.419325, 11.87525, 20.2339
5831.04, 8.237201, 0.737262, 14.48958, 12.416
17710.77, 8.060089, 0.653511, 11.11216, 14.3928
4773.47, 7.894526, 0.515902, 14.95882, 10.3965
12243.56, 8.386635, 0.849275, 12.24956, 11.3773
5613.99, 8.116797, 0.6578, 14.47563, 22.0519
9265.5, 8.379368, 0.839232, 13.0332, 10.1413
6828.13, 7.933157, 0.551999, 13.43394, 10.298
5071.76, 7.774088, 0.464485, 14.4794, 12.1879
6410.46, 8.043467, 0.616034, 13.82493, 10.3511
5746.2, 8.214253, 0.721714, 14.51429, 10.1445
5688.72, 8.308613, 0.784056, 14.7037, 10.0029
8395.22, 8.094953, 0.653496, 12.9235, 11.9838
8160.35, 7.844755, 0.507249, 12.66602, 10.6936
8813.71, 8.105149, 0.660947, 12.76678, 15.9915
6085.67, 8.017616, 0.598862, 13.99219, 15.132
5202.98, 8.114758, 0.653057, 14.83107, 14.5176
4980.91, 7.325522, 0.283769, 13.99193, 10.2246
7076.41, 8.285482, 0.773063, 13.81128, 10.3435
6440.29, 8.352891, 0.816293, 14.26242, 11.8551
5783.28, 7.8376, 0.493621, 13.96559, 14.9663
4772.58, 7.821928, 0.475411, 14.87134, 10.6256
6325.04, 9.188283, 1.266739, 15.9082, 10.503
7343.69, 8.390879, 0.843465, 13.84293, 14.8039
4641.53, 7.878645, 0.506237, 15.07413, 12.9623
7570.27, 8.487381, 0.907559, 13.89804, 13.4477
8028.55, 8.275406, 0.768413, 13.34772, 14.2623
15029.88, 8.153263, 0.70471, 11.54825, 29.6714
5053.84, 7.911244, 0.527491, 14.70015, 10.0377
6995.05, 7.901037, 0.534315, 13.30196, 10.6029
7852.82, 7.568394, 0.398021, 12.38442, 11.1285
13549.13, 8.217472, 0.742277, 11.82477, 12.1447
6125.15, 8.121864, 0.663756, 14.11262, 10.3362
9133.33, 7.98472, 0.588936, 12.46975, 10.3114
12361.24, 8.688964, 1.039195, 12.75975, 10.0252
5181.76, 8.166226, 0.686251, 14.92557, 13.5017
4878.43, 7.915306, 0.528485, 14.87935, 13.3886
13124.07, 8.081093, 0.656516, 11.67511, 11.4858
3926.6, 7.744082, 0.444183, 15.58008, 13.777
7646.72, 8.272233, 0.765533, 13.52274, 10.9117
4951.45, 7.884702, 0.511462, 14.76439, 14.0174
6584.45, 8.285727, 0.772009, 14.07317, 14.2634
16500.22, 7.947386, 0.586248, 11.07528, 20.5233
5643.43, 7.653961, 0.418614, 13.79821, 12.0118
6926.11, 7.924728, 0.547498, 13.37151, 11.1518
15998.06, 9.23906, 1.284448, 13.47338, 13.7019
6238.85, 8.17716, 0.699682, 14.10558, 89.5064
9685.92, 8.288121, 0.780202, 12.72952, 11.3304
5519.4, 8.657914, 1.012273, 15.42419, 14.123
9268.56, 8.271944, 0.768744, 12.85397, 14.1018
7720.27, 8.011228, 0.600544, 13.09479, 10.5061
5433.31, 8.108299, 0.650926, 14.6155, 11.1567
10709.09, 8.238899, 0.750418, 12.33997, 10.9849
6887.67, 8.328083, 0.800862, 13.95221, 51.6508
9819.9, 7.942037, 0.566227, 12.15488, 17.351
10631.32, 8.187565, 0.717329, 12.28313, 11.8681
5747.81, 8.085344, 0.638792, 14.32853, 14.7315
5527.07, 7.512473, 0.360783, 13.70236, 10.8178
6602.89, 7.920568, 0.544008, 13.54467, 10.6839
13622.76, 8.092394, 0.664431, 11.64064, 13.7792
5174.12, 7.870252, 0.505433, 14.52994, 10.5448
8766.34, 7.841424, 0.507401, 12.41546, 11.1634
3765.28, 7.260293, 0.256654, 15.1638, 11.7956
7583.69, 8.480986, 0.903384, 13.88364, 11.3232
5865.94, 8.237982, 0.73794, 14.46173, 16.9107
7966.35, 8.042482, 0.620097, 13.0297, 10.3928
5704.86, 8.038481, 0.609411, 14.29621, 11.48
7195.68, 7.893063, 0.530519, 13.18673, 10.3492
7750.94, 8.45312, 0.885321, 13.76, 18.7727
4389.44, 8.172518, 0.687698, 15.70982, 11.9901
7424.12, 8.221048, 0.731525, 13.54187, 12.0434
8431.56, 8.292491, 0.780466, 13.20829, 15.4384
6433.29, 8.266936, 0.759144, 14.13323, 17.0882
4347.63, 7.261262, 0.259823, 14.58847, 10.4237
8088.51, 8.767625, 1.080246, 14.18229, 11.5115
6611.3, 8.074819, 0.636095, 13.7511, 12.2181
5668.97, 8.0385, 0.609176, 14.32397, 11.116
14702.41, 9.09181, 1.235665, 13.27008, 10.6334
4356.07, 7.844645, 0.486146, 15.32597, 10.1529
8703.67, 8.366667, 0.829875, 13.21974, 15.3382
17054.59, 8.04953, 0.645949, 11.16433, 10.914
10385.79, 8.767064, 1.081779, 13.37421, 10.2305
4854.3, 7.938405, 0.541853, 14.93369, 15.3183
10780.23, 8.05748, 0.636844, 12.03581, 17.7316
6653.31, 7.531689, 0.379412, 12.94371, 10.1517
5735.2, 8.214263, 0.721661, 14.52524, 10.6419
7263.64, 8.035195, 0.613684, 13.35029, 10.5744
8725.66, 8.381428, 0.839651, 13.23711, 11.2088
5876.06, 8.235534, 0.73637, 14.45124, 13.9878
6158.68, 7.983601, 0.578819, 13.8991, 11.2848
7033.68, 7.982976, 0.581698, 13.37959, 40.2654
6134.63, 8.019947, 0.60052, 13.95134, 40.3403
6369.48, 8.078513, 0.637511, 13.88671, 60.5581
13953.57, 7.997809, 0.608962, 11.46528, 14.8836
8021.17, 8.225429, 0.735682, 13.27769, 10.3038
5785.48, 8.644524, 1.004805, 15.19279, 11.9583
4882.66, 8.090625, 0.63574, 15.10442, 11.0903
4901.39, 7.927092, 0.535499, 14.87087, 17.8316
14422.66, 7.949415, 0.582488, 11.32478, 11.4594
22434.45, 9.418433, 1.339123, 13.28864, 11.6235
7915.4, 8.303553, 0.786731, 13.44682, 10.0394
5595.26, 8.087852, 0.639351, 14.45245, 11.7158
4502.46, 7.973945, 0.561698, 15.33739, 12.784
4373.05, 7.78535, 0.46457, 15.21187, 10.4652
6785.65, 9.097446, 1.235258, 15.4486, 12.0931
11501.38, 8.912216, 1.157706, 13.37395, 11.682
6041.4, 7.220199, 0.272703, 12.90964, 11.0221
7027.17, 8.049018, 0.621444, 13.48878, 10.2791
9723.16, 7.995599, 0.597003, 12.26345, 23.5252
6956.43, 8.346561, 0.813288, 13.96767, 24.5281
5777.62, 8.212796, 0.720923, 14.48972, 12.0854
5620.88, 8.012335, 0.592854, 14.32686, 10.9285
6287.56, 8.261064, 0.754804, 14.19939, 42.2271
6052.34, 8.034334, 0.608858, 14.03862, 21.1314
5459.68, 8.135021, 0.668232, 14.63103, 23.4114
8345.5, 8.080713, 0.644552, 12.92124, 15.4997
7587.42, 8.403635, 0.852352, 13.7517, 12.0605
7199.16, 8.316721, 0.794003, 13.79796, 17.84
6332.35, 8.240895, 0.741645, 14.15498, 12.5223
78811.02, 7.476006, 0.573581, 7.59949, 13.0389
4789.96, 8.45681, 0.880396, 15.75075, 11.4289
4434.18, 7.710794, 0.4311, 15.0475, 18.3136
4818.82, 7.901506, 0.520154, 14.92265, 15.9257
6134.56, 7.96899, 0.570051, 13.89586, 10.6949
5762.93, 7.678798, 0.429575, 13.77334, 12.7165
5986.05, 7.395606, 0.325335, 13.18761, 14.4254
9051.75, 8.514164, 0.927164, 13.34146, 10.3388
6794.09, 8.207231, 0.720997, 13.84159, 11.5495
7123.21, 8.01476, 0.600926, 13.39087, 11.4105
7181.76, 8.304053, 0.785577, 13.79141, 13.3457
5345.34, 8.186363, 0.700526, 14.80599, 11.0358
5176.15, 8.070905, 0.624992, 14.79437, 14.4254
3848.66, 7.631752, 0.395473, 15.5082, 13.3501
7178.21, 8.410173, 0.85596, 13.95887, 10.8946
4202.6, 8.102587, 0.641618, 15.79571, 11.3534
7302.84, 8.146465, 0.683131, 13.4913, 10.2922
6308.72, 7.937665, 0.552602, 13.74208, 10.1485
5738.58, 8.187416, 0.704103, 14.48302, 13.9412
5709.04, 8.147411, 0.678013, 14.44473, 14.5902
5994.43, 8.346076, 0.810415, 14.5371, 10.1852
5387.98, 8.134098, 0.666965, 14.68881, 23.1774
4843.38, 7.430014, 0.318145, 14.28468, 16.5833
4270.01, 7.627838, 0.395211, 15.10478, 11.513
4878.31, 7.92271, 0.532791, 14.88826, 15.6637
5951.96, 8.015129, 0.596635, 14.07921, 23.1113
6302.44, 8.205685, 0.718459, 14.12251, 14.7171
4508.54, 7.790742, 0.468076, 15.07894, 15.021
7258.23, 8.008303, 0.597444, 13.3115, 15.5074
4293.31, 7.797302, 0.460167, 15.31445, 64.8179
5864.78, 7.97928, 0.574616, 14.09458, 16.7563
6589.0, 8.178935, 0.702045, 13.91315, 13.62
7235.77, 8.407332, 0.85418, 13.91695, 29.2349
4051.08, 7.589709, 0.378572, 15.27213, 11.994
6439.03, 8.001513, 0.590732, 13.74842, 13.5224
4810.5, 7.819352, 0.474247, 14.83011, 11.6019
4766.15, 7.9781, 0.565143, 15.07199, 11.8161
4874.23, 8.271002, 0.754671, 15.37792, 11.0868
5365.71, 8.260895, 0.750036, 14.89829, 21.3598
5476.53, 8.044734, 0.611538, 14.48757, 15.0956
4844.03, 7.873287, 0.504235, 14.86127, 16.7622
4877.85, 7.894468, 0.516476, 14.85349, 21.7905
8040.94, 8.401122, 0.851484, 13.54961, 10.8254
9360.83, 8.586566, 0.973663, 13.35739, 17.6666
11086.55, 8.402482, 0.857676, 12.51225, 10.9534
8409.09, 8.194984, 0.716843, 13.06369, 11.2521
8352.61, 8.293045, 0.780674, 13.24258, 10.3327
6257.53, 7.966401, 0.569114, 13.81065, 14.723
10848.49, 8.114659, 0.672019, 12.11249, 10.5404
5442.15, 7.978526, 0.571016, 14.42734, 11.1141
6055.61, 8.263577, 0.755641, 14.36735, 13.7312
4116.12, 8.311797, 0.781095, 16.16429, 13.4009
3976.92, 7.714476, 0.4309, 15.50064, 10.8122
4811.44, 7.952593, 0.550035, 14.99813, 21.4077
5791.23, 7.9221, 0.540736, 14.07421, 28.5361
5038.56, 7.946081, 0.547672, 14.75972, 18.4449
10916.48, 8.786518, 1.092886, 13.25637, 11.7076
5466.82, 7.815912, 0.479355, 14.19968, 14.2855
13215.54, 8.083294, 0.658044, 11.66875, 19.2275
8498.58, 8.275619, 0.769517, 13.15736, 14.4812
5537.73, 7.728715, 0.448873, 13.99487, 19.0493
10891.24, 7.937508, 0.566824, 11.84303, 14.5411
15535.66, 7.572621, 0.427634, 10.59574, 14.9918
5009.02, 7.554501, 0.369786, 14.2438, 11.8095
14013.85, 8.409905, 0.867009, 12.07363, 12.1184
6284.38, 8.079062, 0.637518, 13.94882, 18.5009
5335.43, 7.865683, 0.504916, 14.37669, 12.5508
12929.36, 7.961432, 0.585639, 11.53039, 11.0555
4639.03, 7.880017, 0.507005, 15.07833, 23.3968
10185.96, 8.338431, 0.814128, 12.65293, 10.154
5368.82, 8.244157, 0.738893, 14.87152, 19.6504
4938.67, 7.895463, 0.517484, 14.77646, 56.1226
5892.03, 8.019165, 0.598749, 14.12996, 15.6985
11065.67, 8.025262, 0.61828, 11.92111, 13.6691
10479.81, 8.239437, 0.750266, 12.40469, 12.4793
8849.44, 7.966195, 0.577302, 12.54947, 10.2578
5640.98, 8.690737, 1.032574, 15.38842, 10.1302
5834.91, 8.380388, 0.832777, 14.70469, 11.1605
9950.72, 7.959485, 0.576621, 12.13504, 20.2591
5701.23, 8.204332, 0.714954, 14.53614, 16.6849
5140.84, 8.559977, 0.949484, 15.57447, 42.7197
18476.34, 8.551941, 0.962938, 11.8342, 12.0844
4793.08, 8.438165, 0.867825, 15.71581, 10.2708
7204.91, 8.341614, 0.81052, 13.83345, 13.5199
10605.04, 8.010324, 0.608181, 12.01479, 13.1409
6685.85, 8.469516, 0.894358, 14.3095, 10.5595
4661.1, 8.024901, 0.593473, 15.24163, 15.8916
4963.56, 8.151589, 0.675499, 15.11513, 11.204
5710.7, 8.194864, 0.708809, 14.51367, 14.0384
5657.26, 8.28494, 0.768072, 14.68791, 12.2104
10945.8, 8.256557, 0.762328, 12.3073, 11.9342
5523.16, 7.789544, 0.475535, 14.09584, 10.2624
4811.31, 7.936305, 0.540383, 14.97253, 10.1469
7577.39, 8.489621, 0.909039, 13.89926, 10.8958
7143.34, 8.067846, 0.63335, 13.45235, 12.2203
4187.9, 7.637039, 0.398742, 15.20462, 14.6348
12551.54, 8.398989, 0.857779, 12.2197, 17.8357
6734.96, 8.057938, 0.626057, 13.65582, 11.0861
10866.01, 7.846272, 0.516712, 11.7232, 13.6231
4625.36, 7.737034, 0.443625, 14.88735, 13.1437
8211.6, 7.92616, 0.552385, 12.7564, 13.834
11759.0, 8.249401, 0.759374, 12.11414, 10.5375
6446.18, 8.376103, 0.831782, 14.29437, 12.0513
3881.21, 7.492651, 0.337829, 15.31825, 10.1348
7539.91, 8.451295, 0.883773, 13.8484, 14.2438
6009.15, 8.390629, 0.840255, 14.59623, 16.6891
5373.69, 8.619317, 0.987916, 15.48142, 15.754
10448.84, 7.205503, 0.297665, 10.8283, 18.9025
4756.78, 7.705773, 0.430854, 14.70647, 11.3773
5594.1, 7.968039, 0.566095, 14.28566, 11.9607
7030.91, 8.054478, 0.624803, 13.49716, 10.2245
7146.65, 8.018907, 0.603491, 13.38276, 10.763
6958.78, 8.312862, 0.790922, 13.91251, 13.1153
4643.14, 7.914663, 0.526949, 15.11968, 10.2649
8767.96, 8.365895, 0.829481, 13.19181, 27.4615
13188.65, 8.211938, 0.738088, 11.85632, 15.1539
9614.13, 7.966531, 0.579704, 12.25964, 22.6966
4771.29, 7.80165, 0.47514, 14.8213, 16.5844
6295.42, 8.58555, 0.969034, 14.73827, 11.148
14267.89, 7.972383, 0.5951, 11.37759, 15.455
5764.8, 8.198476, 0.71147, 14.47812, 11.7308
5216.55, 7.945203, 0.548782, 14.58571, 25.319
6561.43, 8.003283, 0.592259, 13.67777, 16.3662
4891.28, 7.908515, 0.524637, 14.85193, 30.8927
5187.11, 8.624131, 0.990572, 15.6557, 10.886
9091.6, 7.974586, 0.582886, 12.46858, 11.2091
6397.24, 7.980842, 0.578245, 13.73811, 17.8881
5221.45, 7.92843, 0.53905, 14.55881, 10.5348
5949.19, 8.13285, 0.669942, 14.24651, 12.9332
5889.7, 8.095007, 0.645656, 14.2367, 11.3252
5470.28, 7.923766, 0.539176, 14.33261, 13.6696
7168.18, 7.999486, 0.591909, 13.34719, 10.3786
4336.43, 7.614927, 0.389988, 15.0224, 10.5301
4656.64, 7.584313, 0.379058, 14.66876, 10.3057
6210.97, 8.381381, 0.834678, 14.44737, 10.5227
18702.14, 7.927437, 0.580482, 10.81553, 11.4451
13509.08, 8.035742, 0.630165, 11.57439, 21.2979
6346.91, 9.16857, 1.260321, 15.85239, 10.2259
7462.57, 9.019434, 1.204153, 14.95768, 10.1789
5101.7, 7.926124, 0.536518, 14.6717, 30.532
5173.79, 8.367112, 0.820634, 15.23907, 10.3092
4789.11, 7.807104, 0.467521, 14.83746, 12.6053
8179.43, 8.320765, 0.798616, 13.36058, 10.3638
9587.29, 7.988808, 0.592623, 12.30214, 20.2246
5032.15, 8.164021, 0.683962, 15.06069, 10.6861
5901.54, 8.042994, 0.613361, 14.15619, 10.4596
9119.53, 8.398058, 0.851275, 13.11854, 11.9571
7495.55, 7.519165, 0.379219, 12.4722, 11.7685
7224.19, 8.03119, 0.611141, 13.35883, 10.6866
4961.24, 8.293067, 0.769814, 15.32212, 10.2945
8471.47, 7.952271, 0.568126, 12.68353, 14.3422
7264.66, 8.288576, 0.775519, 13.72256, 11.1022
9103.3, 8.328293, 0.805338, 13.00619, 13.3954
7150.71, 8.047353, 0.620776, 13.42128, 11.0454
8406.91, 8.077695, 0.642858, 12.88645, 22.961
14993.92, 7.991512, 0.607743, 11.31045, 11.3041
7929.22, 8.287445, 0.776134, 13.4166, 10.4698
7539.73, 8.066192, 0.63341, 13.26464, 11.8389
9086.12, 7.769477, 0.471236, 12.17066, 117.3961
5983.52, 8.003893, 0.590027, 14.04532, 11.205
9748.34, 7.986889, 0.591958, 12.24621, 10.9576
7475.33, 7.685854, 0.438781, 12.73896, 13.2203
7769.94, 8.261197, 0.758535, 13.44415, 10.3442
5405.98, 8.099083, 0.644814, 14.62843, 11.6671
4889.42, 7.005513, 0.191185, 13.73604, 17.0006
4966.62, 8.301174, 0.775314, 15.33315, 10.0198
6096.1, 7.68186, 0.432467, 13.51193, 12.5324
4299.44, 7.95574, 0.550176, 15.51222, 12.7804
6800.55, 8.318682, 0.794417, 14.00597, 10.394
5720.1, 8.319661, 0.791604, 14.69536, 14.038
5488.21, 8.098117, 0.64499, 14.55389, 10.0443
18766.77, 7.852218, 0.540992, 10.69766, 10.0753
25310.34, 7.957966, 0.612842, 10.27939, 10.418
4493.16, 8.128268, 0.658867, 15.54887, 19.6607
14010.0, 8.319981, 0.808881, 11.93133, 11.3141
17320.89, 8.16792, 0.718083, 11.31846, 14.9376
6457.57, 7.953192, 0.562248, 13.67352, 10.9288
4990.24, 7.944122, 0.546137, 14.79358, 41.342
6760.18, 8.28464, 0.771753, 13.97524, 16.6997
6491.31, 8.127463, 0.66874, 13.89437, 11.6864
7973.12, 8.115172, 0.665, 13.12912, 18.7246
8440.9, 8.350332, 0.818622, 13.29473, 18.8097
4714.15, 7.826703, 0.477687, 14.93816, 10.7962
13435.19, 9.187575, 1.268161, 13.60701, 27.4817
4437.3, 8.114008, 0.649483, 15.58209, 10.7638
7357.16, 8.518646, 0.927678, 14.05225, 10.4748
4792.24, 7.807048, 0.46751, 14.83319, 10.7818
5334.01, 7.74371, 0.453859, 14.18967, 10.8492
18099.05, 7.854441, 0.540377, 10.77031, 11.2668
6350.88, 8.266711, 0.758744, 14.18294, 13.3448
4461.11, 7.916655, 0.527485, 15.30503, 25.4097
6648.3, 8.247047, 0.746652, 13.97852, 31.8832
5085.64, 8.695249, 1.03431, 15.87521, 38.8437
4511.39, 7.802528, 0.463733, 15.11615, 12.6693
4971.38, 7.43985, 0.323286, 14.17132, 10.092
5123.58, 8.078102, 0.629146, 14.85603, 13.1038
7145.92, 8.463737, 0.89134, 14.0636, 11.373
10959.26, 7.970289, 0.58577, 11.86526, 21.6745
9059.34, 8.048276, 0.62666, 12.58592, 14.5569
5444.8, 7.661712, 0.419859, 13.97815, 13.5518
4765.38, 7.885047, 0.510447, 14.95715, 20.3485
6189.31, 8.309007, 0.786311, 14.34949, 10.9124
12906.48, 8.133225, 0.688056, 11.77245, 11.9255
16524.73, 7.870043, 0.544468, 10.96877, 11.9563
5298.37, 7.945329, 0.549797, 14.51236, 10.6225
5472.13, 7.886973, 0.518258, 14.28307, 12.1619
9721.56, 8.545546, 0.948213, 13.15813, 11.6375
8515.47, 8.470008, 0.897602, 13.46527, 18.198
4691.1, 8.205355, 0.710175, 15.45954, 17.8736
5132.81, 7.800644, 0.467224, 14.48073, 12.959
4524.48, 7.745127, 0.447051, 15.00251, 10.2742
10821.84, 7.995838, 0.600251, 11.93578, 18.0471
6931.05, 8.249443, 0.748966, 13.8304, 12.8206
7415.15, 8.126596, 0.670794, 13.41652, 16.1531
7127.6, 8.410715, 0.856229, 13.9811, 15.8462
4410.05, 8.049994, 0.608496, 15.52783, 10.4558
8480.92, 7.993025, 0.591959, 12.73707, 18.2945
7158.78, 8.278088, 0.768365, 13.7583, 15.0991
11476.15, 8.201378, 0.728003, 12.10364, 15.4302
22929.6, 7.950388, 0.603125, 10.46867, 10.4489
5885.42, 7.943153, 0.553497, 14.03387, 12.7301
6661.02, 8.105502, 0.655432, 13.76576, 10.5645
5517.36, 8.478054, 0.896556, 15.11515, 12.8113
9787.94, 7.929255, 0.558869, 12.15198, 11.5728
5366.01, 7.051084, 0.220197, 13.23265, 15.0204
11364.79, 8.348522, 0.822958, 12.35756, 14.55
19503.24, 7.905303, 0.570574, 10.70209, 13.2268
5659.21, 8.018875, 0.597106, 14.30429, 12.1632
6439.49, 8.192333, 0.710237, 14.0198, 10.493
5761.99, 7.984166, 0.576893, 14.17784, 11.5776
5147.94, 7.83534, 0.485955, 14.51213, 10.0861
8110.37, 9.219174, 1.276844, 15.11214, 12.3564
5863.85, 8.605496, 0.980702, 15.06284, 13.5286
6529.58, 8.256275, 0.752387, 14.04373, 55.2898
4847.34, 8.202273, 0.708517, 15.30256, 11.6713
4823.93, 8.045969, 0.607229, 15.10684, 11.0226
5722.83, 8.333352, 0.800784, 14.71556, 14.3215
10264.93, 8.081757, 0.650278, 12.21821, 18.89
5939.31, 8.243489, 0.741892, 14.41728, 10.5842
12180.29, 9.385993, 1.327122, 14.26819, 16.8385
5495.49, 7.938263, 0.547802, 14.32988, 10.2054
5802.63, 8.338191, 0.804387, 14.66324, 15.7144
4709.42, 7.713999, 0.43395, 14.76936, 19.8675
5438.68, 7.93842, 0.547354, 14.37936, 11.5635
6756.49, 8.40594, 0.852339, 14.16961, 12.5068
5761.7, 7.761529, 0.46366, 13.86747, 11.6737
4521.55, 8.150575, 0.673513, 15.54953, 10.2041
5820.51, 7.813477, 0.481007, 13.91176, 12.0049
6768.99, 8.344172, 0.811281, 14.06322, 13.4863
12355.53, 8.421743, 0.872266, 12.292, 10.1534
5921.33, 7.427256, 0.335799, 13.2764, 13.3277
4782.29, 7.857636, 0.495097, 14.90568, 14.5625
6659.16, 8.543423, 0.942712, 14.45173, 10.8844
7946.35, 8.083591, 0.645248, 13.0942, 17.6142
4484.74, 7.682558, 0.419084, 14.95991, 19.7736
6158.03, 8.325711, 0.797347, 14.39671, 13.4333
6017.88, 7.951233, 0.559004, 13.95009, 12.9575
10898.28, 8.578241, 0.970402, 12.8669, 11.2278
5566.47, 8.221602, 0.725454, 14.66996, 10.3444
6289.81, 8.013088, 0.597075, 13.85672, 16.598
5665.31, 8.051362, 0.61708, 14.6214, 27.42
6217.28, 8.033411, 0.609092, 13.92887, 18.0621
8562.0, 7.905059, 0.541556, 12.58241, 10.3902
7451.48, 8.071506, 0.636448, 13.3107, 30.0823
5592.14, 8.075539, 0.631604, 14.43711, 10.972
15899.62, 7.841426, 0.528001, 10.99558, 13.249
4173.77, 7.747396, 0.4463, 15.35743, 11.8532
13702.02, 7.898707, 0.552672, 11.34958, 11.8052
4937.97, 8.262914, 0.749393, 15.29903, 14.0851
5713.36, 7.999239, 0.585602, 14.23657, 13.0221
4592.68, 7.780422, 0.4632, 14.98126, 15.7425
4823.62, 8.1209, 0.655, 15.21162, 10.7784
6791.73, 8.242979, 0.744367, 13.89524, 10.2785
4954.08, 7.891556, 0.515376, 14.77361, 14.964
8360.52, 8.067964, 0.636751, 12.89403, 17.4329
4128.08, 7.792059, 0.467015, 15.45764, 28.1584
10335.76, 8.109731, 0.667698, 12.24688, 10.484
4949.97, 7.851341, 0.492778, 14.72704, 15.1574
4475.22, 7.795896, 0.470227, 15.12021, 13.37
6576.39, 8.111075, 0.658664, 13.82101, 16.0732
5452.67, 7.238107, 0.267559, 13.40999, 10.9299
9332.97, 8.134023, 0.680331, 12.61138, 17.2427
7351.25, 8.430014, 0.869402, 13.90484, 11.3083
16785.89, 8.033537, 0.63601, 11.16987, 11.4557
5199.44, 8.141276, 0.670124, 14.97592, 23.6262
5518.36, 8.142473, 0.673524, 14.59001, 13.6505
5119.63, 8.432536, 0.864661, 15.40655, 14.201
4441.81, 7.615215, 0.390653, 14.97301, 18.1832
4213.71, 7.236961, 0.252287, 14.70814, 10.3424
5128.41, 7.251244, 0.265031, 13.79909, 11.3861
9386.45, 8.449661, 0.885582, 13.10481, 10.451
4707.75, 8.452276, 0.87722, 15.8214, 13.3885
4881.96, 7.837863, 0.484816, 14.77975, 10.6518
7182.41, 8.413775, 0.858355, 13.96168, 12.0162
7415.97, 8.154408, 0.688476, 13.44729, 11.3015
6595.4, 8.457596, 0.886301, 14.34293, 10.2799
4871.12, 8.028907, 0.596787, 15.04698, 10.0208
9178.26, 8.274782, 0.770402, 12.89174, 10.675
20959.9, 7.875005, 0.558455, 10.52701, 10.3506
14703.42, 7.989838, 0.606108, 11.34763, 11.5739
4818.42, 6.698673, 0.124579, 13.55283, 10.102
7205.48, 8.165292, 0.694935, 13.56486, 12.8254
3829.2, 7.32511, 0.276156, 15.19117, 10.095
17171.44, 7.894402, 0.558975, 10.92375, 11.9443
5942.4, 8.203426, 0.715558, 14.35331, 26.5425
6521.86, 8.161659, 0.690693, 13.92898, 15.429
6527.19, 8.06457, 0.629455, 13.78135, 10.9536
5569.96, 8.707095, 1.042206, 15.48204, 10.9114
4961.59, 8.451429, 0.877049, 15.58387, 11.3706
5041.26, 8.204527, 0.710726, 15.11617, 10.3008
15602.53, 7.937443, 0.578647, 11.17145, 11.0339
4626.18, 7.509897, 0.348208, 14.63007, 12.2895
8741.17, 7.957611, 0.572008, 12.58104, 12.9252
21382.92, 7.918329, 0.582192, 10.55131, 11.9409
15779.87, 8.93957, 1.172834, 12.86226, 12.229
5225.62, 8.102543, 0.645414, 14.79653, 10.7941
4936.98, 7.852892, 0.493526, 14.73851, 21.5656
5593.22, 7.336692, 0.298859, 13.42064, 10.9201
16789.65, 7.869684, 0.544945, 10.93717, 11.5898
6384.77, 8.073205, 0.63427, 13.88255, 10.6313
5471.31, 8.206118, 0.714521, 14.72542, 10.0546
5858.73, 8.327781, 0.797663, 14.60647, 11.3726
5618.52, 8.034777, 0.606532, 14.35868, 13.4213
5743.78, 7.942919, 0.552455, 14.13655, 10.6017
5053.84, 8.116284, 0.65306, 14.97546, 10.2954
6209.73, 8.382149, 0.835187, 14.45017, 12.2812
6608.85, 8.268379, 0.760601, 14.03321, 15.9334
3941.31, 7.7309, 0.438374, 15.5521, 27.7397
5916.94, 8.320519, 0.793044, 14.55582, 21.2814
5027.46, 7.900508, 0.521101, 14.71201, 15.5681
7956.56, 8.033013, 0.614332, 13.02469, 10.0343
8780.57, 8.545769, 0.947142, 13.498, 12.2554
4882.18, 8.009827, 0.585048, 15.00004, 12.4762
4228.87, 7.920646, 0.529183, 15.53884, 19.2408
6313.37, 8.026465, 0.605274, 13.86069, 10.4859
20983.1, 8.412018, 0.877857, 11.36927, 11.3844
5376.1, 7.620604, 0.401625, 13.99288, 12.4513
4604.5, 7.985218, 0.568857, 15.24699, 11.2378
8154.23, 8.200556, 0.719844, 13.16418, 109.344
5294.29, 8.264307, 0.751895, 14.96754, 12.3089
6318.47, 8.165991, 0.69277, 14.05357, 20.3668
15809.31, 8.187764, 0.727693, 11.51953, 11.4078
6106.13, 8.373208, 0.828911, 14.5031, 10.4085
4916.96, 7.945056, 0.546165, 14.88118, 16.3737
5528.32, 8.416651, 0.855583, 15.00535, 11.4989
5901.7, 8.027916, 0.604129, 14.13605, 11.3004
5785.16, 8.267988, 0.757439, 14.56406, 18.0851
11414.78, 9.355699, 1.317756, 14.36357, 22.4373
4823.04, 8.040508, 0.603806, 15.10159, 10.1992
7991.13, 8.304859, 0.787745, 13.41358, 13.5743
4023.84, 7.646333, 0.402045, 15.3689, 14.8136
3981.59, 7.408079, 0.305022, 15.13937, 30.4125
5563.82, 7.890356, 0.520977, 14.21035, 14.0356
4536.65, 7.585946, 0.378991, 14.77692, 11.542
6292.99, 8.350716, 0.814446, 14.34474, 23.0419
10195.63, 7.944822, 0.568943, 12.05521, 13.0389
11081.48, 7.154005, 0.289336, 10.5897, 25.547
20500.07, 8.225595, 0.759399, 11.101, 10.372
8394.78, 8.099888, 0.65656, 12.94651, 11.9052
4770.95, 7.597686, 0.385322, 14.56384, 13.181
5064.38, 7.492581, 0.345244, 14.12229, 17.4529
4882.55, 8.072736, 0.624352, 15.0953, 11.1212
4136.17, 7.619167, 0.391101, 15.22668, 12.5818
8994.91, 8.221065, 0.735054, 12.877, 11.5176
7162.96, 8.23593, 0.740657, 13.69263, 13.0609
8905.08, 8.17616, 0.705969, 12.84126, 10.6882
8229.75, 8.463812, 0.893101, 13.57486, 12.0562
4633.54, 8.254635, 0.743091, 15.59011, 16.7473
12176.08, 7.873676, 0.535076, 11.49995, 22.4436
16151.79, 7.971418, 0.598938, 11.14821, 10.3903
4824.24, 8.031462, 0.598167, 15.08773, 10.0684
6790.5, 8.073637, 0.635927, 13.65331, 20.2591
8973.96, 8.256297, 0.757892, 12.93745, 15.0785
8731.19, 7.94031, 0.562021, 12.55855, 15.8983
4699.38, 7.843814, 0.486998, 14.97131, 11.9955
10309.3, 8.012862, 0.608866, 12.10174, 13.212
3660.2, 7.455623, 0.321973, 15.47384, 17.9961
6273.82, 8.14695, 0.680369, 14.05334, 12.057
5154.08, 7.316646, 0.28364, 13.80041, 13.61
6538.72, 8.242028, 0.743034, 14.03505, 10.4613
6550.99, 8.211616, 0.72315, 13.98258, 10.5104
6184.17, 8.046442, 0.616917, 13.96732, 16.8601
4839.46, 7.677864, 0.41938, 14.58401, 10.0823
10449.95, 8.336819, 0.81359, 12.57146, 16.5047
6044.78, 8.114569, 0.658761, 14.16026, 10.2095
5284.82, 7.883489, 0.514189, 14.44455, 12.9331
8699.57, 8.157785, 0.693753, 12.89581, 13.0516
5529.49, 8.261537, 0.751641, 14.74017, 67.5216
6023.72, 8.126989, 0.666551, 14.18817, 11.4903
6249.81, 8.400474, 0.847527, 14.45434, 12.4126
9729.83, 8.600801, 0.982954, 13.25226, 17.9736
7539.44, 8.715384, 1.04995, 14.32175, 11.9312
5582.76, 8.193795, 0.707305, 14.61429, 12.0076
7839.32, 8.475584, 0.900234, 13.75979, 11.7661
17159.4, 8.634805, 1.011845, 12.12159, 16.9751
6042.62, 8.336678, 0.804295, 14.49007, 14.4483
4036.91, 7.524817, 0.351621, 15.20952, 10.4295
5468.49, 7.883596, 0.516329, 14.28393, 13.1841
5173.15, 8.022582, 0.594893, 14.73292, 19.5831
13867.99, 8.023123, 0.623528, 11.4989, 10.8727
5383.1, 8.172858, 0.692002, 14.75277, 24.5648
6311.17, 8.232262, 0.735896, 14.15314, 23.8951
8302.46, 8.447824, 0.882706, 13.51472, 12.5685
4834.72, 8.110531, 0.648337, 15.18509, 13.4618
4793.41, 8.127013, 0.658866, 15.24691, 10.4262
7085.31, 8.114569, 0.662351, 13.55165, 12.4954
5277.22, 8.060761, 0.619476, 14.68724, 13.9538
4513.24, 7.769746, 0.458213, 15.04756, 10.9422
10514.08, 8.13388, 0.683172, 12.23107, 10.9546
5137.09, 7.945566, 0.548207, 14.66333, 29.0217
5225.02, 7.928733, 0.539266, 14.55754, 11.2733
4933.19, 7.946988, 0.547416, 14.86697, 12.4155
6632.6, 8.356173, 0.818946, 14.15821, 11.3376
8171.1, 8.19321, 0.715142, 13.1651, 10.7294
5472.52, 8.112715, 0.654103, 14.58884, 12.2901
6536.36, 8.174835, 0.699227, 13.9347, 18.8796
6315.4, 8.388379, 0.839636, 14.39548, 16.0981
7516.94, 7.89917, 0.534978, 13.0421, 16.7472
6945.71, 7.547256, 0.386557, 12.80287, 10.101
7125.3, 7.96618, 0.572097, 13.32271, 12.7784
5481.78, 8.152469, 0.679658, 14.63868, 15.7486
4990.3, 7.888942, 0.51419, 14.73288, 11.1925
15368.53, 7.949695, 0.584912, 11.2058, 28.1884
4273.85, 7.906263, 0.520901, 15.47705, 16.5685
8789.96, 8.070941, 0.639751, 12.72487, 14.2506
4946.44, 8.030518, 0.598177, 14.96376, 12.5207
7733.66, 8.475711, 0.900153, 13.80667, 12.1144
6110.47, 7.893148, 0.526283, 13.80887, 17.7891
20430.0, 7.825825, 0.532185, 10.49983, 15.1187
4579.45, 7.801683, 0.463562, 15.04441, 30.1954
6251.32, 8.07463, 0.634624, 13.96389, 11.0373
13634.09, 8.188477, 0.724062, 11.77602, 11.6577
4587.98, 7.777147, 0.46162, 14.97926, 11.4788
5274.64, 8.350991, 0.810163, 15.12073, 10.926
7459.66, 7.934902, 0.555024, 13.11353, 11.0275
5747.16, 8.525175, 0.928711, 15.01235, 10.7871
6012.28, 8.15131, 0.682057, 14.23125, 15.4226
23798.24, 7.873213, 0.564938, 10.27534, 26.3707
8768.95, 8.607153, 0.98578, 13.61016, 15.8758
5136.6, 7.732285, 0.446053, 14.35894, 10.3255
6796.76, 8.059885, 0.627445, 13.62686, 11.6472
6401.12, 8.324792, 0.797466, 14.24243, 13.1203
6087.74, 7.986042, 0.579911, 13.94864, 10.0431
7446.61, 8.104527, 0.65698, 13.35538, 12.0887
4997.11, 7.945748, 0.547149, 14.79641, 54.7796
6585.13, 8.309679, 0.7879, 14.11896, 10.3482
12960.61, 8.477782, 0.909379, 12.2922, 15.626
5611.65, 7.967073, 0.56566, 14.27279, 12.3875
5803.52, 8.29541, 0.775791, 14.5948, 26.4167
10896.58, 8.071917, 0.645898, 12.03019, 30.7277
20241.68, 7.83395, 0.535714, 10.53502, 14.4431
6964.38, 7.980656, 0.580113, 13.42736, 15.637
5841.03, 8.109888, 0.654802, 14.2924, 11.2032
5110.52, 8.097904, 0.641636, 14.89464, 26.2655
7179.28, 7.835028, 0.498775, 13.11704, 20.2301
7483.05, 8.467785, 0.894546, 13.90773, 10.3961
7186.14, 8.331029, 0.80346, 13.82627, 13.5609
5690.19, 8.05697, 0.620722, 14.33276, 10.9651
5124.99, 8.101098, 0.643773, 14.88661, 14.4058
4905.54, 8.005606, 0.582579, 14.97007, 19.4399
5172.96, 7.955629, 0.554479, 14.64354, 16.8854
5619.45, 8.279834, 0.764444, 14.71446, 11.282
13496.08, 8.348932, 0.826773, 12.03443, 10.4638
6186.22, 8.044374, 0.615657, 13.96503, 10.8084
4355.01, 7.708503, 0.429392, 15.12682, 10.1599
8991.38, 8.56185, 0.957654, 13.44867, 10.4115
6593.03, 8.241897, 0.743108, 14.00298, 13.3104
12146.34, 8.113354, 0.674204, 11.82487, 47.8778
15208.12, 8.45939, 0.90055, 12.03402, 23.0628
4250.87, 7.950719, 0.547048, 15.55629, 10.8584
5331.57, 8.154485, 0.679634, 14.77207, 11.1402
5144.88, 7.979606, 0.568518, 14.69997, 15.7791
8773.41, 7.969344, 0.578914, 12.58455, 11.4253
6166.3, 8.090399, 0.644098, 14.0374, 16.1756
5337.09, 7.997021, 0.580962, 14.54539, 20.3433
4688.63, 7.84956, 0.490127, 14.97827, 44.624
6281.28, 8.116568, 0.661056, 14.00675, 11.7857
7879.86, 8.035599, 0.615677, 13.05498, 18.2245
7496.34, 9.015656, 1.202559, 14.93401, 13.076
4534.26, 8.119195, 0.653067, 15.49503, 14.3059
5967.41, 7.986574, 0.57956, 14.03033, 20.6922
8414.9, 8.213174, 0.728606, 13.08966, 17.52
4488.0, 8.119259, 0.652999, 15.54019, 12.4322
6845.33, 7.326225, 0.309142, 12.54703, 12.6553
6794.67, 8.880561, 1.13943, 15.00189, 10.1232
5271.39, 8.022264, 0.595604, 14.63742, 10.8525
10287.78, 8.484883, 0.909996, 12.86863, 14.4998
5214.93, 8.100793, 0.644218, 14.802, 11.0083
5370.35, 8.158614, 0.682632, 14.74267, 14.933
6768.47, 8.230328, 0.73601, 13.88813, 15.1888
5130.33, 7.807375, 0.470757, 14.49326, 18.8692
6741.62, 8.377989, 0.833716, 14.13202, 10.6346
5750.24, 8.118573, 0.659806, 14.36127, 46.7916
5055.5, 7.877754, 0.508447, 14.65473, 14.0482
4671.04, 7.976702, 0.563917, 15.16822, 25.3676
6438.25, 8.020372, 0.602085, 13.77811, 10.9035
6206.42, 8.123435, 0.665106, 14.04881, 41.6851
5815.36, 8.109859, 0.654645, 14.31148, 15.9837
7191.35, 9.375037, 1.322985, 15.85572, 12.308
4796.37, 7.93658, 0.54047, 14.98867, 13.4194
5442.12, 8.336139, 0.800982, 14.94798, 11.176
5542.04, 8.127931, 0.664384, 14.53907, 51.862
4994.92, 7.969271, 0.561123, 14.83346, 13.5758
5839.32, 8.15833, 0.685775, 14.36025, 13.2945
8397.41, 7.866017, 0.519492, 12.59583, 12.062
7539.37, 8.077457, 0.640363, 13.27555, 10.1791
4950.58, 7.897939, 0.518992, 14.78158, 30.005
4730.82, 7.784338, 0.466176, 14.84192, 11.0475
6266.14, 7.974843, 0.57413, 13.81861, 10.6393
10552.58, 9.524931, 1.376218, 14.99141, 14.4326
4827.21, 7.423598, 0.315634, 14.27559, 11.376
4707.4, 7.935211, 0.539255, 15.0793, 11.3412
16656.16, 7.994993, 0.613445, 11.1272, 12.4208
5184.69, 8.173354, 0.690935, 14.93324, 10.5909
5510.98, 8.047679, 0.613658, 14.46443, 14.0048
5182.84, 7.803677, 0.469432, 14.43425, 17.2959
7072.48, 7.807386, 0.483796, 13.14273, 11.5348
6937.73, 8.113082, 0.661014, 13.62749, 12.3968
12501.91, 7.904656, 0.552784, 11.50836, 14.3085
5166.4, 7.972437, 0.564414, 14.67095, 11.5226
8510.76, 8.221022, 0.733912, 13.06728, 11.0536
4082.97, 7.595546, 0.381175, 15.24861, 10.7894
6501.93, 7.557325, 0.38787, 13.08291, 10.5319
5078.26, 7.878633, 0.50915, 14.63313, 11.8265
6926.47, 8.308393, 0.787886, 13.92507, 10.028
9919.12, 7.941219, 0.566059, 12.12311, 10.408
8037.82, 8.273061, 0.76689, 13.34256, 11.5547
9615.95, 8.349126, 0.820022, 12.85054, 12.3573
4596.74, 7.867278, 0.499632, 15.10797, 13.8268
6052.72, 8.34993, 0.813186, 14.50247, 13.6677
9155.87, 8.029748, 0.615742, 12.51945, 16.7391
4465.86, 7.241194, 0.255069, 14.41969, 33.758
12771.49, 7.999299, 0.607081, 11.59789, 10.6012
5184.5, 8.060396, 0.618458, 14.77184, 20.4802
7569.45, 8.118854, 0.666294, 13.31946, 10.5081
6553.19, 7.955235, 0.563813, 13.61592, 23.1088
7593.28, 8.045966, 0.621165, 13.20277, 12.3165
9151.08, 8.328013, 0.805247, 12.98829, 11.4463
6999.76, 7.454522, 0.353903, 12.63842, 11.2761
4195.94, 8.015718, 0.586552, 15.68991, 10.9907
6826.79, 8.325743, 0.799168, 14.01024, 13.2782
4579.78, 8.09589, 0.638136, 15.41899, 10.6421
11597.97, 7.968379, 0.586379, 11.72472, 14.9795
25451.36, 7.847154, 0.556188, 10.10341, 11.4096
16777.02, 7.884159, 0.552551, 10.95053, 12.1362
5069.91, 8.100763, 0.6432, 14.93433, 12.1663
6152.14, 8.254627, 0.750071, 14.29113, 11.8647
6940.77, 8.384919, 0.838745, 14.03986, 11.8527
5776.04, 8.095163, 0.645136, 14.32095, 11.1448
9615.79, 8.126293, 0.676189, 12.50183, 11.9521
4974.81, 8.244267, 0.736978, 15.23772, 13.3101
7945.72, 8.46412, 0.892868, 13.68628, 27.8581
4908.76, 7.144161, 0.231953, 13.93515, 15.6676
4668.66, 8.311039, 0.781342, 15.63994, 10.0731
5774.0, 8.02753, 0.603155, 14.22577, 21.6942
8465.6, 8.261794, 0.760387, 13.15009, 10.0548
5300.81, 7.096964, 0.229366, 13.43524, 10.6011
15195.19, 8.960472, 1.181961, 12.96183, 18.7333
8564.06, 8.570975, 0.962891, 13.62471, 11.1131
7665.29, 8.298199, 0.782691, 13.54814, 14.6614
5260.22, 7.979223, 0.569418, 14.59163, 13.6714
5256.89, 7.874111, 0.50859, 14.45736, 14.1091
7165.61, 8.530349, 0.935012, 14.16565, 10.122
4637.36, 7.895126, 0.515628, 15.10019, 18.6186
7401.94, 8.25137, 0.75131, 13.59113, 13.3673
6660.25, 8.268393, 0.760752, 14.00459, 16.4091
4750.03, 7.933959, 0.538704, 15.03571, 11.2687
5810.95, 8.078326, 0.63477, 14.26894, 10.5534
6474.73, 8.324178, 0.797254, 14.19784, 13.9837
4642.89, 7.826429, 0.477199, 15.01061, 11.7922
5636.72, 8.954694, 1.174156, 15.90216, 10.386
10326.93, 7.980943, 0.590155, 12.06335, 10.1733
6895.82, 8.355793, 0.819292, 14.00965, 15.3895
4693.25, 7.952585, 0.549504, 15.11473, 11.2066
5763.49, 8.192527, 0.707575, 14.46568, 17.9936
5077.76, 8.081603, 0.631049, 14.90226, 14.1318
6345.64, 8.056768, 0.623949, 13.87766, 10.4132
4487.41, 8.306255, 0.777765, 15.80948, 12.0164
7139.82, 8.290606, 0.776591, 13.79156, 19.3036
4871.11, 8.996988, 1.192893, 16.66312, 14.4424
5612.57, 8.05806, 0.620859, 14.39293, 10.0276
11746.15, 8.025434, 0.620089, 11.77763, 10.0395
5080.32, 7.970584, 0.562566, 14.75262, 14.8612
4713.27, 7.211758, 0.248952, 14.21262, 12.3196
5202.0, 7.766689, 0.462594, 14.35356, 30.8194
6559.9, 8.373104, 0.830052, 14.22581, 11.3591
5879.09, 8.165086, 0.690334, 14.34971, 26.5603
4585.83, 7.904068, 0.520584, 15.16116, 16.4112
4855.14, 7.686794, 0.423257, 14.58313, 10.5414
4898.6, 7.874971, 0.505554, 14.81188, 24.0219
4769.05, 7.737808, 0.445269, 14.74512, 14.0295
4121.9, 7.814017, 0.477722, 15.49288, 10.4044
6470.68, 8.305257, 0.784659, 14.16883, 10.6506
4602.61, 7.855086, 0.492827, 15.09909, 10.1613
5253.49, 7.846598, 0.49338, 14.42214, 11.891
6131.12, 8.2827, 0.768606, 14.34475, 17.1829
13277.78, 7.863865, 0.532825, 11.35266, 18.5325
16117.14, 8.424441, 0.879328, 11.85995, 10.7798
5756.3, 7.637301, 0.413029, 13.71042, 10.0172
7869.09, 8.256434, 0.755618, 13.39271, 12.2898
5938.5, 8.082319, 0.637941, 14.18547, 11.7186
4971.82, 7.953432, 0.551508, 14.83416, 10.1826
7755.43, 8.166232, 0.696841, 13.30143, 19.5184
5381.99, 8.033453, 0.60363, 14.5563, 15.1121
5582.59, 7.947204, 0.553747, 14.27204, 24.9647
6120.76, 8.081364, 0.638241, 14.06215, 19.937
5173.21, 8.204268, 0.711231, 14.98694, 10.3454
4848.75, 7.901508, 0.52033, 14.89472, 20.9891
6450.96, 8.999668, 1.195192, 15.43405, 10.5076
9983.05, 8.26335, 0.764685, 12.58926, 15.3818
17341.58, 7.975897, 0.60412, 11.02503, 14.3371
6729.29, 7.985753, 0.582382, 13.55898, 18.7108
4640.95, 7.911473, 0.525085, 15.11728, 13.7477
17273.23, 7.978825, 0.60562, 11.03748, 11.5055
5561.76, 7.968537, 0.566135, 14.31413, 20.3043
4862.62, 6.965798, 0.179926, 13.71438, 13.594
4849.56, 8.006977, 0.583135, 15.02505, 12.893
4156.51, 7.782327, 0.462504, 15.42059, 12.5819
7222.49, 8.350265, 0.816294, 13.84075, 10.8724
5655.13, 8.20192, 0.713101, 14.56466, 37.9825
16688.7, 8.257538, 0.773304, 11.52426, 17.8384
7512.19, 7.821244, 0.492601, 12.93565, 17.974
8486.49, 8.435046, 0.87459, 13.42929, 10.5453
6767.78, 7.943515, 0.557765, 13.47632, 27.9167
4990.32, 8.154304, 0.677396, 15.0906, 10.0079
9212.13, 8.576484, 0.967166, 13.39511, 12.6281
5664.13, 7.873172, 0.512208, 14.10733, 10.8418
4555.72, 8.22909, 0.725736, 15.62895, 16.7241
5374.28, 9.142447, 1.250923, 16.51863, 13.3864
3692.49, 7.312678, 0.271581, 15.2906, 20.7513
8450.5, 8.030254, 0.614083, 12.79542, 13.9166
4631.93, 7.83891, 0.483987, 15.03695, 14.8501
8175.75, 8.035854, 0.616679, 12.92443, 11.7975
8832.1, 7.981833, 0.586384, 12.57659, 25.137
7474.12, 8.431698, 0.870723, 13.84742, 13.2363
6399.76, 8.263556, 0.756809, 14.14631, 11.2457
3797.23, 7.230485, 0.248268, 15.1112, 15.1052
4789.23, 7.811073, 0.479915, 14.82003, 25.8971
8608.95, 8.471849, 0.898952, 13.4482, 25.9162
10120.37, 7.877285, 0.531039, 11.96499, 10.2192
11178.82, 8.199793, 0.726344, 12.16099, 10.5736
10601.53, 7.997206, 0.600442, 11.99931, 11.2968
10021.06, 8.407179, 0.858857, 12.81439, 11.4398
5434.84, 8.155013, 0.680879, 14.68011, 13.6364
5758.61, 8.084037, 0.638039, 14.31652, 24.8781
4370.1, 7.716803, 0.433248, 15.12402, 23.2321
10149.86, 7.942195, 0.567309, 12.05095, 15.7047
5495.36, 8.283827, 0.766253, 14.82065, 10.9317
12395.35, 8.708417, 1.050537, 12.79869, 11.52
11113.56, 8.16046, 0.701262, 12.12879, 10.508
5653.19, 8.010915, 0.592229, 14.29602, 12.1469
6017.21, 8.596682, 0.975523, 14.93812, 13.9496
7154.45, 8.165516, 0.694952, 13.59211, 21.6393
7582.4, 7.896318, 0.533597, 12.98576, 64.9878
6548.27, 7.804529, 0.480356, 13.42915, 12.7498
4630.88, 7.645315, 0.404162, 14.75723, 11.3966
18121.12, 8.749384, 1.078505, 12.2534, 10.9102
6828.07, 8.221533, 0.730415, 13.84557, 17.0658
6707.4, 8.741026, 1.064001, 14.78171, 10.9719
7427.86, 8.260571, 0.757408, 13.59878, 19.5263
4561.59, 7.905499, 0.521325, 15.18853, 13.2367
9430.33, 8.11652, 0.669618, 12.55031, 12.4739
5418.35, 7.266755, 0.274334, 13.48339, 15.2452
5150.81, 7.643001, 0.407912, 14.23534, 15.6773
5009.2, 7.206242, 0.251326, 13.79911, 19.3003
5978.46, 8.22294, 0.728506, 14.36022, 11.2856
4835.33, 8.085247, 0.63212, 15.14842, 10.9778
5674.44, 8.669992, 1.020094, 15.32242, 10.4511
7528.91, 8.054255, 0.62605, 13.25748, 12.5482
11041.78, 8.179143, 0.712904, 12.16022, 12.5668
4427.97, 7.797919, 0.471034, 15.17147, 10.5969
6652.91, 8.107106, 0.656415, 13.75987, 69.4414
6784.08, 8.034988, 0.612157, 13.5992, 14.2625
11505.69, 8.128631, 0.68225, 11.98954, 27.8243
5748.77, 7.673804, 0.42746, 13.75037, 13.3727
5185.36, 8.852759, 1.123314, 16.08084, 11.1536
7257.29, 8.111088, 0.660611, 13.47429, 10.8924
9515.26, 7.577442, 0.407812, 11.71355, 14.7258
5617.07, 7.796311, 0.470417, 14.05964, 11.3164
5369.97, 8.335672, 0.800282, 15.01355, 12.0125
7163.41, 8.281321, 0.770509, 13.78292, 11.006
9158.13, 8.24122, 0.74849, 12.84331, 14.1713
10896.46, 8.332405, 0.811573, 12.43544, 12.2558
5336.63, 8.242359, 0.737485, 14.89659, 14.1371
6847.32, 8.370694, 0.829094, 14.06075, 12.9738
4628.0, 7.539719, 0.360496, 14.62369, 15.7458
7973.94, 8.075356, 0.640235, 13.0682, 15.3027
6616.88, 8.387571, 0.839817, 14.21942, 16.9616
4519.23, 7.545091, 0.362021, 14.74481, 10.8508
6321.29, 7.594425, 0.400405, 13.2331, 12.7208
5796.62, 8.194903, 0.709303, 14.44883, 11.4864
4548.72, 7.803182, 0.474351, 15.05454, 17.2385
20493.74, 7.930767, 0.586643, 10.65939, 12.371
4422.91, 7.410809, 0.308101, 14.69225, 11.3483
9588.61, 7.97507, 0.584592, 12.28493, 11.1629
4757.9, 8.131007, 0.661354, 15.28581, 11.5396
9934.92, 8.564506, 0.9605, 13.12386, 11.3427
6215.2, 8.235662, 0.737791, 14.22015, 12.6396
5933.43, 8.485614, 0.903262, 14.80441, 10.3183
5823.22, 8.309935, 0.785579, 14.6074, 20.2171
6021.27, 8.316567, 0.790788, 14.47133, 15.8173
6276.91, 8.01028, 0.595327, 13.8546, 17.1224
7436.24, 7.072704, 0.250282, 11.83909, 12.2686
4902.66, 7.759067, 0.455868, 14.63562, 16.0633
6329.14, 8.539053, 0.939277, 14.63016, 11.4656
5117.41, 8.02317, 0.594802, 14.78529, 24.5087
4292.6, 7.369476, 0.292659, 14.79349, 24.4933
5544.7, 8.134204, 0.668421, 14.55762, 10.3873
5713.08, 8.394245, 0.841543, 14.81787, 10.8702
5537.32, 8.269544, 0.757031, 14.76547, 11.1747
6165.58, 8.704449, 1.041977, 15.02908, 17.784
5414.58, 8.385977, 0.834379, 15.04843, 11.0011
5812.59, 7.955456, 0.560229, 14.10279, 10.235
4317.31, 7.560642, 0.367669, 14.98389, 14.6091
10380.21, 8.545616, 0.949151, 12.95317, 10.1111
6733.0, 8.318023, 0.793816, 14.04524, 14.6605
12525.16, 8.351024, 0.826574, 12.14485, 14.2371
6268.16, 7.943731, 0.555925, 13.77383, 10.0473
8496.51, 8.366384, 0.82932, 13.298, 15.0747
20693.74, 7.839477, 0.539704, 10.5065, 10.2399
8791.42, 8.43457, 0.874767, 13.29726, 25.6138
8128.02, 8.18608, 0.710449, 13.17256, 10.8164
6183.62, 8.003816, 0.591019, 13.90937, 13.9652
3884.96, 7.157514, 0.228204, 14.94052, 10.8933
4619.81, 7.904007, 0.520676, 15.12902, 10.4727
5628.36, 8.291816, 0.772495, 14.7233, 12.6611
5271.08, 7.462544, 0.336684, 13.87073, 13.1432
8896.54, 8.475624, 0.901853, 13.32732, 17.3937
5151.91, 8.178958, 0.694418, 14.96913, 11.5996
12975.26, 7.836339, 0.517531, 11.35545, 10.3203
6547.01, 8.189242, 0.708583, 13.95035, 10.3707
5325.4, 7.788725, 0.474003, 14.26503, 11.8518
6681.7, 8.155328, 0.687139, 13.82544, 31.5946
6034.44, 8.267478, 0.758149, 14.3869, 10.3504
10406.89, 8.656897, 1.018, 13.14922, 13.9407
6211.55, 8.310932, 0.787666, 14.33504, 11.291
5724.84, 8.14917, 0.679239, 14.43226, 20.7852
6333.1, 7.972422, 0.572995, 13.77325, 12.7699
5656.47, 8.047324, 0.614523, 14.34377, 14.5459
6384.96, 8.138313, 0.675264, 13.97543, 10.5294
6723.58, 8.331675, 0.802865, 14.06853, 17.6228
9531.43, 8.295651, 0.7848, 12.79377, 28.2599
6357.23, 8.429887, 0.867394, 14.43701, 24.5973
7756.21, 7.946397, 0.562555, 12.99354, 18.0506
8027.46, 8.234354, 0.741512, 13.27353, 44.2707
17455.18, 7.947982, 0.588784, 10.98324, 10.5079
6849.22, 7.983314, 0.581324, 13.49295, 10.0198
5947.68, 8.067438, 0.62871, 14.1558, 17.8246
6714.29, 8.02832, 0.607883, 13.62818, 11.4366
10029.11, 7.992814, 0.596241, 12.17918, 11.6918
4370.51, 7.966421, 0.556788, 15.45673, 12.8391
4874.57, 7.881924, 0.509314, 14.8406, 11.8376
7535.08, 8.236102, 0.741594, 13.51198, 12.0681
4396.1, 7.598778, 0.383728, 14.93938, 12.2186
7447.26, 8.477471, 0.900862, 13.9394, 12.0322
4738.32, 8.259477, 0.746584, 15.49276, 10.3578
9213.49, 8.63981, 1.006361, 13.50701, 33.4262
19462.12, 7.927101, 0.582145, 10.73922, 14.85
5545.59, 8.051606, 0.616364, 14.43661, 21.4451
9144.13, 8.405679, 0.856329, 13.11816, 11.0009
7403.32, 7.988129, 0.585859, 13.20883, 29.0404
4770.88, 7.81716, 0.47282, 14.86899, 13.2243
16223.28, 9.062483, 1.225017, 13.06537, 26.0089
15437.85, 7.939611, 0.579458, 11.19525, 15.327
13140.22, 8.021145, 0.620719, 11.58988, 14.9766
5417.31, 7.790027, 0.475275, 14.17661, 14.7129
6590.11, 8.350607, 0.815139, 14.17106, 12.0033
14061.04, 7.997065, 0.608781, 11.45028, 17.103
4499.17, 7.78725, 0.466261, 15.10436, 10.2061
5875.07, 7.973041, 0.570975, 14.0872, 17.4423
8463.11, 8.299874, 0.785387, 13.22294, 10.6415
5783.0, 8.06176, 0.624286, 14.26781, 16.8949
8607.81, 8.367056, 0.829961, 13.25329, 33.5134
17232.69, 7.883382, 0.553271, 10.90002, 15.7062
8102.21, 7.890019, 0.531753, 12.7519, 11.4137
9515.28, 7.950393, 0.570102, 12.27568, 10.5915
4847.1, 7.927507, 0.535409, 14.92302, 12.8692
5837.6, 9.410892, 1.333926, 16.74111, 15.153
5256.74, 8.264394, 0.751749, 15.00109, 17.0028
4381.73, 7.824181, 0.474969, 15.27214, 11.0994
5299.57, 8.037499, 0.605254, 14.63362, 10.2003
6305.19, 8.371187, 0.828139, 14.37311, 10.0991
34753.46, 9.264468, 1.331096, 12.03012, 19.4078
4357.93, 7.820371, 0.472815, 15.27923, 73.9899
5043.86, 7.968229, 0.560869, 14.78295, 19.2495
6567.36, 8.272312, 0.763084, 14.06325, 49.414
5231.84, 8.022219, 0.595192, 14.67548, 10.7462
5182.0, 8.024601, 0.59621, 14.7264, 10.2685
10854.06, 7.936046, 0.565888, 11.84138, 17.8586
6575.28, 8.200719, 0.716126, 13.9496, 10.9679
15050.46, 8.057725, 0.646614, 11.39388, 37.4618
6564.96, 7.96403, 0.568998, 13.62058, 14.1055
6232.81, 8.402781, 0.849019, 14.4756, 14.4894
18805.01, 7.884051, 0.557588, 10.73975, 11.356
4625.39, 7.627157, 0.396537, 14.74111, 10.0995
4985.45, 7.863796, 0.5, 14.70454, 23.4676
6387.73, 8.40909, 0.853625, 14.38171, 14.5372
6006.67, 8.224605, 0.729715, 14.34644, 12.2304
4377.2, 7.707227, 0.429168, 15.10306, 17.4459
8530.15, 8.330876, 0.805947, 13.21649, 45.1975
5507.86, 8.1305, 0.665756, 14.57951, 10.8963
4169.72, 8.112005, 0.647656, 15.83668, 10.1794
5396.59, 7.957647, 0.558164, 14.44228, 27.3885
10536.27, 8.074844, 0.646758, 12.12812, 21.8103
14034.5, 8.178047, 0.71826, 11.71043, 17.4248
6547.8, 8.97699, 1.185218, 15.32471, 16.8186
4020.91, 7.20954, 0.243498, 14.86264, 10.5125
5461.85, 8.276061, 0.760819, 14.83584, 12.2854
6159.19, 8.081896, 0.63875, 14.03285, 10.4514
12101.41, 7.929772, 0.565701, 11.60047, 11.0777
7526.1, 7.875711, 0.521998, 12.99981, 10.0984
4508.88, 7.531289, 0.356327, 14.73908, 10.6628
6863.61, 7.962982, 0.569404, 13.45055, 14.642
5130.45, 8.013986, 0.589262, 14.75672, 12.2408
7455.95, 7.535284, 0.384672, 12.51544, 15.0738
12086.01, 8.231458, 0.748486, 12.03175, 12.8368
10325.87, 8.575631, 0.96799, 13.02999, 23.5529
3968.63, 7.791724, 0.466373, 15.60727, 10.1843
6519.9, 7.978195, 0.577168, 13.66753, 16.5219
23292.89, 9.156887, 1.260978, 12.63977, 24.6662
5349.15, 8.911466, 1.153268, 16.06139, 11.7054
5179.34, 8.179598, 0.695, 14.96023, 38.7986
5543.78, 7.34619, 0.300762, 13.50768, 11.2041
9323.97, 7.982281, 0.588048, 12.38766, 16.5757
5512.87, 7.995799, 0.58202, 14.39244, 10.376
5496.39, 8.258306, 0.749242, 14.78608, 17.6889
6146.97, 8.108464, 0.655372, 14.08166, 11.9478
6839.92, 8.390785, 0.842438, 14.09608, 11.1671
6178.36, 7.559763, 0.386799, 13.27963, 10.0798
6027.47, 8.375409, 0.830139, 14.55378, 11.6914
4952.12, 8.096143, 0.63958, 15.051, 11.4424
7924.21, 8.276208, 0.768724, 13.39625, 10.9662
7740.73, 8.044216, 0.620512, 13.13045, 10.2666
5746.38, 8.205945, 0.716262, 14.50259, 10.2797
5481.67, 8.233481, 0.732652, 14.7564, 14.4229
5003.4, 8.065637, 0.620482, 14.95098, 13.7806
5818.91, 8.235119, 0.735829, 14.48824, 16.1136
4764.2, 8.230376, 0.727074, 15.42448, 11.2581
14850.85, 8.822688, 1.115152, 12.71938, 25.6935
5036.47, 7.795375, 0.463386, 14.56739, 10.6235
5924.83, 8.177358, 0.698493, 14.33074, 10.2605
5159.6, 8.04872, 0.610965, 14.78086, 11.4993
4822.99, 7.770913, 0.460685, 14.72513, 10.5492
5174.15, 8.059367, 0.617732, 14.78125, 10.8336
6165.63, 8.281496, 0.767927, 14.32394, 15.1736
5420.13, 8.021903, 0.596965, 14.50513, 17.652
4370.24, 7.840236, 0.483749, 15.30319, 12.7777
18753.47, 8.352838, 0.837203, 11.46832, 11.8366
7892.91, 8.008715, 0.59955, 13.00957, 13.6719
4785.84, 7.978631, 0.565551, 15.05787, 13.583
12117.97, 8.002661, 0.607531, 11.68283, 19.3657
6245.09, 8.086503, 0.641999, 13.99545, 11.0589
11595.2, 8.797787, 1.099531, 13.11816, 18.585
5944.68, 8.299136, 0.778875, 14.49552, 14.3504
4794.02, 7.950585, 0.548754, 15.01237, 14.3605
4850.14, 8.157295, 0.678809, 15.23485, 13.3987
4459.64, 7.654883, 0.407253, 14.95045, 11.299
6447.97, 7.944801, 0.557334, 13.67736, 15.4916
4349.94, 8.028119, 0.594627, 15.56567, 10.2994
4380.7, 7.575421, 0.373971, 14.92709, 11.1781
8736.7, 7.864018, 0.519466, 12.46137, 11.9117
6278.09, 7.983999, 0.579608, 13.82766, 13.1649
10319.21, 7.935778, 0.564163, 11.98631, 13.3867
5592.09, 7.592756, 0.393476, 13.75262, 15.4121
6236.66, 8.268009, 0.759227, 14.25505, 11.3304
5785.07, 8.159497, 0.686242, 14.40202, 21.7609
6190.59, 7.973657, 0.57308, 13.86154, 17.6676
3612.05, 6.940473, 0.169526, 14.99359, 11.317
9019.3, 8.248483, 0.752902, 12.90926, 12.1654
4188.57, 7.26612, 0.260323, 14.7719, 10.2072
4826.21, 7.703085, 0.430179, 14.6427, 10.1173
10637.85, 7.951722, 0.574178, 11.92298, 13.782
7811.15, 8.306014, 0.788146, 13.49244, 10.9486
6190.39, 8.383502, 0.836035, 14.46974, 11.3282
7432.55, 8.537425, 0.93996, 14.04982, 14.926
11604.24, 8.087039, 0.656848, 11.88732, 46.8277
4155.55, 7.828162, 0.476511, 15.54252, 15.4653
3775.36, 6.541337, 0.101826, 14.44315, 10.1708
4448.38, 7.708173, 0.429982, 15.03376, 15.7075
17260.23, 8.014895, 0.62619, 11.09138, 11.6121
5447.69, 8.128423, 0.663893, 14.62932, 10.5455
6776.46, 8.466157, 0.892306, 14.25558, 11.3961
8095.24, 8.562572, 0.956967, 13.80356, 10.5231
5424.48, 7.767922, 0.465453, 14.14336, 16.4407
6825.44, 8.298926, 0.781373, 13.95998, 12.395
5797.39, 8.36088, 0.819558, 14.70178, 11.5341
6245.92, 8.226844, 0.732107, 14.18947, 21.7126
5712.62, 7.930128, 0.544823, 14.14648, 12.506
5184.04, 7.433854, 0.324154, 13.91726, 20.4055
15910.73, 8.400017, 0.863352, 11.84122, 15.8604
4812.78, 7.781039, 0.465518, 14.75585, 18.9698
8760.44, 8.292725, 0.781283, 13.07646, 14.0599
7898.3, 8.092075, 0.650383, 13.13195, 12.3295
6682.87, 8.452808, 0.8833, 14.2892, 10.295
8433.33, 8.013477, 0.603972, 12.79008, 12.7249
5812.94, 8.055217, 0.620407, 14.23737, 11.9419
3882.69, 7.621851, 0.391406, 15.46479, 12.5899
12641.3, 8.09609, 0.664636, 11.74826, 21.0362
5607.68, 7.963498, 0.563517, 14.26956, 11.7329
4804.19, 7.245715, 0.259363, 14.09032, 13.2743
15324.21, 7.914853, 0.565548, 11.19232, 13.631
9285.7, 7.501355, 0.381227, 11.66417, 11.567
8163.02, 7.932722, 0.555972, 12.78996, 17.1834
5843.35, 7.233851, 0.273999, 13.07985, 10.218
5422.21, 9.011323, 1.199368, 16.19871, 17.3756
7398.72, 8.352566, 0.81816, 13.75727, 10.4843
5008.31, 8.156911, 0.679187, 15.07649, 15.4895
31666.43, 9.082891, 1.241495, 11.83204, 18.9036
7098.34, 8.362068, 0.823882, 13.92164, 27.1819
4776.57, 7.847888, 0.489652, 14.90466, 10.7365
6391.31, 8.325063, 0.79762, 14.24734, 20.8843
5003.18, 7.641918, 0.405616, 14.37337, 14.9825
9895.0, 8.079399, 0.647855, 12.32167, 14.3974
5519.59, 7.674809, 0.426083, 13.94445, 11.2853
13000.45, 8.014437, 0.616459, 11.60623, 13.2386
11296.06, 7.696288, 0.453834, 11.40941, 18.7316
6463.3, 9.155178, 1.255873, 15.75392, 11.1776
4233.74, 7.701217, 0.425839, 15.23822, 15.9659
5994.12, 8.128595, 0.667436, 14.21021, 12.1063
5341.22, 8.685266, 1.028628, 15.62452, 10.6587
5842.48, 7.963109, 0.564911, 14.0872, 18.5415
7326.33, 7.85123, 0.507984, 13.07672, 12.0374
4920.65, 8.182455, 0.695613, 15.20012, 13.2985
4361.92, 7.748964, 0.447443, 15.16915, 15.4346
4830.17, 7.975505, 0.563869, 15.00248, 27.4135
4592.46, 7.849612, 0.48974, 15.08871, 13.4643
6671.67, 8.318791, 0.794175, 14.07426, 10.5839
8382.86, 8.044053, 0.622231, 12.84738, 23.1558
7444.0, 8.335539, 0.80696, 13.71498, 10.9121
21218.51, 8.741715, 1.076653, 11.9476, 17.4965
11566.37, 8.154281, 0.698408, 12.01332, 10.8066
6978.1, 8.172861, 0.699225, 13.69198, 12.305
7203.4, 8.322956, 0.798144, 13.80804, 10.5463
4608.38, 8.104431, 0.643712, 15.40377, 11.9504
6478.4, 8.29605, 0.778564, 14.15206, 10.4505
6659.39, 8.543939, 0.943046, 14.45936, 10.2369
9536.77, 8.335288, 0.810786, 12.86311, 11.8719
5964.92, 8.267761, 0.758073, 14.44323, 10.7828
4521.01, 7.826837, 0.476919, 15.13808, 12.0929
5306.94, 7.742574, 0.452933, 14.21182, 19.0162
19091.88, 9.077896, 1.231981, 12.82311, 13.4725
5220.65, 8.138382, 0.668394, 14.84849, 11.526
5551.79, 8.032095, 0.604391, 14.40999, 20.4828
4372.13, 8.468565, 0.887833, 16.1683, 11.5926
4915.09, 7.808325, 0.469093, 14.70526, 20.0972
7124.18, 8.367933, 0.827828, 13.92337, 10.2949
8634.15, 8.291098, 0.779957, 13.13226, 12.4728
4970.59, 8.044816, 0.60722, 14.95784, 16.1632
8663.63, 7.887429, 0.532062, 12.51316, 11.431
6089.68, 8.223444, 0.729279, 14.29069, 10.1744
5045.64, 7.969443, 0.561609, 14.79213, 10.4786
5903.65, 8.110644, 0.6556, 14.2778, 19.452
6576.02, 7.732735, 0.453979, 13.30092, 11.8849
4779.87, 7.921882, 0.531762, 14.98712, 22.4894
4970.34, 7.786981, 0.469205, 14.6062, 22.2701
4906.06, 7.69001, 0.42528, 14.53012, 30.7047
6074.79, 8.341683, 0.807745, 14.48259, 11.1293
5523.56, 8.152747, 0.680184, 14.61107, 10.6981
5386.6, 8.193595, 0.705592, 14.77976, 14.4013
18917.71, 7.782738, 0.506934, 10.59509, 10.5363
7076.07, 7.973833, 0.576436, 13.35197, 16.0085
5190.14, 8.398509, 0.841915, 15.26821, 11.8493
7727.64, 8.333265, 0.806003, 13.57267, 10.6815
4763.04, 7.632901, 0.399915, 14.60758, 10.013
5493.26, 8.110082, 0.652614, 14.56947, 18.8671
6592.41, 8.272559, 0.763317, 14.04724, 17.4009
6276.27, 8.075517, 0.635278, 13.94649, 19.5211
5660.69, 8.176569, 0.696582, 14.53339, 10.0493
4866.94, 7.929417, 0.536643, 14.91172, 20.1284
7891.52, 8.46608, 0.894072, 13.72027, 13.4232
6868.4, 8.454432, 0.884722, 14.18892, 13.6364
4038.68, 7.498893, 0.340935, 15.1801, 20.7547
5228.36, 7.885596, 0.514659, 14.50778, 10.3733
3936.74, 7.70661, 0.427623, 15.52245, 14.9265
10317.36, 8.29985, 0.789166, 12.55129, 14.3358
12147.11, 7.506018, 0.395648, 10.94512, 12.4439
5600.89, 8.226904, 0.72919, 14.6556, 11.5972
9389.93, 8.069138, 0.640246, 12.49137, 18.9775
4279.41, 8.023156, 0.591363, 15.61744, 16.221
7346.01, 8.265325, 0.760361, 13.65315, 10.5834
4973.19, 8.009226, 0.5852, 14.9078, 16.6707
7200.42, 8.554436, 0.950598, 14.19774, 10.1531
13606.54, 7.997568, 0.608015, 11.50922, 26.4573
5410.99, 8.152324, 0.678921, 14.69711, 28.1172
5216.41, 8.07342, 0.626891, 14.7608, 12.2253
5843.91, 8.318835, 0.791618, 14.61174, 10.22
10391.7, 8.024712, 0.616137, 12.08827, 65.6891
5027.1, 7.904291, 0.523265, 14.7174, 12.6099
40212.47, 8.868791, 1.149352, 11.01371, 11.2607
4513.38, 7.401427, 0.305024, 14.5948, 10.4746
8364.32, 8.005756, 0.59917, 12.81529, 10.6021
6323.1, 8.026699, 0.605456, 13.86166, 10.5164
8206.68, 7.966472, 0.575569, 12.82668, 10.5464
20608.52, 7.975684, 0.611456, 10.71849, 10.858
4567.58, 7.786614, 0.466173, 15.02019, 11.1629
21566.22, 7.358542, 0.398713, 9.56767, 11.1928
5287.35, 7.916445, 0.532921, 14.48517, 13.549
9785.84, 7.520752, 0.389949, 11.50945, 13.1672
5374.01, 7.770371, 0.465837, 14.19352, 14.3721
6743.71, 8.605304, 0.982201, 14.51122, 13.278
6317.84, 8.54436, 0.942693, 14.65184, 13.7398
4206.95, 7.710756, 0.430059, 15.28291, 10.6133
10776.23, 7.93118, 0.562911, 11.85728, 19.1781
12841.73, 9.058262, 1.222093, 13.42423, 13.7475
8213.34, 8.181579, 0.707757, 13.13596, 11.3541
5068.59, 8.100827, 0.643232, 14.94182, 14.839
4433.37, 7.796347, 0.460126, 15.19518, 11.7637
8709.65, 8.280595, 0.773218, 13.08167, 11.1546
4979.33, 8.099893, 0.642119, 15.02445, 13.8406
6176.94, 8.160384, 0.688606, 14.13838, 15.4659
3756.41, 6.887017, 0.157761, 14.81224, 11.0826
24073.41, 8.005036, 0.635688, 10.44563, 77.4545
8064.77, 7.954567, 0.568225, 12.8722, 10.4839
6607.59, 8.987609, 1.189983, 15.31289, 30.1031
5583.16, 8.332987, 0.799778, 14.81471, 47.4045
11922.39, 8.228904, 0.746528, 12.07118, 10.8324
8390.8, 8.268176, 0.764412, 13.1819, 22.3117
11124.79, 8.111351, 0.670634, 12.04474, 16.782
4028.64, 7.190796, 0.238267, 14.83918, 16.0062
5996.79, 8.550114, 0.945712, 14.87543, 10.6504
8689.56, 8.186688, 0.712182, 12.94126, 12.5224
4868.83, 7.829314, 0.480051, 14.78136, 17.511
7569.73, 8.354339, 0.819658, 13.67969, 11.6817
7193.52, 8.069244, 0.634351, 13.4275, 16.017
6844.25, 8.380482, 0.835596, 14.08181, 12.7766
6325.62, 8.035625, 0.610901, 13.86382, 13.0835
4998.32, 7.804867, 0.477876, 14.59656, 28.5925
6543.55, 7.96774, 0.571095, 13.65195, 10.6957
12653.51, 8.141508, 0.692697, 11.81447, 11.2965
4874.81, 7.964634, 0.557564, 14.94657, 19.0593
7051.55, 7.823641, 0.492274, 13.16728, 12.5235
4962.57, 8.079739, 0.629176, 15.01331, 16.0032
8916.83, 8.16997, 0.702048, 12.83841, 10.7268
6688.48, 8.411132, 0.855649, 14.22265, 12.5997
7963.04, 8.283695, 0.773733, 13.39088, 17.5155
4930.5, 7.992776, 0.574885, 14.92898, 15.9709
7922.35, 8.493584, 0.912155, 13.74506, 19.2743
7614.76, 8.308791, 0.789589, 13.58398, 12.4419
14238.7, 7.931272, 0.571917, 11.32727, 15.548
5906.72, 7.846711, 0.499407, 13.88759, 36.8762
14643.69, 7.997848, 0.610583, 11.37276, 10.3881
6465.51, 7.61011, 0.406968, 13.22606, 20.2387
4388.64, 8.72209, 1.04988, 16.58743, 14.4715
5754.56, 8.019618, 0.598209, 14.23563, 15.6078
6207.87, 8.206518, 0.718653, 14.19894, 12.7042
4516.35, 8.061193, 0.61583, 15.45092, 11.9442
4670.34, 7.917886, 0.528937, 15.10743, 11.1729
8768.69, 8.403571, 0.854323, 13.26548, 10.6612
6188.91, 9.289563, 1.297347, 16.21764, 15.0383
4717.14, 7.4924, 0.341673, 14.53353, 10.1991
6880.98, 8.103916, 0.655088, 13.64518, 12.4033
4906.32, 7.605544, 0.389754, 14.45742, 10.0602
3985.55, 8.008963, 0.581976, 15.87814, 11.0889
4546.94, 6.647136, 0.136447, 13.60447, 10.796
5930.0, 9.124156, 1.244676, 16.03521, 13.852
4521.12, 7.182414, 0.23877, 14.36661, 11.1937
8731.09, 7.952933, 0.569275, 12.58108, 13.6779
5513.7, 8.332236, 0.798819, 14.88987, 11.4817
9814.64, 7.861249, 0.521379, 12.06039, 10.1877
7598.67, 8.497476, 0.914215, 13.90142, 18.2271
6401.84, 8.409086, 0.853656, 14.38956, 10.0332
4862.78, 7.933972, 0.539292, 14.92287, 14.5616
6009.16, 8.677272, 1.025399, 15.10972, 10.118
4375.56, 7.596671, 0.382681, 14.97622, 11.4697
4944.58, 7.872844, 0.504715, 14.76825, 11.4498
5330.73, 7.871249, 0.507942, 14.4082, 10.0205
4722.12, 8.292156, 0.768641, 15.57109, 12.785
5096.2, 7.916549, 0.530922, 14.67993, 10.6343
5250.94, 7.391732, 0.309798, 13.84428, 11.791
4551.59, 8.375525, 0.824986, 15.87075, 10.42
9282.54, 8.428067, 0.871263, 13.11068, 14.1949
6393.42, 8.376857, 0.832154, 14.32356, 13.0198
6089.46, 9.136206, 1.249106, 15.95843, 10.503
4412.21, 7.640568, 0.401145, 14.98037, 15.4981
9701.6, 8.021865, 0.612518, 12.31076, 18.0049
5102.77, 7.972854, 0.564108, 14.73207, 14.3894
7451.06, 8.343047, 0.81195, 13.73508, 10.5346
5258.05, 7.803334, 0.470254, 14.39253, 10.4582
5160.91, 8.134775, 0.665661, 14.91925, 10.6951
5415.12, 7.968439, 0.56474, 14.44141, 13.4775
5374.78, 7.999142, 0.582661, 14.52503, 12.7939
3873.6, 7.48526, 0.334805, 15.3194, 24.4703
10238.36, 8.324507, 0.805119, 12.62108, 13.1425
5888.41, 7.908946, 0.533852, 13.99464, 12.6038
5215.03, 7.943555, 0.547799, 14.58959, 16.9818
5525.51, 8.869876, 1.132534, 15.85108, 10.2546
6432.23, 8.6263, 0.994822, 14.72501, 20.9887
5390.08, 8.21179, 0.717592, 14.8289, 10.1263
4630.18, 7.724618, 0.438151, 14.88198, 11.1176
5998.4, 8.009138, 0.593271, 14.04176, 16.748
5600.16, 8.127928, 0.664806, 14.51221, 12.4948
7695.6, 8.367836, 0.828837, 13.64277, 16.3503
3951.66, 7.719949, 0.433524, 15.52665, 25.4533
7361.87, 9.003695, 1.19737, 14.98562, 10.7881
4950.72, 8.001818, 0.580522, 14.92616, 11.8503
17831.2, 8.132298, 0.697105, 11.22664, 11.5584
5303.7, 8.16273, 0.684778, 14.82172, 11.1661
6642.17, 8.300837, 0.782179, 14.06631, 14.4408
7517.53, 8.409818, 0.856323, 13.7982, 14.7039
10104.0, 7.869799, 0.526922, 11.9605, 22.7399
4674.89, 7.780291, 0.464017, 14.95386, 10.0286
6548.95, 7.982289, 0.5797, 13.66695, 13.6476
7058.83, 7.909393, 0.539231, 13.33049, 10.3548
8853.31, 8.119043, 0.669719, 12.78644, 16.1521
7338.66, 8.160388, 0.692115, 13.49023, 16.2839
8528.18, 8.121205, 0.670225, 12.93881, 10.6788
6509.83, 7.935295, 0.552091, 13.6272, 12.6694
4845.49, 8.000427, 0.579098, 15.04448, 10.8363
4585.53, 8.088973, 0.633713, 15.43014, 11.2465
12985.11, 8.012888, 0.615515, 11.63116, 10.8647
7021.97, 8.105903, 0.656727, 13.57574, 16.0075
8555.87, 8.302879, 0.787548, 13.16683, 26.6542
5320.61, 8.340266, 0.803138, 15.0623, 22.9959
6088.54, 8.226558, 0.731321, 14.28529, 13.9448
6790.77, 7.968336, 0.572305, 13.49337, 15.027
4900.52, 8.09577, 0.639106, 15.09578, 10.3738
5132.34, 8.19529, 0.705068, 15.01471, 11.8196
4515.91, 6.896548, 0.161255, 14.08235, 10.2172
4738.86, 8.532015, 0.93057, 15.91973, 10.0245
5875.83, 8.110217, 0.65519, 14.27556, 14.8868
7830.81, 7.998302, 0.593165, 13.0265, 13.5981
7177.34, 8.413661, 0.858271, 13.9597, 11.5842
6543.18, 8.020942, 0.602828, 13.70973, 19.7521
4719.5, 8.09179, 0.63591, 15.27305, 11.1092
6445.01, 8.024637, 0.604695, 13.77424, 10.8574
4315.97, 7.753182, 0.449129, 15.22566, 10.6549
5010.41, 7.928261, 0.536992, 14.76132, 10.5863
8007.73, 8.27625, 0.768925, 13.35987, 12.7729
4449.97, 7.418723, 0.3111, 14.68167, 14.2065
6367.48, 7.618206, 0.409425, 13.24105, 22.5023
5193.5, 7.668082, 0.419167, 14.21241, 10.4992
4956.77, 7.775398, 0.463798, 14.60072, 17.1644
7428.33, 8.298572, 0.782462, 13.65121, 27.9299
8754.69, 7.474274, 0.369698, 11.82804, 11.3534
9101.16, 7.883336, 0.531149, 12.34, 11.0224
5150.66, 7.805982, 0.470256, 14.477, 20.7283
4961.58, 7.923382, 0.533764, 14.8053, 16.3207
7382.1, 8.446621, 0.880429, 13.9175, 15.9441
4731.34, 7.992554, 0.573788, 15.12941, 13.3893
4681.14, 7.632657, 0.399207, 14.69274, 15.4259
5721.69, 8.121858, 0.661725, 14.39855, 14.0589
5632.02, 8.064701, 0.625123, 14.38964, 13.5664
6350.22, 8.218063, 0.726715, 14.10863, 14.0453
10503.5, 8.069018, 0.643124, 12.1458, 10.7173
4987.65, 8.576787, 0.960133, 15.75566, 10.3655
4569.03, 7.820272, 0.473536, 15.07548, 18.8
6917.6, 8.384415, 0.838364, 14.04707, 14.4088
6352.09, 8.066368, 0.629904, 13.88948, 11.5146
4582.52, 7.929702, 0.535528, 15.19959, 10.1824
4930.06, 7.902878, 0.521666, 14.81222, 15.3172
5760.8, 7.94965, 0.556496, 14.12175, 40.5681
13327.23, 7.947507, 0.57873, 11.46047, 10.7375
4845.83, 8.19985, 0.706901, 15.29793, 10.8631
10319.16, 8.352856, 0.823832, 12.63936, 13.6371
5896.4, 8.591288, 0.971817, 15.01512, 11.95
4261.18, 7.893214, 0.513326, 15.47399, 19.7152
18771.09, 7.866835, 0.548527, 10.71722, 18.2043
5632.48, 8.265271, 0.754822, 14.68271, 10.6882
7964.29, 8.220591, 0.732408, 13.30579, 10.0433
6556.29, 8.178901, 0.701919, 13.93399, 11.4434
6195.17, 8.215886, 0.724733, 14.20363, 14.0381
7134.66, 8.196982, 0.715209, 13.65173, 10.1186
4470.55, 7.646152, 0.403647, 14.92622, 13.6322
7134.55, 7.960809, 0.568987, 13.31061, 12.1905
5159.11, 8.212509, 0.716614, 15.01437, 11.3873
4845.34, 7.986596, 0.570662, 15.00262, 24.6384
6353.51, 8.660786, 1.01594, 14.83436, 10.3198
5286.64, 7.796504, 0.467053, 14.32807, 12.7576
5216.7, 8.010534, 0.5879, 14.67019, 10.5794
5896.46, 9.118151, 1.242464, 16.05284, 11.9492
22773.31, 9.003897, 1.204242, 12.34753, 10.4429
4595.28, 8.357828, 0.813016, 15.78723, 10.075
4692.03, 7.717061, 0.435301, 14.811, 10.9034
5653.6, 8.216224, 0.722486, 14.58956, 13.0908
7929.32, 8.019063, 0.605852, 13.00733, 23.4287
9124.31, 8.284472, 0.776625, 12.92193, 34.4065
6099.36, 8.471392, 0.89431, 14.66881, 10.2361
4999.21, 8.114184, 0.651401, 15.02623, 11.5905
5481.41, 8.164613, 0.687512, 14.65586, 11.5753
7252.52, 8.497182, 0.913504, 14.06634, 10.8529
4672.72, 7.920642, 0.530556, 15.09608, 12.1385
9086.19, 8.006691, 0.601776, 12.5166, 11.1851
5352.74, 8.048516, 0.612609, 14.61103, 16.0147
6379.35, 8.089075, 0.644139, 13.90925, 13.5939
6205.01, 7.974155, 0.573443, 13.8586, 14.8507
5030.35, 8.105855, 0.646222, 14.99318, 10.2023
5821.69, 8.064864, 0.626439, 14.24313, 19.1424
4654.98, 7.247665, 0.258297, 14.2404, 10.5987
7447.51, 8.000098, 0.593097, 13.20809, 11.3906
3855.43, 7.694119, 0.421904, 15.56604, 59.5827
11268.38, 9.278118, 1.294961, 14.22501, 11.5368
4932.2, 7.752933, 0.45344, 14.59063, 13.5428
7813.92, 8.386658, 0.841518, 13.63214, 10.447
5849.24, 8.261013, 0.75311, 14.50866, 29.2549
9093.65, 8.639274, 1.005905, 13.54872, 11.0069
9338.32, 7.94194, 0.56474, 12.32923, 17.1247
5986.53, 8.150903, 0.68168, 14.24862, 12.2591
6882.94, 8.038863, 0.614818, 13.55864, 10.4326
4466.93, 8.440162, 0.868747, 16.03221, 13.7286
10417.48, 8.518412, 0.931838, 12.89703, 10.6263
6598.28, 8.341056, 0.8088, 14.15248, 17.1131
8099.87, 7.920914, 0.549064, 12.79606, 19.9754
4283.65, 7.52639, 0.353254, 14.96948, 20.0023
7814.03, 8.534489, 0.938592, 13.87038, 13.5962
5175.48, 7.940812, 0.545781, 14.62065, 18.2655
4907.49, 7.928868, 0.536578, 14.86848, 17.0993
19399.58, 7.823265, 0.528092, 10.59448, 17.7362
9679.93, 8.218906, 0.735233, 12.62441, 13.0143
6616.37, 8.286236, 0.772433, 14.05235, 26.4478
6350.04, 8.08657, 0.64246, 13.92091, 11.7584
9500.18, 8.636858, 1.004873, 13.39857, 11.6286
4634.01, 7.976271, 0.563523, 15.20636, 18.015
6760.48, 8.428305, 0.867204, 14.19573, 23.4863
6401.95, 8.582741, 0.967446, 14.6652, 24.4437
7225.82, 8.419451, 0.862193, 13.95687, 10.1296
4997.77, 7.924274, 0.534567, 14.7705, 10.3986
6073.55, 8.255343, 0.750253, 14.33788, 14.6113
5615.67, 8.108245, 0.652377, 14.46395, 14.1745
11996.95, 8.103361, 0.667733, 11.84487, 16.7005
4866.25, 7.856634, 0.495061, 14.81199, 11.1709
7231.12, 8.397026, 0.847338, 13.91798, 10.0435
6297.3, 7.530097, 0.376785, 13.1689, 10.4142
8460.7, 7.892965, 0.534505, 12.60937, 19.042
10951.86, 9.276152, 1.294329, 14.30477, 21.8971
4506.33, 8.261779, 0.74765, 15.72501, 21.3603
5234.93, 7.90235, 0.524219, 14.52005, 10.6018
5169.41, 8.370381, 0.822829, 15.25212, 10.8675
8804.75, 8.316847, 0.797229, 13.09458, 24.7643
8624.05, 7.802492, 0.486496, 12.42461, 10.722
7186.59, 8.3558, 0.819897, 13.86581, 10.9748
14506.99, 8.384402, 0.85126, 11.97839, 12.5554
10135.46, 8.001835, 0.601856, 12.15663, 10.3638
8011.1, 8.294763, 0.781125, 13.38883, 12.7977
7984.44, 8.347621, 0.815997, 13.48623, 12.2877
4554.68, 7.877244, 0.505105, 15.16196, 12.3457
5959.99, 8.377185, 0.831103, 14.61942, 10.3849
6458.88, 8.052014, 0.621463, 13.80646, 10.5456
6059.12, 8.324752, 0.796383, 14.46202, 11.4536
5175.84, 7.927445, 0.537989, 14.60005, 14.2137
8972.79, 7.993963, 0.593921, 12.54389, 13.1256
5182.24, 7.165997, 0.243708, 13.60656, 11.9604
6671.55, 8.193466, 0.711706, 13.88797, 12.1799
4210.1, 7.762186, 0.453106, 15.34386, 11.8861
11745.26, 8.08145, 0.653767, 11.87618, 10.1945
5176.75, 8.176448, 0.692917, 14.95438, 10.6466
6991.71, 8.151053, 0.685267, 13.65161, 17.9978
5532.41, 7.400573, 0.318921, 13.55377, 20.6726
5512.26, 8.428852, 0.863673, 15.03667, 35.997
4643.49, 7.766218, 0.457229, 14.91708, 10.3386
6028.7, 8.074006, 0.633207, 14.11124, 11.9583
9361.29, 8.024843, 0.613363, 12.45053, 10.8575
4904.35, 7.928491, 0.536337, 14.88043, 10.7841
6199.78, 7.979205, 0.576406, 13.86609, 15.5441
4994.16, 8.383323, 0.831073, 15.43953, 10.0063
5214.97, 7.971072, 0.56407, 14.62621, 11.2654
4497.43, 6.999125, 0.46059, 13.24464, 12.2479
5730.54, 7.991243, 0.580917, 14.21232, 15.423
4916.73, 7.894256, 0.516628, 14.82242, 10.8092
6677.33, 8.209661, 0.722255, 13.90803, 16.0908
5096.82, 8.066216, 0.621458, 14.86307, 28.4273
5286.12, 7.82515, 0.48222, 14.37658, 10.4709
6853.71, 7.557487, 0.389752, 12.87755, 12.1606
4145.27, 7.772591, 0.457863, 15.41662, 19.6523
5138.26, 8.289212, 0.767847, 15.15909, 10.508
5102.33, 8.004898, 0.58348, 14.7752, 21.7542
4168.07, 7.889426, 0.510925, 15.55857, 11.5942
7508.19, 8.064757, 0.63244, 13.27915, 10.7274
4625.69, 8.137342, 0.665115, 15.43636, 10.533
11566.61, 7.992808, 0.600457, 11.76874, 13.2894
9031.51, 7.806102, 0.4897, 12.25586, 13.7377
5117.69, 7.912154, 0.528584, 14.64507, 10.866
5893.6, 7.975619, 0.572614, 14.07325, 12.3744
10698.59, 8.310095, 0.796627, 12.45918, 13.0194
13464.44, 7.978954, 0.596944, 11.48956, 10.4356
8537.04, 8.151622, 0.689431, 12.94137, 12.9331
5533.31, 7.975732, 0.570178, 14.34597, 15.1837
18010.7, 7.933505, 0.582127, 10.89115, 30.4799
11358.98, 8.687046, 1.037007, 12.9364, 67.4058
6711.87, 7.996141, 0.588506, 13.59288, 10.0324
4150.16, 7.754375, 0.449445, 15.39006, 10.7456
5548.97, 8.01491, 0.593875, 14.38687, 12.8318
4987.25, 7.794537, 0.462439, 14.6202, 10.8659
4902.86, 8.162493, 0.6824, 15.1909, 14.4089
7791.39, 8.240653, 0.745117, 13.40005, 11.1966
9428.7, 8.688388, 1.035821, 13.53218, 10.2694
7440.72, 8.095192, 0.651127, 13.33839, 24.2465
7509.48, 8.019379, 0.604823, 13.20462, 11.8441
4857.49, 8.035844, 0.601042, 15.05941, 14.0243
8033.0, 7.955324, 0.568567, 12.87331, 17.5796
5046.83, 7.860957, 0.498983, 14.63984, 21.4046
8947.05, 7.945327, 0.565531, 12.48921, 11.3458
6799.12, 8.259634, 0.755341, 13.90831, 35.1231
4242.74, 7.243316, 0.254206, 14.68624, 10.663
7229.7, 8.396429, 0.84694, 13.91253, 11.2475
5025.52, 7.928285, 0.537129, 14.74785, 22.6834
16942.73, 8.240676, 0.763035, 11.47837, 10.5788
7794.45, 8.11912, 0.667026, 13.2238, 11.0462
6743.47, 8.244507, 0.745243, 13.93216, 10.6987
5503.09, 8.13162, 0.666434, 14.59047, 13.2254
6482.36, 8.014608, 0.598774, 13.7406, 14.6554
6174.24, 8.00506, 0.591723, 13.91778, 15.0794
6568.97, 8.259507, 0.754633, 14.04206, 19.7033
5073.08, 8.018796, 0.591772, 14.82374, 17.2013
10609.74, 8.476125, 0.904838, 12.76039, 11.7628
15956.27, 8.411972, 0.871099, 11.85598, 20.4304
5484.17, 8.59581, 0.973323, 15.34545, 11.3954
4554.48, 7.768703, 0.457869, 15.00035, 18.8578
4942.53, 8.128623, 0.660456, 15.11169, 10.1886
5213.57, 7.997005, 0.579645, 14.65979, 13.3685
5998.86, 8.021102, 0.600515, 14.05758, 12.0618
6036.61, 7.530813, 0.375109, 13.34305, 10.1174
5439.73, 7.980277, 0.572036, 14.44103, 10.4935
10922.28, 8.209059, 0.731699, 12.29497, 15.744
8540.66, 8.327721, 0.803886, 13.22268, 11.1975
9649.53, 7.974199, 0.584261, 12.26663, 12.7757
11401.73, 8.0772, 0.650368, 11.93569, 10.3873
6433.62, 8.3465, 0.812016, 14.25484, 10.5885
5068.9, 8.022583, 0.594073, 14.83719, 10.3948
7873.28, 8.318075, 0.796241, 13.48699, 13.247
12181.59, 8.047353, 0.634144, 11.73627, 21.5025
4464.71, 7.846386, 0.48747, 15.2144, 16.8146
5787.6, 7.92754, 0.543841, 14.09325, 10.6231
4700.51, 7.769304, 0.458919, 14.85165, 11.4766
6297.01, 8.242029, 0.742273, 14.18736, 11.0149
8754.42, 8.608737, 0.986746, 13.62104, 11.3327
5015.58, 7.93651, 0.541859, 14.77017, 13.666
5111.3, 7.931804, 0.539911, 14.66913, 12.3349
6539.38, 8.287278, 0.772913, 14.10425, 12.9956
6966.61, 8.180494, 0.704117, 13.70713, 15.1006
4276.44, 7.888828, 0.510846, 15.45372, 14.3701
8246.77, 7.943199, 0.562227, 12.76718, 10.6435
6303.44, 7.969461, 0.571121, 13.78795, 12.5424
7486.74, 8.674146, 1.025394, 14.26867, 10.747
10334.62, 8.093306, 0.657551, 12.23195, 17.9374
7045.77, 7.900762, 0.53433, 13.2759, 12.4364
6643.6, 8.210377, 0.722622, 13.92704, 10.9561
4462.64, 7.873017, 0.502389, 15.24881, 26.2786
6680.41, 8.113034, 0.660237, 13.76572, 17.2621
10137.69, 8.214957, 0.733727, 12.46805, 21.8325
12865.71, 7.964548, 0.587261, 11.54056, 18.5693
6621.06, 7.868234, 0.514781, 13.47579, 10.2267
8453.55, 8.417011, 0.862655, 13.40042, 34.7398
6612.13, 9.005036, 1.197614, 15.35146, 13.2722
6655.62, 8.126675, 0.668789, 13.7989, 11.1167
9942.38, 7.977237, 0.58688, 12.16508, 15.1771
5523.43, 8.216607, 0.721842, 14.69634, 15.9136
6719.79, 8.088378, 0.644885, 13.71698, 10.3623
7139.84, 8.384102, 0.838593, 13.92805, 18.2525
9393.59, 8.273766, 0.770204, 12.79919, 44.9816
5047.54, 8.042673, 0.606373, 14.88174, 12.7046
3921.96, 7.746039, 0.44504, 15.58712, 18.806
7195.32, 8.192849, 0.712677, 13.60771, 23.3713
5255.82, 8.231706, 0.729909, 14.95292, 16.3471
7843.46, 7.96677, 0.574639, 12.97382, 18.2694
5887.26, 8.211746, 0.720768, 14.41602, 10.2113
7333.86, 8.414903, 0.859369, 13.89925, 10.3107
4447.39, 7.805655, 0.474876, 15.17143, 10.5884
6691.75, 8.099434, 0.651717, 13.73808, 24.9871
23494.34, 8.315823, 0.82062, 10.99916, 12.5691
4622.52, 7.968516, 0.558796, 15.214, 11.1531
5136.2, 7.80642, 0.470318, 14.48968, 27.6871
5162.73, 7.961065, 0.557604, 14.64977, 48.115
6246.31, 8.054763, 0.622306, 13.94843, 10.6114
6855.37, 8.471445, 0.895939, 14.22383, 13.3427
5503.66, 7.897874, 0.524694, 14.27049, 11.8436
5511.23, 8.318725, 0.789735, 14.87161, 10.7633
7740.77, 7.927873, 0.551893, 12.96669, 21.2778
5451.93, 8.035018, 0.605322, 14.49793, 14.5342
4926.89, 7.929287, 0.536957, 14.84948, 12.2046
6102.19, 8.00852, 0.593452, 13.96989, 19.2785
7298.12, 8.374046, 0.832218, 13.84278, 13.1707
6781.48, 8.314687, 0.79172, 14.01933, 10.1642
5915.05, 7.974315, 0.571968, 14.0616, 10.155
5044.73, 7.844155, 0.489696, 14.62239, 20.9708
5283.13, 8.069607, 0.625065, 14.70375, 12.0071
5789.33, 7.901111, 0.528762, 14.04749, 24.0187
6636.6, 8.487437, 0.906092, 14.36805, 13.0703
7410.27, 8.601155, 0.980442, 14.18028, 10.5063
7088.19, 7.923478, 0.547315, 13.29326, 11.1042
9556.25, 8.414408, 0.862756, 12.98592, 14.4105
6299.4, 7.925369, 0.545488, 13.73017, 24.1195
5804.11, 7.814762, 0.481567, 13.9236, 18.6622
4719.83, 7.836728, 0.483198, 14.94512, 13.3326
13853.86, 8.064499, 0.648067, 11.58136, 10.0429
7657.26, 7.975384, 0.579111, 13.07523, 18.1852
9700.15, 7.974597, 0.58464, 12.24814, 26.5911
7582.73, 8.720252, 1.052828, 14.31042, 19.5957
5130.72, 8.021999, 0.594186, 14.78096, 12.3146
6089.57, 8.062019, 0.626069, 14.04976, 30.7423
4542.45, 8.619896, 0.987223, 16.26065, 19.2737
5057.04, 7.990972, 0.574662, 14.8076, 10.5459
4615.76, 7.848145, 0.489021, 15.06422, 15.9174
7646.51, 7.254534, 0.292815, 12.02061, 13.9232
5435.3, 8.148445, 0.676641, 14.67684, 10.214
19716.8, 7.946091, 0.593071, 10.74314, 17.614
5251.7, 8.508148, 0.915643, 15.40726, 10.2502
14727.49, 7.991721, 0.607247, 11.34481, 17.0779
6284.13, 8.264762, 0.757238, 14.22202, 13.2794
5974.41, 8.511283, 0.920314, 14.82886, 10.3862
5227.97, 8.271602, 0.756432, 15.0401, 12.6929
7450.25, 7.548336, 0.389234, 12.53762, 15.325
11274.35, 8.149755, 0.694905, 12.07647, 10.0714
5739.55, 8.020654, 0.598742, 14.25317, 10.1078
6733.91, 8.297551, 0.780236, 14.01011, 16.5667
6522.86, 7.436836, 0.344597, 12.89936, 10.3612
5747.94, 8.021839, 0.599518, 14.24869, 10.4869
4042.47, 7.692737, 0.421954, 15.41093, 16.12
9848.45, 8.280474, 0.775552, 12.67509, 11.2172
6553.86, 7.629458, 0.414443, 13.14954, 27.4778
4374.74, 8.179357, 0.6922, 15.73195, 13.0071
9148.14, 8.578471, 0.968335, 13.42878, 10.9774
8239.12, 8.280314, 0.772072, 13.2782, 11.356
5757.09, 8.179101, 0.698792, 14.45413, 22.7978
10816.05, 8.019574, 0.614234, 11.97065, 15.1149
8775.36, 8.59563, 0.978622, 13.5952, 12.9907
5030.28, 7.966154, 0.559524, 14.79418, 13.7941
5236.53, 8.09705, 0.642, 14.77284, 12.4249
5086.93, 7.815441, 0.474575, 14.55348, 11.1426
6979.27, 8.389701, 0.842, 14.04356, 10.2832
6346.47, 7.778783, 0.46615, 13.52394, 11.218
13651.94, 8.001996, 0.610691, 11.51, 12.5639
5955.81, 7.780236, 0.471582, 13.76272, 11.186
4469.86, 8.178282, 0.691668, 15.64145, 13.1473
7512.7, 8.021391, 0.606043, 13.21616, 11.5431
5316.07, 8.116712, 0.655182, 14.74055, 10.8755
4323.9, 7.934257, 0.537442, 15.46281, 18.2536
5338.55, 8.362072, 0.817927, 15.08517, 10.7337
5966.31, 8.296479, 0.777186, 14.48416, 10.226
7267.73, 8.024225, 0.60705, 13.32662, 16.4875
6427.26, 8.597378, 0.976738, 14.68569, 10.5088
4204.54, 7.948858, 0.545828, 15.59641, 17.8497
16294.18, 8.015145, 0.624272, 11.20531, 17.2276
5028.88, 7.792757, 0.461927, 14.57536, 13.0248
5045.05, 7.985833, 0.571461, 14.80144, 12.8468
6651.39, 7.861563, 0.51124, 13.43756, 13.8936
13114.62, 8.359331, 0.832905, 12.0881, 13.381
5759.65, 8.378101, 0.830932, 14.76676, 12.4814
8153.9, 8.474029, 0.899692, 13.62177, 12.231
5317.9, 7.78741, 0.473305, 14.26553, 19.4239
8081.92, 7.919375, 0.548136, 12.81421, 10.2744
6175.38, 8.552501, 0.947663, 14.75392, 13.7439
4902.01, 7.953188, 0.550891, 14.91393, 10.7805
8989.16, 8.121465, 0.671586, 12.73834, 10.345
6056.5, 8.276304, 0.76409, 14.39388, 11.6362
5113.38, 8.225322, 0.724896, 15.08238, 11.2629
7977.72, 7.980756, 0.583237, 12.93265, 18.6891
6268.4, 8.269028, 0.76001, 14.23524, 18.4858
10918.66, 7.486658, 0.384061, 11.33588, 11.2632
6391.59, 8.358563, 0.819949, 14.30059, 16.776
5550.42, 7.955294, 0.558229, 14.30202, 14.9649
6759.29, 8.32562, 0.798927, 14.04022, 14.2118
6274.16, 8.137467, 0.674309, 14.0409, 14.8833
6890.73, 8.060175, 0.627903, 13.58328, 12.3255
5874.94, 8.135174, 0.671073, 14.30397, 19.9394
8409.79, 8.256756, 0.756972, 13.16964, 12.6445
9223.53, 7.980239, 0.586567, 12.42643, 20.8453
4940.23, 7.956222, 0.552945, 14.86876, 18.5304
9365.65, 8.263313, 0.763325, 12.80162, 30.6352
7948.72, 9.210504, 1.274145, 15.15797, 15.6638
9498.63, 8.324229, 0.803455, 12.86651, 10.9856
7305.17, 8.214664, 0.727099, 13.59886, 10.6378
9790.68, 7.973757, 0.584414, 12.22269, 12.9461
9667.54, 8.072783, 0.643205, 12.40881, 11.8606
5047.05, 8.008171, 0.585062, 14.83958, 10.9503
8497.85, 7.945267, 0.56417, 12.66322, 14.6488
4800.57, 7.794336, 0.47185, 14.79131, 14.1554
5980.83, 8.105548, 0.652752, 14.19546, 12.2261
7875.22, 8.385806, 0.841064, 13.60349, 11.958
6061.09, 8.372901, 0.828568, 14.54035, 12.401
5439.18, 7.768057, 0.465654, 14.14964, 10.2474
7151.16, 8.351538, 0.816997, 13.88588, 11.0563
6713.61, 8.3267, 0.799534, 14.06696, 18.5009
6349.27, 8.190977, 0.709048, 14.0882, 10.0623
6443.55, 8.25677, 0.752459, 14.11401, 14.7325
7610.04, 8.288073, 0.775896, 13.56648, 12.5173
4574.93, 7.800361, 0.462836, 15.05484, 12.2079
5314.07, 8.117368, 0.655584, 14.74319, 11.8683
8231.4, 8.426445, 0.868514, 13.50507, 21.5212
9268.68, 7.984698, 0.589308, 12.43595, 11.0208
4920.68, 7.813416, 0.471868, 14.71786, 13.2318
6554.6, 7.896029, 0.529951, 13.53838, 18.955
9750.77, 7.907524, 0.546548, 12.15296, 10.0213
9472.83, 7.979059, 0.586586, 12.33497, 15.7455
4766.64, 7.973842, 0.562571, 15.07667, 11.2812
5798.32, 8.323766, 0.794714, 14.66045, 10.3055
7100.35, 8.060096, 0.628452, 13.46465, 17.8578
9446.32, 8.020883, 0.611227, 12.40287, 15.5422
20001.19, 7.935052, 0.587754, 10.72395, 11.034
12135.8, 7.938205, 0.570526, 11.60254, 11.9803
4848.48, 8.313163, 0.783147, 15.47389, 14.2771
5437.01, 8.278671, 0.762388, 14.86445, 13.9662
6524.63, 8.085019, 0.642143, 13.82245, 12.7999
14226.16, 7.927058, 0.569552, 11.3373, 10.1345
10721.98, 8.102128, 0.663963, 12.12624, 14.6551
4787.35, 7.767686, 0.459165, 14.76826, 11.5082
6379.08, 8.277182, 0.765764, 14.1832, 15.8371
7192.27, 8.48425, 0.904923, 14.07742, 13.4847
4900.99, 8.035091, 0.600778, 15.0369, 10.909
17526.49, 7.792928, 0.507959, 10.76981, 10.6063
8317.66, 7.507982, 0.379113, 12.08083, 13.9239
4140.14, 7.803329, 0.472579, 15.46305, 16.7287
5136.12, 8.438006, 0.868391, 15.38512, 21.1671
4665.96, 8.086875, 0.632599, 15.32898, 14.5906
14419.82, 8.00355, 0.613366, 11.42115, 15.7308
7524.15, 8.211444, 0.725495, 13.4853, 15.787
4772.27, 8.027705, 0.595617, 15.14347, 13.7591
5666.05, 7.593806, 0.394804, 13.69576, 38.5114
7320.31, 7.935807, 0.555104, 13.19155, 12.6199
5870.81, 7.378843, 0.318063, 13.26871, 11.9378
9082.86, 7.876783, 0.527498, 12.36217, 10.9667
9048.12, 7.898059, 0.539126, 12.39643, 11.7955
11501.8, 8.670776, 1.027539, 12.90334, 12.6381
4332.96, 7.753566, 0.449192, 15.20999, 16.3821
5340.12, 8.12089, 0.658063, 14.73337, 11.4586
4254.46, 7.581741, 0.37609, 15.0713, 13.8344
4102.39, 7.987089, 0.568729, 15.74858, 14.5914
10057.83, 8.155439, 0.695602, 12.41366, 12.4889
6705.98, 8.024895, 0.605779, 13.67026, 10.0278
11503.57, 8.108519, 0.669794, 11.95525, 20.9638
4762.22, 8.249026, 0.739596, 15.46993, 10.8698
7473.76, 8.064781, 0.632362, 13.33088, 10.0997
5496.47, 8.093025, 0.641848, 14.58292, 10.1715
5031.84, 7.992646, 0.575489, 14.83681, 14.6575
15001.4, 7.977635, 0.59982, 11.32708, 11.7038
4359.23, 7.989919, 0.571037, 15.49836, 16.4327
5073.74, 7.844585, 0.490214, 14.60225, 13.6662
10056.55, 8.381181, 0.841889, 12.806, 10.0839
5564.35, 8.320634, 0.791376, 14.83045, 12.5397
4989.93, 9.006408, 1.197062, 16.59245, 14.1988
6399.54, 8.835102, 1.1156, 15.12755, 22.091
6608.64, 8.077983, 0.638051, 13.76507, 13.0667
5168.76, 7.892634, 0.517947, 14.60798, 10.5011
13365.0, 7.917842, 0.562282, 11.42945, 13.7517
6225.2, 8.028878, 0.606364, 13.95156, 10.0147
3734.23, 7.664017, 0.408699, 15.64303, 16.1441
15268.62, 8.337861, 0.8224, 11.8145, 19.3092
4662.87, 7.781433, 0.464507, 14.93513, 10.6832
4956.57, 7.961261, 0.55606, 14.87723, 11.3491
4934.9, 7.961214, 0.555885, 14.88235, 20.1551
5604.4, 8.126191, 0.663725, 14.53314, 10.5265
7231.55, 8.210387, 0.724146, 13.61686, 18.4495
10890.27, 8.462744, 0.896603, 12.65777, 17.9456
7885.65, 8.114611, 0.664424, 13.17874, 13.2635
7094.07, 8.174569, 0.700622, 13.71404, 10.4087
7424.71, 7.866821, 0.516788, 13.04524, 14.307
5729.29, 8.238898, 0.737869, 14.58369, 12.4129
5124.51, 7.992665, 0.576222, 14.74664, 14.4543
15007.18, 8.063207, 0.649789, 11.49822, 10.3327
5742.25, 8.066186, 0.626786, 14.32229, 12.1401
17176.77, 7.948109, 0.588211, 11.01066, 13.3468
6471.5, 8.410348, 0.854659, 14.34487, 13.776
8553.02, 7.928115, 0.554533, 12.65004, 11.3618
4695.35, 7.938773, 0.541308, 15.12232, 11.9247
5666.3, 8.517606, 0.923409, 15.0576, 26.0311
21830.12, 8.180182, 0.733637, 10.92691, 14.9131
6763.15, 8.21595, 0.726597, 13.88577, 12.6389
7972.91, 8.201381, 0.719966, 13.33115, 10.4758
5684.06, 7.953326, 0.558112, 14.207, 14.1505
5071.28, 7.295885, 0.276563, 13.94828, 10.0613
6357.22, 8.31666, 0.791928, 14.33837, 10.1127
6137.27, 8.458289, 0.885717, 14.68038, 10.6149
7547.13, 8.322607, 0.798596, 13.73294, 10.116
3853.69, 7.715037, 0.431018, 15.60342, 32.9547
4729.12, 7.96837, 0.559112, 15.10894, 16.4831
6999.88, 8.000073, 0.591756, 13.43013, 17.5587
5419.6, 7.967394, 0.564168, 14.5173, 10.3477
8192.97, 8.259485, 0.758301, 13.28112, 10.7769
10141.88, 8.816446, 1.108381, 13.56742, 10.6686
4568.87, 7.984404, 0.568247, 15.29079, 15.0743
6649.49, 8.257187, 0.75333, 14.0043, 14.1578
7599.78, 8.036105, 0.615186, 13.19352, 14.6771
8558.06, 8.507657, 0.922252, 13.5515, 10.5649
4532.4, 8.116124, 0.651071, 15.52078, 11.2638
5702.29, 8.104819, 0.650781, 14.39093, 23.6349
4990.78, 8.148909, 0.673874, 15.11286, 10.3097
10901.81, 7.979777, 0.591104, 11.89289, 36.2646
4962.33, 8.017812, 0.590412, 14.94794, 11.5305
5580.52, 8.367436, 0.822871, 14.91462, 10.2546
7563.91, 8.316052, 0.794291, 13.63248, 14.2517
6075.5, 8.159374, 0.687523, 14.20841, 16.1186
6037.83, 8.230431, 0.733672, 14.35482, 10.5131
7350.42, 8.52627, 0.932623, 14.0863, 11.7362
6919.47, 8.327062, 0.800256, 13.97475, 12.1764
13725.17, 7.974123, 0.594799, 11.46952, 12.2741
6505.32, 8.020728, 0.602558, 13.77043, 10.5677
6343.93, 8.214197, 0.724165, 14.14277, 10.3031
7724.63, 8.261218, 0.758453, 13.49877, 10.3491
5346.51, 8.107432, 0.649535, 14.71819, 11.5796
8185.28, 7.62019, 0.417665, 12.36775, 10.6013
5107.09, 8.053347, 0.613457, 14.84462, 15.4947
4730.62, 8.419077, 0.854816, 15.75413, 14.187
4805.3, 8.18441, 0.696547, 15.36853, 10.382
6338.47, 7.922749, 0.544168, 13.75464, 10.6579
8415.91, 8.00147, 0.596772, 12.83603, 10.4132
7793.24, 8.253303, 0.753404, 13.47258, 10.6571
12353.18, 8.003727, 0.608699, 11.70948, 11.0882
9576.87, 7.995525, 0.596544, 12.33643, 12.3906
4733.63, 7.723784, 0.43843, 14.83058, 10.2218
5006.0, 7.966655, 0.559639, 14.81921, 27.1994
6321.4, 8.101641, 0.651796, 14.02683, 10.5067
16773.32, 7.896204, 0.558962, 11.00954, 11.681
9051.53, 8.317522, 0.798156, 13.01773, 16.0703
5869.31, 7.945755, 0.554911, 14.05401, 14.6488
16363.08, 8.015453, 0.624596, 11.22884, 11.3536
6556.32, 8.222951, 0.730573, 14.05478, 10.4022
5382.95, 7.975865, 0.5688, 14.48316, 15.2457
8102.92, 8.569716, 0.96151, 13.8429, 11.0251
8166.22, 8.196191, 0.717054, 13.2135, 10.6698
5266.83, 8.252108, 0.74358, 14.97371, 26.6506
6517.66, 8.271521, 0.762421, 14.13358, 10.7671
6274.17, 8.023735, 0.603452, 13.95037, 10.1295
5015.43, 8.196921, 0.705566, 15.16984, 11.2307
4210.49, 7.829791, 0.47754, 15.44739, 19.5828
8854.59, 8.350395, 0.819418, 13.1428, 14.2472
6788.96, 8.372801, 0.830369, 14.10617, 10.3912
7165.4, 8.380692, 0.836377, 13.91549, 24.8984
5343.98, 8.146435, 0.674523, 14.74964, 24.2301
5898.15, 8.256042, 0.750029, 14.48148, 10.8507
7684.55, 8.300742, 0.784409, 13.5525, 11.0416
6104.83, 8.584328, 0.967892, 14.87493, 10.5023
6097.51, 8.582391, 0.966645, 14.87011, 11.5788
9811.17, 7.962448, 0.577919, 12.2179, 10.2528
6741.88, 8.320246, 0.795315, 14.03726, 31.6444
4866.18, 7.899999, 0.519571, 14.86916, 30.7063
4714.74, 7.782155, 0.464993, 14.86554, 12.1778
4863.5, 8.036228, 0.601308, 15.06231, 12.5439
8710.48, 8.083531, 0.647279, 12.77911, 14.8213
5488.82, 8.129919, 0.665224, 14.60889, 11.2234
9439.97, 7.990344, 0.593108, 12.35617, 29.7868
5158.72, 8.443135, 0.871907, 15.38877, 10.5621
8736.94, 7.98911, 0.590389, 12.63867, 13.7466
6100.92, 8.101049, 0.650487, 14.10019, 16.5225
7547.45, 7.85257, 0.509451, 12.95978, 15.3679
5981.19, 7.959207, 0.563454, 13.99383, 13.1056
13640.77, 8.016084, 0.618884, 11.53899, 14.0739
4507.27, 7.397709, 0.303614, 14.65459, 15.7408
4989.63, 7.250889, 0.263059, 13.89618, 11.5144
6799.55, 8.389686, 0.841622, 14.14416, 10.3504
7324.64, 8.04416, 0.619313, 13.34809, 11.9101
5015.39, 8.021721, 0.593165, 14.90908, 10.6528
7129.55, 8.499836, 0.915058, 14.1478, 11.531
5370.69, 7.89576, 0.522153, 14.40058, 11.8071
5296.91, 7.991754, 0.577341, 14.59379, 11.8195
5212.85, 7.961985, 0.558643, 14.63886, 10.6079
5416.38, 7.883514, 0.515766, 14.35062, 10.6645
7555.64, 8.50181, 0.916984, 13.96619, 10.3423
5402.26, 8.38778, 0.835535, 15.08299, 11.4967
7205.18, 7.271297, 0.294841, 12.27098, 20.5896
7575.62, 7.911641, 0.54217, 13.02123, 18.0983
5160.88, 8.120471, 0.656434, 14.87893, 24.0367
5805.97, 8.125835, 0.66475, 14.36757, 11.3451
15221.41, 8.839875, 1.124271, 12.72969, 14.286
5972.18, 8.317535, 0.791259, 14.53272, 11.0128
7269.56, 8.007726, 0.597132, 13.3163, 14.8077
7953.36, 7.994685, 0.591384, 12.98455, 11.8047
4979.81, 8.447689, 0.874562, 15.53822, 75.1948
8232.06, 8.194549, 0.716147, 13.13947, 16.3823
5901.86, 8.306473, 0.783602, 14.55768, 11.8924
7670.67, 8.465392, 0.893271, 13.83489, 11.3765
9276.4, 8.010699, 0.604688, 12.47143, 12.0555
4119.35, 7.482927, 0.334755, 15.10905, 10.9574
6788.76, 8.205913, 0.720125, 13.85804, 11.4588
5762.56, 8.199714, 0.712268, 14.49895, 11.7519
7222.28, 7.984503, 0.583172, 13.29379, 18.9297
9227.26, 7.947526, 0.567614, 12.38557, 12.734
6746.41, 8.300964, 0.78253, 14.01761, 12.9532
11601.73, 8.240145, 0.753097, 12.24422, 10.0068
6084.72, 8.190314, 0.707596, 14.26454, 10.607
7454.5, 8.451071, 0.883485, 13.91904, 10.644
5577.88, 7.991291, 0.57983, 14.33731, 13.2283
4484.48, 8.364355, 0.817293, 15.89934, 16.9493
5472.89, 8.092608, 0.641375, 14.56888, 11.9024
7380.59, 7.874676, 0.520949, 13.07657, 11.4956
7381.94, 8.114865, 0.663308, 13.42198, 10.0357
7257.95, 7.874667, 0.520535, 13.13202, 15.7292
5747.33, 7.87074, 0.511477, 14.0483, 11.6272
5105.7, 7.991448, 0.575332, 14.7557, 16.2552
5631.65, 8.089805, 0.640835, 14.42428, 14.7255
5114.61, 7.690059, 0.427324, 14.33924, 10.082
5148.93, 7.099943, 0.224075, 13.52433, 16.2749
6654.11, 8.51328, 0.923094, 14.41123, 12.1757
4432.3, 8.046863, 0.606576, 15.50971, 10.8466
5042.86, 7.881175, 0.510258, 14.67183, 13.8063
6666.65, 8.021512, 0.603602, 13.65403, 13.1371
4723.35, 7.763861, 0.456481, 14.83059, 13.2526
7317.14, 8.229963, 0.737105, 13.60558, 14.4041
9201.77, 8.267049, 0.765403, 12.86846, 15.6599
5238.67, 7.902636, 0.524428, 14.51162, 15.9475
5289.77, 8.069309, 0.624939, 14.69875, 11.0744
5720.89, 8.07812, 0.634096, 14.33876, 30.0564
5957.29, 8.063764, 0.62648, 14.16901, 10.2968
4664.02, 7.909025, 0.523758, 15.10729, 11.7596
5378.41, 8.001129, 0.5839, 14.51494, 16.0865
5121.51, 8.121991, 0.657154, 14.93659, 10.8615
13453.68, 8.095798, 0.666151, 11.6794, 11.1527
5402.85, 8.176101, 0.694285, 14.74137, 20.3922
11596.36, 8.046006, 0.631998, 11.8453, 16.8216
4486.79, 7.796599, 0.470659, 15.10898, 20.9002
4871.09, 7.263068, 0.264833, 14.06791, 12.4016
5520.39, 8.273182, 0.759332, 14.79392, 11.3598
8036.83, 8.20226, 0.720679, 13.24414, 12.1896
7284.27, 7.975105, 0.577818, 13.28857, 10.3049
6126.21, 7.966806, 0.568722, 13.91539, 12.3296
5317.99, 7.586855, 0.386937, 13.99768, 12.6879
5328.89, 7.986308, 0.574428, 14.53823, 20.0839
6210.48, 8.116351, 0.660632, 14.08476, 10.2183
5163.98, 8.401441, 0.843806, 15.3223, 10.5371
7159.85, 8.00882, 0.597466, 13.36289, 17.0254
4465.1, 8.21546, 0.716416, 15.70506, 13.071
6747.16, 8.259114, 0.754864, 13.94096, 19.7015
6119.85, 8.483863, 0.902617, 14.68298, 15.9704
8960.66, 8.343133, 0.814829, 13.09319, 13.9409
5181.82, 8.036022, 0.603258, 14.75965, 11.4824
6299.47, 8.359224, 0.820141, 14.36535, 15.54
7379.23, 7.932413, 0.553346, 13.14776, 24.4757
4936.76, 7.942965, 0.545064, 14.88157, 10.5254
6668.92, 8.209565, 0.722168, 13.90896, 34.8113
7899.39, 7.868927, 0.519494, 12.83482, 10.8803
5426.77, 8.038249, 0.607053, 14.53306, 14.2909
5399.08, 8.160324, 0.683993, 14.7298, 13.9517
5610.24, 8.494044, 0.907598, 15.0813, 11.4287
6426.27, 8.545355, 0.943551, 14.59606, 16.2894
10029.56, 8.411157, 0.861477, 12.84062, 10.9659
5177.09, 8.094916, 0.640197, 14.83732, 12.1361
5811.96, 8.407656, 0.850933, 14.76659, 18.1789
5607.5, 8.014226, 0.593903, 14.34815, 15.91
6147.77, 8.631413, 0.997522, 14.92953, 10.8341
5604.82, 7.890852, 0.521603, 14.19559, 12.3186
5094.88, 7.95556, 0.553738, 14.73539, 12.311
4901.14, 7.981919, 0.568123, 14.94455, 17.6933
4321.85, 7.76601, 0.454951, 15.27157, 10.076
10354.9, 7.962514, 0.579554, 12.03817, 11.4449
12357.07, 7.801856, 0.498089, 11.44707, 10.3168
6673.33, 9.347359, 1.314509, 16.06843, 14.4249
6007.19, 8.047995, 0.616998, 14.09807, 14.0925
5911.19, 8.210869, 0.720298, 14.39774, 14.6525
9913.53, 7.561115, 0.40403, 11.52721, 16.865
8151.6, 8.282918, 0.773607, 13.3267, 11.6283
6080.77, 8.144918, 0.67826, 14.18483, 13.7268
9701.45, 7.913717, 0.549857, 12.16382, 16.2263
5069.73, 8.147885, 0.673618, 15.01787, 11.2104
12432.65, 8.118356, 0.677888, 11.80887, 21.1423
5551.83, 8.188307, 0.703494, 14.64899, 11.9255
5562.57, 7.921725, 0.53881, 14.27834, 11.2327
6211.71, 8.308517, 0.786058, 14.3846, 10.4423
4957.57, 8.175601, 0.691232, 15.18157, 11.1614
6652.72, 8.391444, 0.842475, 14.21985, 12.4415
6170.5, 8.029654, 0.606589, 13.98127, 11.3835
5617.26, 8.349284, 0.810912, 14.84543, 11.4811
5911.26, 8.227539, 0.731253, 14.43039, 10.9764
4840.58, 7.912164, 0.526433, 14.93709, 10.1649
5110.11, 8.767963, 1.076927, 15.99444, 21.0171
6610.67, 8.355441, 0.818407, 14.18279, 10.6542
5090.76, 8.746765, 1.064769, 15.9717, 15.6689
4698.85, 7.610173, 0.389938, 14.65763, 10.8068
5632.56, 8.127922, 0.665023, 14.48528, 13.0829
7914.57, 8.673486, 1.02541, 14.09552, 10.8268
16036.85, 7.904308, 0.561552, 11.07317, 16.9256
9659.89, 8.271265, 0.769146, 12.73247, 10.3816
5630.65, 7.731631, 0.450731, 13.93855, 10.7796
6044.43, 7.873187, 0.514791, 13.8467, 10.7627
21934.58, 7.680158, 0.490439, 10.12613, 10.0491
7002.44, 7.878333, 0.521696, 13.2768, 12.273
6749.24, 8.048277, 0.620167, 13.64591, 12.9228
6252.37, 8.304477, 0.783499, 14.31175, 10.943
7785.05, 7.566761, 0.397242, 12.39897, 26.1151
14752.61, 8.034526, 0.632222, 11.42627, 10.8063
5720.26, 8.014746, 0.595022, 14.2691, 10.3956
5167.21, 7.901559, 0.523004, 14.58484, 11.9254
17818.32, 8.064494, 0.656331, 11.11949, 13.1799
4072.02, 7.909846, 0.522534, 15.68091, 15.8562
6668.07, 7.999525, 0.590381, 13.60866, 37.0822
4845.52, 7.87313, 0.504156, 14.86023, 23.096
14247.36, 7.912849, 0.561784, 11.31677, 11.8484
5808.34, 8.221238, 0.726629, 14.47892, 21.3068
5358.41, 8.137884, 0.669132, 14.7667, 10.0939
6438.78, 8.113859, 0.659938, 13.90701, 23.9756
5896.53, 8.563197, 0.953886, 14.97346, 14.6792
7273.18, 8.328887, 0.802217, 13.7887, 14.9083
4651.57, 7.98791, 0.570658, 15.20473, 16.6696
9020.1, 8.013642, 0.605727, 12.57148, 11.7509
8085.06, 7.922576, 0.54996, 12.82719, 10.4546
8997.16, 8.263024, 0.762331, 12.93708, 18.7643
6021.43, 8.382901, 0.835129, 14.57248, 17.1992
4888.94, 7.909397, 0.525131, 14.87102, 12.693
5427.91, 8.064134, 0.623091, 14.575, 11.2347
6389.65, 8.32662, 0.798652, 14.26986, 10.1716
9356.94, 8.031396, 0.617281, 12.46439, 12.7575
18081.77, 9.005262, 1.202651, 12.76796, 16.5023
7641.16, 7.93169, 0.553757, 13.03939, 10.9841
4839.87, 7.807664, 0.468156, 14.79164, 13.5265
24886.63, 8.119576, 0.703016, 10.56677, 13.3249
5135.07, 8.000518, 0.581077, 14.73916, 12.9609
4697.1, 8.217972, 0.718613, 15.47513, 10.3761
6412.84, 7.959545, 0.565772, 13.70854, 12.9797
5684.61, 8.202159, 0.713434, 14.54388, 16.561
4819.71, 7.935151, 0.539747, 14.96512, 12.523
11822.58, 7.963673, 0.584234, 11.68019, 10.418
4947.92, 7.950043, 0.549327, 14.85466, 25.8997
7257.97, 7.985558, 0.583903, 13.28419, 10.7945
8444.95, 8.149318, 0.687738, 12.98009, 17.6701
4243.31, 7.713192, 0.431099, 15.24488, 12.3187
7961.22, 9.542489, 1.383376, 15.88327, 16.2664
5830.5, 7.853104, 0.50236, 13.95365, 11.8803
9177.21, 8.607945, 0.98674, 13.46398, 10.8687
7840.97, 8.23509, 0.741589, 13.36767, 16.815
4412.07, 7.802713, 0.463456, 15.2159, 16.6163
9914.27, 8.241324, 0.750244, 12.56116, 61.8087
5487.3, 8.125244, 0.662221, 14.59434, 15.1909
9320.21, 8.206366, 0.726327, 12.7353, 11.7008
9921.94, 8.246707, 0.753749, 12.58793, 10.7202
11813.89, 8.03158, 0.623898, 11.78331, 11.5459
5908.76, 8.232701, 0.734644, 14.43057, 23.6092
4476.05, 7.767726, 0.45684, 15.0697, 37.1045
8480.44, 8.046972, 0.624275, 12.81732, 10.5872
6357.4, 8.157694, 0.687572, 14.01611, 19.2158
5949.59, 8.214079, 0.722567, 14.36736, 15.0288
10817.3, 7.528754, 0.397171, 11.21454, 22.3015
5805.61, 8.202135, 0.714078, 14.45437, 10.388
7413.03, 8.232233, 0.7388, 13.5636, 11.5546
8196.71, 8.05494, 0.628329, 12.94411, 18.1236
6745.41, 8.032908, 0.61077, 13.61659, 11.079
6335.44, 7.949927, 0.559828, 13.74538, 17.8237
5073.85, 7.942786, 0.54602, 14.72076, 17.5546
5761.84, 7.870354, 0.511365, 14.02788, 12.3036
4651.51, 7.792376, 0.469694, 14.93501, 10.933
5354.16, 8.302891, 0.778129, 14.97402, 11.1825
3911.38, 7.726522, 0.436225, 15.55748, 66.5095
4194.02, 7.72793, 0.437591, 15.29848, 66.4707
9739.97, 7.962314, 0.577632, 12.22197, 12.1962
9246.18, 7.787872, 0.481066, 12.1571, 12.1864
8875.31, 8.627402, 0.998398, 13.59155, 52.5536
4485.25, 8.199125, 0.705546, 15.65452, 23.1881
5191.43, 7.937508, 0.54401, 14.60096, 13.6512
4817.21, 8.033997, 0.599716, 15.0956, 13.896
5122.43, 8.08015, 0.630434, 14.85951, 18.271
6467.29, 7.913142, 0.539255, 13.6124, 17.0235
4390.11, 7.974866, 0.561948, 15.45039, 10.2854
5955.5, 8.424905, 0.862974, 14.69013, 10.5442
6226.58, 8.079252, 0.637397, 13.98794, 17.4039
6868.49, 8.302089, 0.783572, 13.94549, 11.2131
5568.56, 7.94053, 0.54974, 14.2574, 41.4079
9401.59, 8.433457, 0.874989, 13.07512, 10.8826
13081.38, 8.016771, 0.618014, 11.58831, 14.2846
19436.95, 7.89695, 0.565983, 10.69892, 11.2336
4801.03, 8.251968, 0.741665, 15.41941, 29.7198
6304.89, 8.000401, 0.589511, 13.8267, 24.2058
4834.11, 8.427775, 0.86087, 15.65842, 10.5689
4237.78, 7.721234, 0.434559, 15.26124, 10.9896
6090.19, 7.896488, 0.528047, 13.8324, 14.3046
17855.04, 7.866566, 0.54602, 10.81145, 12.0845
6436.14, 8.166723, 0.69366, 13.98173, 14.8849
10829.13, 7.176751, 0.293142, 10.66847, 11.355
4917.31, 7.820143, 0.475461, 14.72181, 14.756
7055.23, 8.052047, 0.623381, 13.47658, 10.1118
13906.25, 9.048272, 1.218529, 13.25344, 10.4216
6671.93, 8.191915, 0.710701, 13.87945, 12.7902
5201.48, 8.049454, 0.611762, 14.74275, 14.3824
6174.74, 7.992936, 0.584459, 13.89997, 17.3945
8605.74, 8.119039, 0.66907, 12.8724, 11.7209
5671.32, 7.970175, 0.567947, 14.22915, 10.692
4933.52, 9.240519, 1.282479, 17.13144, 31.1751
7392.01, 8.374794, 0.832888, 13.79169, 20.539
4696.07, 7.833584, 0.481356, 14.96277, 13.3101
7624.13, 8.407444, 0.854938, 13.74249, 11.6412
5138.64, 8.261641, 0.749306, 15.10265, 10.3734
9348.34, 8.118058, 0.670371, 12.58571, 15.0407
5068.86, 8.199537, 0.707549, 15.08252, 10.7616
4719.6, 7.795465, 0.471411, 14.86999, 11.9993
23075.5, 8.417504, 0.884064, 11.20215, 10.8209
5828.47, 9.115132, 1.241308, 16.09603, 17.9382
10542.4, 8.013537, 0.609911, 12.04204, 12.8581
5403.06, 8.309706, 0.782984, 14.94078, 14.9796
24243.36, 9.178302, 1.268043, 12.60344, 10.8171
8970.46, 7.918363, 0.550261, 12.43267, 13.9796
4791.37, 7.869277, 0.501665, 14.90992, 21.1227
7849.28, 8.487361, 0.907972, 13.77553, 12.4504
6992.15, 7.931131, 0.551376, 13.34106, 17.4981
5286.64, 8.37131, 0.823931, 15.13607, 10.1345
4604.65, 7.938196, 0.540619, 15.18491, 10.0079
4695.36, 8.192785, 0.70182, 15.44063, 10.0281
4858.33, 7.989582, 0.572542, 14.99661, 13.6554
7176.21, 8.461431, 0.889868, 14.03794, 10.1178
17717.94, 7.957029, 0.59441, 10.96079, 11.8229
8236.52, 8.464803, 0.893762, 13.57326, 11.2748
5901.91, 7.980109, 0.575329, 14.07054, 17.6159
14294.55, 7.514158, 0.406602, 10.64873, 14.7188
5361.92, 8.042913, 0.609241, 14.58826, 17.0853
6915.17, 7.920908, 0.545284, 13.36752, 19.6574
7022.73, 8.407767, 0.854079, 14.02732, 14.4176
8489.04, 7.812717, 0.491365, 12.48433, 12.465
10655.41, 7.770063, 0.476966, 11.67406, 10.1537
5908.19, 8.248994, 0.745404, 14.4472, 12.1247
7379.81, 8.062416, 0.63065, 13.32263, 19.5381
8249.07, 8.207248, 0.72439, 13.15224, 15.7145
5817.79, 8.285257, 0.769087, 14.56954, 11.8127
6643.35, 8.261813, 0.756363, 14.00449, 15.0363
8082.99, 8.437712, 0.875702, 13.59185, 10.5886
7002.2, 8.360242, 0.822473, 13.96523, 11.0548
6008.88, 8.4094, 0.852795, 14.62219, 20.881
9020.18, 7.901208, 0.540794, 12.39087, 11.2934
10167.02, 8.303383, 0.791165, 12.60425, 10.0673
5320.06, 8.263297, 0.751365, 14.94142, 10.7916
9289.79, 8.414061, 0.862078, 13.07317, 19.399
4908.68, 7.992032, 0.574304, 14.94795, 10.1262
4635.68, 7.839712, 0.484445, 15.03408, 11.0856
7500.36, 8.266057, 0.761167, 13.57318, 10.0871
11196.12, 8.069282, 0.645053, 11.95289, 47.4605
5767.04, 8.051492, 0.61783, 14.2664, 11.3962
6486.44, 8.262089, 0.756098, 14.09604, 15.6873
18241.57, 7.955448, 0.594743, 10.90278, 10.6411
7658.11, 8.043626, 0.619921, 13.16681, 25.3074
7992.34, 7.839562, 0.503925, 12.73606, 12.6344
5211.65, 8.052647, 0.613837, 14.73696, 22.3581
14595.08, 7.94522, 0.580557, 11.29655, 15.957
4262.27, 7.793762, 0.468335, 15.33161, 14.7484
5364.38, 7.994278, 0.579614, 14.51746, 19.894
7936.01, 8.352089, 0.818862, 13.5133, 11.5924
5891.79, 7.875658, 0.515184, 13.93904, 11.6211
8622.27, 8.291427, 0.780149, 13.13086, 12.1006
10871.16, 7.807236, 0.496399, 11.6692, 12.7417
5281.54, 7.914021, 0.531458, 14.4827, 11.8947
4856.72, 8.011981, 0.586248, 15.02599, 10.6959
19019.94, 7.93446, 0.585062, 10.79331, 21.3758
10705.04, 8.517958, 0.93199, 12.8122, 11.3503
17247.31, 7.986952, 0.610165, 11.05589, 10.7843
5159.0, 8.005915, 0.584566, 14.72305, 22.4073
9040.64, 8.014826, 0.606491, 12.54713, 10.8187
4957.86, 8.473374, 0.891795, 15.61281, 11.2263
5749.24, 8.226259, 0.729631, 14.53084, 14.0609
5911.76, 8.037786, 0.61022, 14.14135, 17.8333
5264.35, 7.837025, 0.488325, 14.40147, 31.817
6162.77, 8.327963, 0.798865, 14.3935, 20.1688
4991.46, 7.955161, 0.55268, 14.81877, 16.0916
5163.25, 8.160671, 0.682507, 14.93098, 10.6551
7178.72, 8.473693, 0.897955, 14.0578, 14.3633
11481.46, 7.923171, 0.560411, 11.68611, 13.1119
4690.0, 7.954967, 0.550913, 15.12256, 18.0141
6473.13, 8.407418, 0.852712, 14.32803, 11.6564
9221.26, 8.336879, 0.811212, 12.97836, 10.1037
8175.01, 8.37513, 0.834536, 13.44814, 14.4761
9333.48, 8.248777, 0.753793, 12.78866, 12.8892
10456.38, 8.278713, 0.77568, 12.46372, 39.1697
8761.48, 8.042873, 0.622572, 12.69626, 12.3923
5140.03, 8.084234, 0.633146, 14.84872, 20.4544
5996.38, 8.165745, 0.691288, 14.26343, 11.9336
5871.41, 7.936511, 0.549556, 14.03519, 11.4163
6175.62, 7.953165, 0.560974, 13.84804, 11.3058
4926.28, 8.235991, 0.731268, 15.27275, 10.0253
15368.18, 8.520238, 0.939557, 12.10832, 10.2761
4713.37, 7.794577, 0.460403, 14.89849, 10.6643
4971.05, 7.928414, 0.53677, 14.80315, 13.4645
4650.75, 7.859679, 0.495592, 15.04363, 20.3235
4982.57, 7.998118, 0.57847, 14.88299, 15.3108
18284.64, 8.030901, 0.637621, 11.0129, 13.7628
13963.6, 7.90461, 0.556561, 11.33298, 10.2857
7611.35, 8.460074, 0.889675, 13.83427, 13.1793
6966.09, 8.380098, 0.835593, 14.01618, 11.4614
5425.59, 8.304096, 0.779351, 14.90831, 14.3574
13305.79, 7.808097, 0.503981, 11.29775, 15.6937
5043.03, 7.893597, 0.517295, 14.68426, 26.8186
11639.63, 8.004203, 0.607306, 11.76822, 15.6883
5098.92, 7.352588, 0.293887, 13.90544, 10.3216
7113.65, 8.095054, 0.650176, 13.50373, 34.0453
4692.46, 7.749264, 0.449715, 14.83264, 12.7948
5908.82, 8.251535, 0.747089, 14.45177, 13.2512
5594.96, 8.031638, 0.604435, 14.37113, 31.951
6326.62, 7.994147, 0.585862, 13.80439, 11.4842
6648.81, 8.007459, 0.59507, 13.63571, 10.6063
15267.86, 7.918201, 0.567241, 11.17503, 10.6501
4774.23, 7.982679, 0.567954, 15.07108, 14.1991
6379.13, 8.121278, 0.664412, 13.95519, 12.9604
5433.0, 7.922827, 0.538271, 14.36392, 13.5046
6374.8, 8.049892, 0.619833, 13.85393, 10.1134
15962.41, 7.863958, 0.539876, 11.0143, 11.1483
6778.69, 8.405778, 0.852277, 14.15662, 10.3538
4666.14, 7.947382, 0.546298, 15.13543, 13.1929
6423.46, 8.309237, 0.787175, 14.20457, 13.8122
10090.79, 7.99313, 0.596605, 12.13987, 15.5483
16685.19, 7.908015, 0.565101, 10.99734, 11.9627
6391.07, 7.968833, 0.57113, 13.73483, 11.8827
4617.69, 7.760785, 0.454339, 14.92525, 19.9615
6685.14, 8.371446, 0.829235, 14.1475, 10.4612
4968.21, 7.872397, 0.504661, 14.73205, 10.5859
7301.45, 8.398157, 0.848215, 13.87813, 10.2429
8359.33, 8.349759, 0.818097, 13.33149, 10.0998
9015.45, 8.452919, 0.887159, 13.24727, 10.2432
6189.49, 8.36846, 0.825988, 14.44024, 10.2232
18875.2, 8.015215, 0.629845, 10.92692, 14.3957
5836.15, 7.731411, 0.451002, 13.76569, 20.7013
6071.34, 8.118955, 0.661665, 14.14477, 17.4964
5600.44, 8.165328, 0.688889, 14.55847, 10.9976
5088.41, 7.951466, 0.55126, 14.71639, 10.7986
5706.15, 8.199211, 0.711627, 14.52445, 11.8714
7767.66, 8.323827, 0.799835, 13.5361, 26.0009
6746.42, 7.932032, 0.551077, 13.47655, 14.1823
16418.88, 8.462436, 0.904073, 11.88154, 51.0992
5433.95, 8.496678, 0.908595, 15.21729, 14.2118
4393.41, 7.76138, 0.453602, 15.15862, 10.5702
7409.24, 7.973924, 0.577503, 13.18551, 21.4997
4631.57, 7.795429, 0.47086, 14.95875, 14.1695
10504.51, 8.275921, 0.773966, 12.4538, 18.8307
21383.74, 8.151439, 0.715318, 10.90909, 10.0831
6271.6, 8.263763, 0.756535, 14.22694, 10.7769
6406.81, 8.284776, 0.77088, 14.17536, 12.4296
5846.57, 8.122906, 0.6631, 14.30857, 12.2283
4757.49, 7.742495, 0.447172, 14.75541, 21.0895
6497.77, 7.461649, 0.353386, 12.93806, 11.9761
10635.63, 8.411515, 0.862795, 12.64458, 10.4899
6341.74, 8.295796, 0.778003, 14.23147, 25.9859
5701.92, 7.944595, 0.553139, 14.17207, 12.9482
7748.69, 8.231444, 0.739009, 13.40103, 26.7868
5891.94, 8.015615, 0.596593, 14.12689, 17.1972
5275.33, 8.028218, 0.599297, 14.64525, 16.2071
3849.63, 7.696681, 0.423024, 15.58437, 13.597
5784.95, 8.363603, 0.821329, 14.7116, 11.5461
5350.95, 7.995915, 0.58045, 14.53315, 23.1782
4720.85, 8.014746, 0.587386, 15.16918, 28.136
5779.52, 8.585796, 0.967989, 15.09099, 13.6294
4819.79, 7.898415, 0.518382, 14.91748, 12.3213
8696.79, 7.989184, 0.590317, 12.64251, 12.8248
5887.29, 8.401132, 0.846859, 14.70077, 11.7818
8009.93, 7.389384, 0.337094, 12.03315, 30.3857
5947.83, 8.036574, 0.609673, 14.11252, 12.8755
5743.74, 8.645622, 1.005353, 15.22435, 18.8524
6437.63, 9.376117, 1.32316, 16.25875, 12.1795
6824.64, 7.841587, 0.501045, 13.31206, 10.0681
5818.44, 8.099546, 0.648141, 14.29028, 13.6194
4888.67, 8.232479, 0.728801, 15.30385, 14.3337
4498.15, 7.834615, 0.481092, 15.16532, 10.8645
8738.57, 8.031322, 0.615536, 12.68419, 24.4755
5944.71, 8.114855, 0.658468, 14.22266, 12.2577
4486.35, 7.533073, 0.356974, 14.78504, 10.6857
4970.0, 7.856874, 0.496015, 14.71249, 11.7501
4751.02, 8.054396, 0.612247, 15.1888, 12.2625
7511.7, 8.144559, 0.682427, 13.38587, 12.8508
6312.53, 8.095419, 0.647854, 13.95653, 11.0668
5054.08, 7.957825, 0.554748, 14.75461, 27.8813
7990.26, 8.569259, 0.961073, 13.85606, 11.0064
8391.11, 7.987606, 0.5885, 12.76421, 17.986
4580.85, 7.440503, 0.320176, 14.56794, 14.8076
17431.74, 9.034755, 1.214491, 12.89428, 10.2973
5319.03, 8.056384, 0.617149, 14.64351, 12.1163
6287.99, 8.27664, 0.765119, 14.23866, 11.3731
11066.9, 8.00578, 0.60676, 11.893, 11.1576
7197.81, 7.434177, 0.347833, 12.50116, 13.7516
4832.82, 8.193164, 0.702425, 15.30373, 13.5049
5405.6, 8.54639, 0.941267, 15.3231, 10.0338
9054.02, 8.254384, 0.756822, 12.90483, 12.9217
6319.65, 8.141694, 0.677181, 14.01708, 11.7792
38791.42, 8.309381, 0.844319, 9.98294, 21.569
5481.5, 8.100999, 0.646753, 14.55212, 60.7951
7735.23, 8.099232, 0.654413, 13.21633, 10.7391
5088.6, 8.016929, 0.590741, 14.80524, 23.2723
6601.47, 8.294786, 0.778058, 14.07961, 10.6248
5229.22, 7.838852, 0.48885, 14.43816, 11.0528
8066.41, 8.277765, 0.770042, 13.33898, 14.4728
9403.74, 8.496887, 0.916436, 13.18069, 10.4696
5133.91, 7.902575, 0.523247, 14.61063, 11.6576
18877.81, 7.918444, 0.576051, 10.78308, 19.027
4313.52, 7.949838, 0.546679, 15.49226, 14.3433
7233.95, 8.47924, 0.901693, 14.04468, 13.1088
4940.54, 8.115599, 0.652025, 15.08641, 11.6934
5198.94, 8.355394, 0.81281, 15.1948, 15.7144
9472.6, 8.033412, 0.618807, 12.41564, 10.2284
4684.92, 7.93769, 0.540625, 15.10516, 16.5872
6730.15, 8.279915, 0.76855, 13.98435, 10.9609
5523.18, 7.873176, 0.511016, 14.22132, 12.9417
25254.47, 8.436131, 0.898573, 11.05581, 12.1235
10623.97, 8.002584, 0.603666, 11.99584, 12.7883
4446.66, 7.75959, 0.452989, 15.10267, 10.0619
5260.44, 7.938107, 0.545128, 14.53906, 13.9509
12365.28, 8.887606, 1.146319, 13.14411, 10.9525
5475.75, 8.042321, 0.610043, 14.48682, 14.1435
5091.02, 8.017441, 0.591074, 14.80459, 10.5902
5318.26, 7.862995, 0.503217, 14.38749, 14.1881
8165.07, 8.282882, 0.77361, 13.30385, 10.4207
6961.59, 8.432025, 0.870055, 14.0977, 29.1416
5256.46, 8.220924, 0.722747, 14.93677, 12.1222
15108.83, 7.895743, 0.554645, 11.16281, 10.9695
5163.33, 8.105676, 0.646962, 14.85738, 10.0012
9212.28, 8.419414, 0.865468, 13.12023, 10.0152
6066.11, 9.395472, 1.329055, 16.54285, 16.1027
6007.63, 8.369672, 0.826239, 14.56416, 12.6153
8483.97, 8.302703, 0.78729, 13.20474, 11.3553
6439.92, 8.246122, 0.745429, 14.09976, 12.0339
6858.35, 7.909025, 0.538355, 13.38607, 10.04
13745.6, 8.32635, 0.812567, 11.97201, 10.2632
8791.21, 8.344936, 0.815704, 13.15124, 12.7045
7016.83, 7.999411, 0.591412, 13.42204, 12.5073
8587.69, 7.990528, 0.590794, 12.68845, 11.5279
7966.82, 8.27362, 0.76711, 13.3726, 12.4568
5928.22, 8.082715, 0.638137, 14.18656, 24.9842
5539.35, 7.994364, 0.581374, 14.36837, 16.9683
6720.47, 8.082001, 0.640911, 13.69871, 10.1353
9940.7, 7.997166, 0.598546, 12.19789, 11.7033
6962.31, 8.016785, 0.60167, 13.47632, 10.3219
7833.74, 8.400407, 0.850651, 13.63692, 10.4079
9528.29, 7.964806, 0.578454, 12.27874, 39.908
5629.81, 8.063622, 0.624436, 14.39038, 12.457
6016.42, 7.842176, 0.497675, 13.80794, 11.0727
11284.07, 7.9703, 0.586665, 11.79676, 15.0933
5995.47, 8.197481, 0.711896, 14.30938, 15.5775
7839.39, 8.433352, 0.872431, 13.68471, 19.1753
9098.41, 8.386336, 0.843525, 13.10649, 10.1196
12148.77, 8.039107, 0.629142, 11.73159, 10.7294
5374.21, 7.910205, 0.530399, 14.40243, 20.0474
4619.38, 7.845896, 0.48779, 15.05951, 20.1444
4685.58, 7.788446, 0.467972, 14.89304, 10.8216
7691.57, 8.114147, 0.663641, 13.25312, 18.8246
10608.93, 8.300165, 0.789969, 12.46528, 17.4232
6940.89, 8.501321, 0.915739, 14.22971, 11.9333
27055.34, 7.918589, 0.596167, 10.07154, 18.4707
11172.69, 7.983018, 0.59373, 11.83805, 11.0563
19070.35, 7.922372, 0.578638, 10.77474, 10.3663
8870.28, 8.376608, 0.836724, 13.17278, 17.9074
4138.66, 7.814914, 0.469243, 15.49888, 27.9917
4181.4, 8.111397, 0.647281, 15.82433, 13.9823
4773.26, 8.330817, 0.794977, 15.56535, 12.6015
7552.35, 7.906758, 0.539346, 13.02511, 25.479
15728.22, 7.456252, 0.396118, 10.37064, 16.1141
5380.24, 8.189507, 0.70286, 14.78031, 16.3118
5127.71, 7.976562, 0.566542, 14.71411, 12.0368
11160.74, 7.947885, 0.573483, 11.7898, 11.9557
8064.99, 8.484717, 0.906564, 13.67704, 12.7796
15427.04, 7.814225, 0.512893, 11.01304, 12.4183
5465.69, 8.278801, 0.762677, 14.83991, 10.1046
5469.12, 8.165218, 0.687796, 14.66767, 14.4587
6120.41, 8.044785, 0.6156, 14.00861, 12.0687
5874.03, 7.867051, 0.510305, 13.94823, 15.7001
5420.65, 8.204591, 0.713094, 14.76698, 12.2671
4658.65, 7.920907, 0.530653, 15.11166, 10.5337
12859.93, 7.928067, 0.566664, 11.49076, 10.9838
9618.57, 8.00396, 0.601643, 12.31977, 11.025
8403.52, 7.947571, 0.565214, 12.70528, 14.9296
6561.22, 7.954906, 0.563651, 13.61416, 12.798
4186.04, 7.804233, 0.463587, 15.44125, 21.2715
7447.21, 8.501385, 0.916545, 13.97777, 11.3371
5118.16, 7.920979, 0.533682, 14.63578, 74.9456
5911.61, 7.78619, 0.467409, 13.8153, 11.4007
7598.77, 8.218265, 0.730095, 13.4556, 11.6909
8868.87, 7.643515, 0.428374, 12.05404, 26.053
7864.49, 7.792117, 0.478619, 12.73094, 10.1934
5329.09, 8.137793, 0.668823, 14.75063, 15.6506
6215.84, 8.046923, 0.617353, 13.95066, 15.1855
4042.37, 7.984823, 0.567234, 15.79194, 13.1188
4795.54, 7.77507, 0.462667, 14.76178, 10.5131
4898.66, 7.961599, 0.555886, 14.91815, 15.5824
6489.83, 8.02058, 0.60241, 13.74552, 11.7903
5735.18, 8.329858, 0.798502, 14.69764, 11.1731
5162.88, 8.074906, 0.627413, 14.81481, 14.6597
4418.27, 8.04685, 0.606534, 15.51068, 13.1719
4443.23, 7.585574, 0.3784, 14.87341, 10.4042
5618.61, 8.00185, 0.586493, 14.3141, 10.455
6208.83, 8.183562, 0.703713, 14.148, 11.3208
5797.98, 7.982447, 0.576096, 14.14527, 26.8917
5573.58, 7.929049, 0.543123, 14.25278, 15.2982
4868.18, 7.837759, 0.484657, 14.79195, 16.2943
9211.55, 7.883303, 0.531471, 12.30375, 18.8442
4114.6, 8.162786, 0.680819, 15.95639, 15.5567
9844.13, 7.995974, 0.597568, 12.22537, 17.6519
5447.89, 7.970715, 0.566428, 14.41478, 10.0417
9079.9, 8.087504, 0.650712, 12.63784, 11.2213
5599.66, 7.198025, 0.261125, 13.21869, 10.3788
6415.63, 8.263189, 0.756614, 14.13797, 10.9103
5629.42, 8.115368, 0.656997, 14.46316, 11.2078
4885.69, 7.40491, 0.309225, 14.18853, 16.513
8215.34, 8.51174, 0.92442, 13.65933, 22.3961
4825.63, 8.039246, 0.603028, 15.09582, 10.1197
4965.7, 7.975494, 0.564653, 14.87145, 11.167
8793.05, 7.942301, 0.563344, 12.54138, 10.8297
9375.7, 8.368977, 0.832601, 12.9739, 10.124
6324.86, 8.412367, 0.855652, 14.42804, 10.4045
7278.56, 7.88934, 0.528719, 13.14925, 14.7512
5368.15, 7.942833, 0.549162, 14.44565, 12.9287
4674.62, 7.66347, 0.412128, 14.73724, 10.1062
8167.06, 8.285763, 0.77551, 13.30602, 12.0146
6555.2, 8.305972, 0.78536, 14.12271, 23.8886
5366.37, 8.179422, 0.696148, 14.77582, 16.8901
8707.48, 7.910344, 0.54496, 12.528, 12.4001
15340.27, 7.607863, 0.437031, 10.70125, 13.4583
5538.58, 8.290191, 0.77082, 14.79609, 10.3138
5251.95, 7.716043, 0.440159, 14.22666, 10.1611
9506.58, 8.246321, 0.752583, 12.7223, 16.0029
4735.27, 7.776159, 0.462346, 14.82579, 16.1427
6353.07, 8.020597, 0.601879, 13.82679, 10.6017
5056.49, 7.831292, 0.482799, 14.59243, 20.1938
4691.96, 7.952336, 0.54935, 15.1129, 14.0561
5493.36, 8.272325, 0.758558, 14.80656, 10.0771
8841.54, 8.505093, 0.920988, 13.4032, 11.8802
5011.5, 8.027465, 0.596688, 14.89532, 19.1171
5029.23, 7.839984, 0.487264, 14.63272, 19.0166
6490.84, 8.522261, 0.928668, 14.50729, 10.0627
5481.88, 8.488743, 0.903512, 15.16197, 15.4299
16529.98, 7.924124, 0.57349, 11.03633, 15.3306
6022.22, 8.334099, 0.802503, 14.49833, 13.8818
4896.71, 7.90993, 0.525492, 14.85483, 10.2724
4005.37, 7.58648, 0.377146, 15.30992, 10.9389
6020.09, 8.135032, 0.671663, 14.20253, 14.6225
5224.52, 8.058041, 0.617312, 14.72729, 31.3424
4686.88, 7.840564, 0.485146, 14.98233, 26.5078
6445.09, 7.399288, 0.330774, 12.89258, 11.8901
4738.7, 8.104535, 0.644158, 15.27013, 13.3261
5797.2, 8.214048, 0.721846, 14.47739, 11.7263
8222.63, 8.003593, 0.59747, 12.85598, 33.9343
4650.52, 7.824445, 0.476152, 15.00068, 13.5127
6774.86, 8.099361, 0.651923, 13.69148, 16.1685
5256.69, 7.24004, 0.263791, 13.59786, 13.7312
4932.54, 8.089989, 0.635553, 15.05543, 11.0954
5871.17, 8.043463, 0.613484, 14.17408, 10.9304
6991.93, 8.334689, 0.80548, 13.9319, 10.6715
5498.32, 8.536219, 0.934912, 15.2274, 10.121
5867.39, 8.170456, 0.693753, 14.35901, 12.0194
12503.76, 8.404115, 0.861038, 12.23762, 10.47
4681.97, 7.889804, 0.512766, 15.04834, 15.3034
5166.05, 8.002693, 0.582664, 14.71226, 11.2139
6678.76, 7.915997, 0.541682, 13.49459, 13.9854
4448.43, 7.788656, 0.466636, 15.1386, 12.9565
5332.57, 8.13213, 0.665207, 14.73867, 12.9955
7294.96, 8.095368, 0.650855, 13.41371, 20.791
7826.74, 8.48978, 0.909523, 13.78864, 11.1751
5665.42, 8.212244, 0.71994, 14.57451, 13.4083
5136.18, 7.803959, 0.47908, 14.46133, 10.1495
15675.76, 7.897577, 0.557037, 11.09765, 15.9413
6838.74, 8.220862, 0.730005, 13.83793, 10.0427
4519.12, 7.811997, 0.478592, 15.09569, 15.399
5537.27, 7.476555, 0.34716, 13.64486, 23.7881
9322.52, 8.401172, 0.853665, 13.04537, 13.6953
5512.09, 8.05266, 0.616749, 14.47017, 13.1086
4664.62, 7.942645, 0.543478, 15.13435, 11.6165
11045.6, 8.567327, 0.963793, 12.80945, 13.1608
9891.03, 7.944029, 0.567577, 12.13585, 11.5354
4338.89, 8.19212, 0.700616, 15.78858, 10.1289
5948.48, 8.157284, 0.685616, 14.28025, 11.2477
5708.36, 7.861853, 0.506293, 14.05788, 15.1274
5093.69, 7.899971, 0.521381, 14.64673, 10.9797
13693.37, 7.823743, 0.51305, 11.2419, 13.7991
6421.66, 8.442664, 0.876036, 14.41845, 13.6437
7905.64, 8.32413, 0.800308, 13.47838, 16.2303
13216.96, 8.083237, 0.658013, 11.66994, 11.1052
13707.31, 7.899577, 0.553159, 11.34678, 24.9746
5414.03, 8.142524, 0.672627, 14.68058, 13.9089
6243.76, 7.912933, 0.538131, 13.74794, 33.0006
7232.55, 7.876707, 0.521574, 13.14519, 14.0684
4991.94, 7.132738, 0.229953, 13.72618, 17.6382
5957.66, 7.976409, 0.57346, 14.02221, 23.5427
5126.3, 7.363409, 0.297746, 13.8918, 16.9687
5436.86, 8.431815, 0.865289, 15.1066, 11.3101
6395.15, 8.493443, 0.909575, 14.51718, 32.3626
4469.26, 7.804077, 0.464398, 15.14982, 32.8993
5008.0, 8.087362, 0.634274, 14.98039, 10.0165
7985.73, 8.029145, 0.612081, 12.99831, 12.8872
5097.48, 7.859496, 0.498659, 14.59043, 11.624
5193.74, 8.418563, 0.855461, 15.29837, 11.8505
5697.03, 7.972233, 0.569352, 14.21197, 13.9033
4534.27, 7.842842, 0.485763, 15.14149, 11.7631
5119.18, 8.027054, 0.59721, 14.79063, 10.0024
5535.32, 7.954016, 0.557354, 14.31567, 22.7784
12508.11, 8.050926, 0.637004, 11.6984, 17.3527
6748.0, 8.230369, 0.735982, 13.89868, 11.1416
5465.74, 8.189814, 0.703786, 14.70651, 11.1456
7415.8, 8.021862, 0.606048, 13.25367, 15.3441
6615.93, 8.245566, 0.745586, 13.98857, 18.8301
10463.66, 8.039156, 0.624971, 12.09662, 14.5778
5203.2, 8.28376, 0.764478, 15.08182, 11.876
5708.53, 8.247007, 0.743126, 14.59503, 10.6593
7134.02, 8.261844, 0.757604, 13.74462, 13.9197
7800.58, 8.246966, 0.749268, 13.41012, 10.8423
5752.22, 7.43164, 0.334784, 13.41409, 12.5438
4844.62, 8.07736, 0.627132, 15.12925, 15.0192
9300.64, 8.054287, 0.630958, 12.50625, 16.1298
16927.28, 7.966159, 0.597709, 11.05624, 13.5411
5495.66, 8.314335, 0.786683, 14.86715, 27.3937
10433.54, 8.28592, 0.780324, 12.49592, 12.7429
13678.11, 8.186028, 0.722601, 11.76285, 11.6847
4718.07, 8.623256, 0.98948, 16.10405, 11.2998
4427.11, 8.157975, 0.678175, 15.65298, 14.1042
7355.22, 8.11993, 0.666432, 13.4202, 17.4618
6956.46, 7.971789, 0.574863, 13.41519, 10.3476
6394.6, 8.006111, 0.593311, 13.78279, 12.718
7752.08, 7.990075, 0.588053, 13.05274, 12.6979
7393.56, 7.947226, 0.561907, 13.16291, 15.2244
4998.32, 8.112136, 0.650079, 15.02503, 17.7999
10147.71, 8.233202, 0.745506, 12.49216, 13.8914
5569.94, 8.485204, 0.901547, 15.08364, 13.1754
18303.3, 7.853712, 0.540537, 10.75365, 13.2574
5961.79, 8.030541, 0.60606, 14.0963, 12.5278
8114.47, 8.245519, 0.748992, 13.26859, 11.0592
5016.29, 7.924205, 0.534677, 14.75361, 11.4338
4532.07, 7.866529, 0.498967, 15.17248, 10.6928
14615.89, 7.968785, 0.593881, 11.32966, 10.5096
7503.49, 8.086282, 0.645742, 13.3068, 10.2403
4795.42, 8.500554, 0.909744, 15.8165, 20.6435
4699.87, 7.916353, 0.528168, 15.06398, 12.9584
5716.19, 8.390776, 0.839233, 14.81193, 10.305
6104.47, 7.896576, 0.528175, 13.8189, 10.1346
6339.54, 8.288905, 0.77342, 14.22466, 12.6203
10188.07, 8.089913, 0.655082, 12.26242, 10.0508
4325.28, 7.734022, 0.440427, 15.19211, 13.1602
6516.06, 9.091725, 1.232974, 15.5838, 13.4817
8007.59, 8.139674, 0.680531, 13.15516, 13.2289
4731.72, 8.471104, 0.889928, 15.83152, 10.903
5512.48, 8.223376, 0.726218, 14.71658, 10.46
5571.55, 7.90742, 0.5307, 14.22546, 14.956
4607.08, 7.881959, 0.507981, 15.11506, 10.2286
4527.65, 7.705202, 0.429317, 14.94627, 12.1307
19955.15, 7.963951, 0.603442, 10.74942, 18.8468
5111.35, 8.15852, 0.680792, 14.97898, 11.8115
8105.35, 7.99172, 0.590083, 12.89815, 11.8649
7789.14, 8.504964, 0.919391, 13.82714, 20.6033
11210.0, 8.174424, 0.710297, 12.11578, 14.3948
6328.5, 8.629641, 0.996728, 14.79424, 10.1335
4445.91, 7.584593, 0.378006, 14.86853, 10.3361
10662.66, 7.948827, 0.572595, 11.91368, 13.4106
6447.02, 8.218546, 0.72735, 14.05516, 11.4252
10177.36, 7.944204, 0.568536, 12.04692, 11.3983
5145.74, 7.787809, 0.471559, 14.42773, 10.9036
5304.21, 8.228396, 0.727993, 14.90618, 11.9338
4961.88, 7.969963, 0.561303, 14.86632, 15.169
8439.62, 8.259307, 0.758704, 13.15793, 10.7815
7907.19, 8.437182, 0.875069, 13.66526, 12.4792
10870.12, 8.247256, 0.756155, 12.31316, 11.6283
5130.99, 8.656978, 1.010969, 15.76543, 10.7338
4510.12, 7.590495, 0.38077, 14.81211, 11.988
6025.73, 8.66589, 1.018512, 15.05705, 10.7574
4270.49, 7.882429, 0.507169, 15.45212, 30.8928
8512.84, 7.907629, 0.542846, 12.60617, 11.6306
10255.66, 7.942237, 0.567646, 12.01663, 13.4449
4709.4, 7.896119, 0.516506, 15.02677, 28.2073
14906.15, 7.952183, 0.585205, 11.26861, 14.4066
13576.87, 8.38415, 0.8497, 12.08342, 11.2209
9874.78, 7.459218, 0.370125, 11.38218, 10.3473
5402.51, 8.069721, 0.626315, 14.58546, 12.5805
4523.92, 7.888999, 0.511695, 15.20641, 22.7149
5310.36, 8.055289, 0.616382, 14.65022, 17.417
4241.29, 8.24315, 0.734677, 15.95302, 12.0767
9949.46, 8.338987, 0.814028, 12.72701, 13.8445
6674.89, 8.039334, 0.614459, 13.65637, 67.3024
7161.52, 8.244394, 0.746201, 13.70652, 10.0288
5937.56, 8.218817, 0.725627, 14.38236, 10.3974
10700.37, 7.966609, 0.582909, 11.93752, 12.6614
5639.98, 8.207763, 0.71684, 14.58736, 11.8461
83059.91, 7.588771, 0.616799, 7.75272, 17.0203
4902.92, 7.876386, 0.506384, 14.80404, 18.4789
5178.77, 8.065438, 0.621575, 14.78562, 14.8668
8844.2, 8.01391, 0.605397, 12.62282, 10.693
5907.35, 8.145056, 0.677562, 14.29678, 13.0777
15079.48, 8.006872, 0.6168, 11.32422, 23.5815
6356.41, 8.55712, 0.951002, 14.64932, 11.617
5165.96, 8.024011, 0.595711, 14.74121, 13.7658
6290.63, 8.063289, 0.627753, 13.92543, 10.3696
4541.26, 7.854942, 0.492508, 15.1491, 19.6679
4890.58, 7.875538, 0.505816, 14.81794, 10.7342
4686.26, 8.293354, 0.76938, 15.59714, 10.2731
4802.12, 8.122075, 0.65569, 15.23303, 13.6044
4633.19, 7.796671, 0.471485, 14.9604, 11.27
4083.87, 7.674067, 0.413842, 15.34844, 13.0504
10214.45, 7.987123, 0.593441, 12.09441, 22.1023
4618.58, 7.851952, 0.491147, 15.06497, 15.7531
5215.16, 7.93334, 0.541834, 14.57389, 12.2537
5272.68, 8.841546, 1.117464, 15.99088, 13.3442
16593.69, 7.967275, 0.597581, 11.10097, 19.765
9822.52, 8.016823, 0.609848, 12.26047, 17.0235
10900.96, 8.380089, 0.84273, 12.52285, 10.2383
4591.06, 7.600377, 0.385253, 14.73811, 10.0109
5549.59, 7.974741, 0.56972, 14.33243, 14.7665
4884.83, 7.918609, 0.530444, 14.87913, 23.6354
5063.88, 7.856608, 0.496735, 14.61798, 18.4364
6062.8, 8.352331, 0.814823, 14.48805, 55.0764
5924.23, 8.04153, 0.612584, 14.13821, 12.2549
9634.63, 7.960588, 0.576325, 12.24666, 12.1076
9070.12, 8.433847, 0.874726, 13.19364, 12.4142
7811.54, 8.54465, 0.945131, 13.89016, 15.9434
4962.93, 8.053696, 0.612736, 14.97955, 14.167
15964.62, 8.174665, 0.719795, 11.47542, 11.6801
6921.54, 8.155751, 0.688086, 13.70018, 20.6177
5559.48, 8.14472, 0.675286, 14.56147, 17.6908
6503.23, 8.304334, 0.784133, 14.15008, 10.6769
6111.84, 8.284653, 0.769836, 14.36148, 13.9437
5619.1, 8.560816, 0.951379, 15.1724, 14.3097
4501.3, 7.788754, 0.467009, 15.08122, 13.5379
8551.19, 7.978832, 0.583811, 12.69051, 11.5194
3865.93, 7.556415, 0.364216, 15.39973, 11.0263
4518.79, 8.155883, 0.676994, 15.55863, 12.0824
7156.39, 8.349933, 0.815942, 13.8666, 20.1011
7356.79, 8.068823, 0.634535, 13.34651, 10.4569
8043.23, 8.257611, 0.756758, 13.3165, 11.7467
6246.15, 8.684559, 1.030202, 14.94495, 11.5984
7691.73, 8.015974, 0.603305, 13.11631, 13.5102
19011.47, 8.049556, 0.64999, 10.96408, 30.8366
6673.62, 8.320185, 0.795106, 14.07881, 10.0402
5528.16, 7.523145, 0.364977, 13.7205, 39.0955
22046.43, 8.313735, 0.817137, 11.12762, 12.7887
5001.99, 8.056202, 0.614538, 14.94112, 11.8917
6868.1, 8.275489, 0.765972, 13.90522, 11.4225
4918.93, 8.128479, 0.660262, 15.12359, 11.0415
5578.02, 8.68427, 1.02851, 15.42519, 10.6135
5355.29, 8.65641, 1.010989, 15.56495, 11.5546
8152.94, 8.396367, 0.848533, 13.48402, 17.5432
4665.96, 7.918099, 0.529043, 15.09927, 16.8279
4493.29, 7.939666, 0.541126, 15.30254, 16.7504
4827.45, 7.869266, 0.50187, 14.87409, 11.7094
6110.21, 7.965007, 0.567581, 13.9062, 17.466
4033.05, 8.074734, 0.623443, 15.9141, 12.7297
10134.77, 8.317748, 0.80049, 12.6331, 10.3702
5102.53, 7.798338, 0.465662, 14.49304, 42.7495
7435.42, 7.970409, 0.575521, 13.1696, 23.5028
5393.29, 7.922345, 0.537573, 14.39681, 10.5445
6535.98, 7.943486, 0.556922, 13.61096, 23.6326
6988.52, 8.37343, 0.831208, 13.99004, 30.8917
5457.33, 8.50505, 0.914235, 15.20707, 10.2568
7184.63, 8.35019, 0.816169, 13.85988, 16.8553
7386.11, 8.389667, 0.842739, 13.82494, 12.6054
5294.12, 8.094541, 0.64088, 14.72328, 20.2951
11511.62, 8.411507, 0.864275, 12.42804, 17.7477
7141.54, 8.179321, 0.703804, 13.61729, 13.1626
8375.82, 7.932582, 0.556542, 12.69583, 12.6276
9085.55, 8.317343, 0.798106, 12.99227, 13.6819
14131.02, 8.915716, 1.160915, 12.96804, 25.0947
6582.84, 8.354845, 0.817944, 14.1835, 11.8016
4478.24, 7.894245, 0.514552, 15.25914, 19.0168
10075.41, 8.394868, 0.850893, 12.78263, 12.402
6609.98, 8.336601, 0.805864, 14.13957, 17.545
13538.1, 7.945415, 0.578075, 11.43484, 10.8066
9383.09, 8.362639, 0.828449, 12.95925, 11.1884
6509.68, 7.946472, 0.55855, 13.63306, 15.2663
5031.0, 8.064597, 0.619998, 14.9253, 19.594
6103.19, 7.980625, 0.576771, 13.93063, 22.5155
7556.89, 8.193438, 0.713894, 13.41234, 62.0704
5948.86, 8.317686, 0.791274, 14.52432, 11.1178
5284.93, 8.026219, 0.598166, 14.63358, 21.461
8167.61, 7.95547, 0.569061, 12.81583, 23.6225
7887.92, 8.434079, 0.872991, 13.67027, 10.9213
5527.73, 8.124797, 0.66227, 14.55582, 10.4005
4534.17, 8.04028, 0.602696, 15.3883, 10.8661
7725.42, 8.497231, 0.914246, 13.84837, 10.512
5697.15, 8.066793, 0.626871, 14.34239, 13.1762
5353.7, 7.933321, 0.543461, 14.44719, 18.512
7393.3, 8.377415, 0.834628, 13.801, 11.1992
4557.37, 7.887549, 0.510983, 15.17327, 15.265
4951.31, 8.004562, 0.582205, 14.92334, 11.5984
10961.63, 8.766718, 1.082078, 13.20856, 11.3086
5021.96, 7.868629, 0.503026, 14.67606, 11.0874
10120.75, 8.515805, 0.929711, 12.97497, 17.5381
4790.24, 7.406121, 0.308737, 14.29954, 13.9974
9858.4, 7.971742, 0.58344, 12.18804, 10.9518
4279.74, 7.84059, 0.483676, 15.39397, 15.2988
4923.73, 8.166123, 0.684862, 15.17322, 12.186
8989.16, 7.876752, 0.527191, 12.36991, 12.6841
4873.39, 7.884141, 0.510563, 14.84584, 20.9053
4582.97, 7.842845, 0.485954, 15.09258, 11.3866
17567.94, 7.842744, 0.532989, 10.81658, 18.7974
14391.28, 8.917338, 1.161816, 12.94527, 10.3332
11712.03, 7.981325, 0.594141, 11.72471, 16.8785
4873.81, 7.906376, 0.523289, 14.87157, 16.3921
6542.46, 8.056346, 0.624436, 13.76437, 17.0601
4792.9, 7.799703, 0.463592, 14.82344, 14.3299
6435.6, 8.151161, 0.68366, 13.9637, 12.0673
5361.99, 7.987973, 0.5758, 14.51262, 11.4941
5700.84, 8.332132, 0.79986, 14.72996, 20.2776
4738.64, 7.88566, 0.510662, 14.98586, 11.4092
7919.56, 7.956071, 0.568651, 12.93179, 15.2845
5978.89, 7.984171, 0.578194, 14.02105, 10.156
6637.92, 8.275478, 0.765372, 14.02779, 14.91
5882.02, 8.117726, 0.659985, 14.27421, 10.7029
5617.29, 8.204622, 0.714633, 14.60304, 11.3182
16993.44, 9.049187, 1.220082, 12.96893, 10.4695
9092.93, 8.131962, 0.678433, 12.69985, 16.217
6270.16, 8.395462, 0.844239, 14.43437, 15.4461
6514.1, 8.023735, 0.604411, 13.73568, 14.5843
7788.69, 7.945609, 0.562202, 12.97475, 13.5794
8801.88, 8.453176, 0.887006, 13.3301, 11.1287
5073.24, 7.955588, 0.553575, 14.73804, 19.346
10152.29, 8.714613, 1.051881, 13.33856, 13.1819
8319.49, 8.14222, 0.682923, 13.02337, 11.7869
7509.82, 8.203149, 0.720077, 13.47166, 16.6115
8942.17, 8.578555, 0.968133, 13.49497, 16.0306
11326.34, 8.427398, 0.874318, 12.49849, 10.4296
5968.01, 8.135449, 0.67169, 14.23972, 11.0778
5682.62, 8.174043, 0.695075, 14.50595, 13.0472
5035.97, 8.193491, 0.703389, 15.10021, 10.1182
7361.06, 7.998015, 0.591602, 13.24639, 16.0106
7807.8, 7.941736, 0.560034, 12.96062, 11.0694
5229.18, 8.080182, 0.631256, 14.75992, 12.2571
5655.79, 8.036736, 0.608, 14.33155, 10.3623
4810.32, 7.91714, 0.529154, 14.94767, 40.6865
7674.66, 8.246832, 0.748912, 13.46405, 18.5397
5227.93, 7.885522, 0.514612, 14.49994, 16.3962
5549.1, 7.939862, 0.549192, 14.28706, 10.9902
26327.08, 7.73021, 0.504116, 9.85187, 13.3187
13643.18, 8.371073, 0.841336, 12.05238, 12.809
9748.2, 8.487299, 0.910705, 13.04782, 10.2231
28272.57, 8.25484, 0.790433, 10.50535, 14.479
4752.4, 8.078471, 0.627506, 15.22085, 14.4677
6082.62, 8.386972, 0.838038, 14.54193, 10.153
6267.73, 8.04752, 0.617942, 13.92003, 10.051
7213.75, 7.415862, 0.341575, 12.46709, 16.6218
11676.83, 7.959453, 0.581456, 11.70002, 13.5104
5513.67, 8.020801, 0.597179, 14.42301, 42.5411
10336.14, 8.14596, 0.690311, 12.29949, 10.9161
21097.46, 8.36119, 0.84577, 11.27352, 15.382
4840.2, 7.894716, 0.516381, 14.89341, 12.9164
4843.93, 7.916437, 0.528932, 14.91599, 18.2075
7755.23, 8.390776, 0.844138, 13.65652, 10.2868
17575.64, 7.606123, 0.443284, 10.42139, 12.1695
11849.92, 7.737251, 0.464834, 11.40037, 20.5148
5196.24, 8.110256, 0.650124, 14.83419, 18.5903
6281.79, 8.448641, 0.879674, 14.51205, 19.0179
5171.44, 7.951782, 0.552192, 14.63922, 14.8839
5300.87, 8.022738, 0.596196, 14.61472, 15.1064
8979.29, 8.132523, 0.678498, 12.75614, 18.7301
4976.6, 8.078088, 0.628204, 14.99822, 11.9401
7067.62, 8.337719, 0.807652, 13.89536, 14.4637
5445.26, 8.119716, 0.658307, 14.6232, 14.6014
7375.41, 8.27552, 0.767137, 13.64849, 11.4176
6804.73, 8.323792, 0.79782, 14.01218, 10.4435
6202.15, 8.133536, 0.671513, 14.08074, 11.6307
5464.78, 8.225299, 0.727106, 14.76075, 15.8184
7572.57, 8.426091, 0.867184, 13.79664, 11.4732
4283.49, 8.024698, 0.592333, 15.61873, 10.0132
8586.39, 8.287991, 0.777819, 13.14867, 16.535
6285.22, 8.237277, 0.739104, 14.18065, 10.6868
7035.32, 8.365288, 0.825893, 13.95611, 12.91
6381.96, 7.984014, 0.580062, 13.75906, 22.2962
4774.25, 7.894167, 0.515701, 14.95966, 11.5497
9846.39, 8.246073, 0.753172, 12.59743, 38.9753
5272.74, 8.03554, 0.603779, 14.65624, 15.324
6102.1, 8.155739, 0.685299, 14.17699, 11.8638
5733.16, 8.640943, 1.002425, 15.22062, 11.2825
7449.9, 7.871487, 0.519427, 13.03004, 12.7022
9028.04, 8.018605, 0.608712, 12.55959, 10.5682
13131.76, 8.063469, 0.645888, 11.64747, 11.0056
4644.71, 7.920301, 0.530244, 15.1239, 16.2835
7431.35, 8.318786, 0.795839, 13.68833, 18.2382
4409.1, 8.829484, 1.110565, 16.76405, 22.998
5861.36, 8.014476, 0.595729, 14.14466, 11.5143
6767.66, 8.514843, 0.924308, 14.34356, 11.0873
4418.78, 7.692071, 0.422947, 15.03691, 10.1832
4780.89, 8.055207, 0.612867, 15.16289, 12.4834
4747.85, 7.266549, 0.264353, 14.16017, 33.1623
5739.56, 8.323257, 0.794104, 14.68689, 11.7748
5872.56, 8.173377, 0.695671, 14.36234, 10.223
4210.66, 7.853646, 0.490755, 15.47491, 18.6745
4980.58, 8.177822, 0.692792, 15.13489, 11.6135
5381.59, 9.383504, 1.325146, 17.04982, 17.7596
4353.62, 8.01983, 0.589472, 15.54084, 16.0679
5769.0, 8.158991, 0.685826, 14.41684, 15.977
5012.42, 7.844198, 0.489411, 14.65379, 14.354
4745.33, 8.364277, 0.817657, 15.64608, 16.3257
7590.14, 7.513038, 0.377494, 12.41671, 11.9313
8151.54, 8.014215, 0.603596, 12.90355, 19.5037
12963.29, 8.554975, 0.958564, 12.42883, 12.0521
4636.99, 7.677555, 0.417833, 14.79444, 12.9467
4927.3, 7.981573, 0.56807, 14.9165, 12.1925
5995.04, 8.24251, 0.741469, 14.37578, 13.7154
6606.36, 7.961558, 0.567702, 13.59445, 13.0678
5497.24, 8.082463, 0.635209, 14.52216, 10.1114
8549.8, 7.951765, 0.568066, 12.64949, 12.3095
6847.0, 8.15037, 0.684441, 13.72631, 20.1548
25553.52, 8.306589, 0.817967, 10.81182, 17.1029
5353.0, 7.796846, 0.468074, 14.27031, 20.7853
5779.28, 8.068501, 0.628455, 14.28055, 12.5878
4952.58, 7.881451, 0.509631, 14.76208, 19.5024
4938.84, 7.7915, 0.460371, 14.6642, 18.3224
5043.29, 7.981332, 0.568731, 14.8007, 18.7678
4463.36, 7.917134, 0.527772, 15.30382, 11.7897
17428.42, 7.829253, 0.525762, 10.81273, 20.4826
13717.64, 7.56397, 0.419361, 10.82713, 10.1163
15489.25, 8.236148, 0.75764, 11.62506, 11.0323
6917.14, 8.266222, 0.759977, 13.8635, 16.3167
4036.74, 7.698885, 0.424556, 15.42398, 13.0875
4564.49, 7.814006, 0.470124, 15.07613, 16.8999
9641.34, 8.754755, 1.074306, 13.57836, 10.151
7307.37, 8.403303, 0.851637, 13.88313, 13.1851
4943.84, 7.829678, 0.480853, 14.70473, 15.0351
7833.63, 8.441766, 0.877972, 13.70434, 13.9435
4779.2, 7.971665, 0.561313, 15.05366, 16.9543
4542.92, 8.269694, 0.753071, 15.70155, 12.4969
5679.63, 8.177158, 0.697081, 14.51305, 13.0689
4283.1, 8.098673, 0.639249, 15.71559, 10.3061
5273.26, 8.023819, 0.596576, 14.64165, 16.2976
9058.84, 8.289781, 0.779965, 12.96089, 16.4783
5146.17, 8.039873, 0.605357, 14.77782, 27.9681
9244.61, 7.671228, 0.439186, 11.95692, 10.0691
7533.57, 8.474303, 0.898914, 13.89487, 14.5696
6254.69, 8.411016, 0.854569, 14.46343, 10.342
5051.49, 8.535221, 0.933119, 15.62944, 10.5444
7999.13, 7.698089, 0.445495, 12.50897, 12.3501
5506.43, 8.073162, 0.62946, 14.50484, 13.6117
6744.16, 7.984336, 0.581591, 13.54968, 13.0869
11422.91, 8.260748, 0.76602, 12.20503, 33.8226
5808.75, 7.969234, 0.568319, 14.12705, 10.8551
4487.42, 8.106394, 0.64467, 15.52575, 10.4984
14294.36, 8.0561, 0.644001, 11.50377, 14.0549
4957.82, 8.091324, 0.636528, 15.03165, 11.0506
8044.14, 8.549107, 0.948307, 13.79936, 12.1888
6821.37, 8.000484, 0.591453, 13.52984, 10.7958
7621.95, 8.331355, 0.804533, 13.6156, 17.741
9511.28, 8.669236, 1.024483, 13.45965, 17.1211
5703.61, 7.781088, 0.471665, 13.94148, 11.1738
19124.03, 8.006003, 0.625128, 10.88922, 14.4727
5535.23, 8.601138, 0.97685, 15.31296, 29.0972
5279.08, 8.152657, 0.678051, 14.81695, 11.2802
4849.49, 7.907963, 0.524055, 14.90133, 10.9415
6964.76, 8.341896, 0.810207, 13.95703, 12.2707
5169.95, 8.05821, 0.616975, 14.78558, 10.628
4923.74, 7.830015, 0.480863, 14.72658, 18.6014
4637.35, 7.924161, 0.532475, 15.13648, 31.6488
12158.84, 7.549417, 0.409179, 11.01045, 10.6247
4982.57, 7.876222, 0.506934, 14.72625, 12.0011
6824.13, 8.217501, 0.727772, 13.83875, 10.9981
5881.21, 8.245759, 0.743148, 14.46353, 11.6258
6660.0, 7.632171, 0.415889, 13.08732, 15.0761
7697.44, 8.087915, 0.647267, 13.21629, 14.4862
5811.15, 8.32034, 0.79248, 14.6283, 11.3024
5924.06, 7.966602, 0.567463, 14.03325, 32.7339
4323.93, 7.804988, 0.464383, 15.30672, 29.115
5012.08, 7.933878, 0.540288, 14.76933, 10.2282
5808.43, 7.991597, 0.581628, 14.15139, 36.0271
4630.41, 8.381821, 0.829383, 15.78488, 10.3782
5201.29, 7.995508, 0.578621, 14.66969, 10.0036
9130.53, 8.143673, 0.685901, 12.70104, 25.3631
9535.38, 7.980525, 0.587622, 12.31743, 11.3885
7253.26, 8.136996, 0.676981, 13.49847, 12.321
5260.03, 8.080402, 0.63165, 14.73192, 12.3799
5400.23, 8.181903, 0.698049, 14.75283, 11.2804
6159.93, 7.924485, 0.544309, 13.81854, 16.425
5133.06, 7.93932, 0.544502, 14.65954, 10.0164
7479.2, 8.309971, 0.790101, 13.64888, 22.0987
17321.22, 9.025837, 1.210823, 12.88329, 19.9247
5360.95, 7.99612, 0.580685, 14.52265, 18.7008
5193.45, 8.300869, 0.775955, 15.11451, 10.0597
8165.4, 8.333446, 0.806966, 13.38401, 14.8651
4916.9, 7.981857, 0.568179, 14.92743, 23.6052
8033.27, 7.402964, 0.341811, 12.04255, 15.4444
5276.42, 8.009473, 0.587845, 14.61917, 11.8204
5496.46, 8.209716, 0.717093, 14.70795, 10.6912
4879.41, 8.389494, 0.835021, 15.54152, 47.0179
24833.75, 7.653595, 0.46744, 9.85723, 10.1219
5099.0, 8.55749, 0.94779, 15.61836, 11.7977
7380.5, 8.21733, 0.729005, 13.55504, 25.0196
8693.2, 8.131658, 0.677219, 12.8603, 11.3961
6077.45, 8.258178, 0.752144, 14.34478, 12.9227
11225.13, 8.046262, 0.631234, 11.90487, 42.8354
4687.66, 7.813306, 0.470293, 14.94747, 11.999
4599.37, 8.046158, 0.606572, 15.33139, 14.631
9499.62, 8.028499, 0.615931, 12.39306, 31.6035
4603.56, 7.885978, 0.510258, 15.12523, 19.1398
6580.66, 8.246759, 0.746269, 14.0185, 12.7575
26324.85, 8.456583, 0.912681, 11.00369, 17.5075
4990.91, 7.897037, 0.518805, 14.74357, 10.8852
8369.76, 8.160319, 0.69454, 13.03203, 10.2787
15770.29, 8.411289, 0.870402, 11.88012, 11.1957
5188.91, 8.149165, 0.675174, 14.89467, 10.6045
4650.4, 7.791828, 0.469421, 14.9341, 14.1238
4813.88, 8.173901, 0.689625, 15.29377, 13.0119
6186.53, 7.969619, 0.570678, 13.86198, 12.3498
9591.82, 8.065869, 0.638782, 12.41649, 13.3042
5677.97, 8.184203, 0.701658, 14.52438, 10.5911
6657.15, 8.127934, 0.669592, 13.81301, 10.0231
9699.43, 7.87945, 0.530886, 12.11222, 10.7559
9532.63, 8.413924, 0.862397, 12.99393, 13.6595
9351.06, 8.452506, 0.88739, 13.12297, 15.7706
4994.16, 8.104654, 0.645249, 15.01741, 16.1667
6382.35, 7.963031, 0.567685, 13.73157, 17.2916
6073.77, 8.003391, 0.590217, 13.9828, 14.1758
4967.46, 7.93521, 0.540722, 14.81535, 25.3173
9083.5, 8.461502, 0.892884, 13.23771, 11.0462
6201.89, 8.359111, 0.819781, 14.42022, 11.9111
5244.34, 8.164236, 0.68535, 14.8661, 10.2676
7289.92, 8.431007, 0.869954, 13.93233, 35.5258
9872.25, 8.456724, 0.89099, 12.95451, 12.1486
5436.8, 8.012964, 0.591694, 14.48086, 11.7948
4871.12, 8.082144, 0.630282, 15.10682, 11.4259
6650.34, 8.308148, 0.787052, 14.08167, 10.849
5101.92, 8.213538, 0.717, 15.07908, 10.9043
8010.36, 7.9282, 0.552923, 12.84902, 14.6586
10792.6, 8.544609, 0.94912, 12.83302, 13.1132
7215.7, 8.320883, 0.796795, 13.79628, 12.1821
15466.49, 7.962038, 0.59207, 11.22401, 10.5101
5713.13, 8.051152, 0.617275, 14.3084, 13.4224
6750.6, 8.322827, 0.79705, 14.04941, 10.3852
5461.8, 8.170992, 0.691481, 14.68166, 14.0836
4910.56, 8.203398, 0.709459, 15.23963, 10.1162
6968.98, 8.241414, 0.743788, 13.79286, 19.6972
4446.11, 8.063219, 0.616942, 15.50823, 10.0815
5206.37, 8.914072, 1.154453, 16.18882, 21.0442
5284.99, 8.452347, 0.878485, 15.29722, 10.315
9691.14, 8.004146, 0.601957, 12.2902, 10.7654
14829.13, 7.967556, 0.593689, 11.30972, 13.9733
7620.56, 8.394333, 0.846251, 13.72145, 10.4203
5428.61, 8.223616, 0.725704, 14.78837, 12.4539
5741.66, 8.043558, 0.612777, 14.27557, 10.0346
4835.1, 7.889226, 0.513214, 14.8901, 12.1926
6857.04, 7.959919, 0.567592, 13.45104, 13.9739
17553.6, 9.045009, 1.21865, 12.90097, 10.653
4856.04, 7.914715, 0.528004, 14.89823, 35.5978
6890.6, 8.159396, 0.690339, 13.71536, 11.4885
24865.84, 8.232972, 0.771325, 10.74893, 16.1495
8858.96, 8.214502, 0.730496, 12.91397, 15.2176
5159.3, 7.888444, 0.515477, 14.56912, 13.5151
7836.0, 8.039305, 0.617798, 13.08354, 13.4181
12351.62, 8.175873, 0.713641, 11.90428, 15.2911
20646.42, 9.128911, 1.250886, 12.78929, 11.3369
6334.95, 7.841428, 0.498989, 13.60026, 10.2783
5561.05, 8.164928, 0.688349, 14.59176, 29.5689
6141.41, 8.095524, 0.6472, 14.0661, 10.2349
5089.5, 8.153946, 0.677681, 14.99665, 10.4971
5207.05, 8.296266, 0.772917, 15.09307, 11.7611
5702.29, 7.647565, 0.416465, 13.74314, 12.0498
5498.33, 8.358367, 0.816271, 14.92958, 10.5942
5142.4, 8.164436, 0.684842, 14.96099, 11.6651
8405.29, 8.270845, 0.766192, 13.18733, 10.0758
5337.11, 7.949418, 0.552651, 14.48306, 16.8563
5524.26, 8.272473, 0.758887, 14.78169, 12.6919
9385.07, 7.592698, 0.412647, 11.76932, 12.5671
6203.63, 8.166588, 0.692713, 14.12744, 10.2842
8359.52, 8.568016, 0.960762, 13.70294, 10.837
7856.31, 8.066844, 0.634674, 13.11194, 17.9566
8637.53, 7.961753, 0.574103, 12.62774, 20.2175
4689.88, 8.165627, 0.683837, 15.40478, 12.7745
4936.4, 7.962621, 0.556735, 14.88276, 10.0747
7474.73, 8.445818, 0.880052, 13.87125, 10.2806
5483.1, 7.95416, 0.556986, 14.35972, 11.4134
4083.44, 7.681477, 0.416983, 15.35704, 35.6933
4544.61, 6.91976, 0.166729, 14.01912, 11.2723
4239.96, 7.846058, 0.486601, 15.43723, 12.9245
5711.36, 7.85271, 0.501304, 14.04474, 10.7005
4833.73, 7.984012, 0.569036, 15.01457, 11.4117
6969.63, 8.435527, 0.87239, 14.10317, 19.601
4917.82, 7.139877, 0.230827, 13.89773, 10.238
8004.86, 8.106805, 0.659843, 13.14268, 10.2991
5076.84, 7.963789, 0.55848, 14.74783, 15.5873
7688.01, 8.222272, 0.732898, 13.42339, 15.7904
10427.87, 8.031558, 0.620323, 12.09688, 13.0993
5199.83, 8.227762, 0.726972, 14.9939, 10.5437
14247.42, 8.875969, 1.141781, 12.87495, 13.2892
5217.53, 8.805578, 1.098004, 15.96526, 11.4342
7358.67, 8.045982, 0.62052, 13.31296, 10.2064
8022.7, 8.250568, 0.7521, 13.31497, 11.6067
6086.55, 7.63021, 0.412589, 13.45908, 10.6379
5080.26, 7.717596, 0.438995, 14.393, 10.5614
5863.02, 7.969888, 0.569037, 14.08028, 32.0067
14153.72, 9.242054, 1.284919, 13.64361, 12.0224
6707.83, 8.115419, 0.661827, 13.75045, 16.1672
4634.7, 7.583304, 0.378503, 14.6756, 12.823
5328.86, 7.858178, 0.500697, 14.41628, 11.2204
5301.23, 7.587011, 0.38677, 14.01021, 10.0922
4841.79, 7.514361, 0.351688, 14.36733, 10.9303
5095.73, 7.731817, 0.445423, 14.39639, 11.3317
8098.83, 8.015542, 0.604236, 12.92939, 14.4124
13215.55, 7.90033, 0.552283, 11.41268, 11.148
7521.6, 8.36865, 0.829054, 13.7246, 10.1106
6442.18, 8.159975, 0.689338, 13.97275, 39.0159
4925.98, 8.076241, 0.626772, 15.04178, 11.1729
8676.98, 7.979712, 0.584693, 12.63876, 18.0125
5571.71, 8.224869, 0.727646, 14.66836, 14.741
5680.3, 8.089087, 0.640711, 14.384, 11.0497
4594.22, 7.778818, 0.462455, 14.97614, 13.6695
5028.46, 8.141688, 0.669358, 15.0298, 17.6866
5987.12, 8.180218, 0.700622, 14.29052, 16.1781
4931.79, 7.71576, 0.436788, 14.5494, 10.0208
4797.05, 7.972088, 0.561649, 15.04506, 10.7042
6779.52, 8.201152, 0.717004, 13.83682, 14.6
11024.18, 8.019313, 0.614639, 11.94107, 11.3263
8299.36, 7.997874, 0.594299, 12.83533, 10.2845
6776.2, 8.38522, 0.838602, 14.12433, 12.5007
4985.73, 8.066823, 0.621127, 14.9807, 10.2387
9871.1, 8.644522, 1.009945, 13.29027, 17.7306
5335.04, 8.101158, 0.645442, 14.69246, 15.7717
6047.6, 8.045779, 0.615845, 14.05786, 13.9747
8102.27, 8.032886, 0.614675, 12.95155, 14.1368
5930.35, 7.993979, 0.583772, 14.06794, 17.137
10522.63, 8.027269, 0.618019, 12.06834, 11.4392
6189.6, 8.010713, 0.595199, 13.91559, 12.8614
13082.9, 8.104882, 0.670935, 11.70815, 33.7722
5575.09, 8.406058, 0.848741, 14.95605, 11.0183
5858.69, 7.845718, 0.498538, 13.92459, 11.3432
20680.81, 7.984916, 0.616755, 10.71712, 26.9359
9695.58, 8.142154, 0.686341, 12.51024, 11.0129
12985.37, 8.356393, 0.830795, 12.10072, 15.0873
5364.73, 7.974322, 0.567677, 14.49124, 20.2619
13800.72, 8.694314, 1.043734, 12.57797, 18.8974
6344.79, 8.213296, 0.723579, 14.10748, 24.4557
5304.99, 7.965608, 0.561816, 14.5307, 29.2748
3764.51, 7.07269, 0.204108, 14.96641, 17.8075
4532.49, 8.346182, 0.804995, 15.8253, 16.8188
6142.48, 8.316776, 0.791335, 14.39097, 13.9147
6843.72, 8.127422, 0.669818, 13.69763, 12.4367
5941.58, 8.078558, 0.635607, 14.17724, 17.1373
6166.86, 8.176941, 0.699254, 14.16624, 14.0207
4176.76, 8.019425, 0.588816, 15.71107, 17.6091
5240.4, 8.536749, 0.934509, 15.4663, 10.2926
6576.04, 7.923746, 0.545722, 13.57118, 10.2595
15123.31, 7.938682, 0.578189, 11.20998, 61.6935
15547.28, 7.971293, 0.597485, 11.23073, 11.5272
5418.26, 8.04297, 0.609873, 14.53788, 20.1157
5680.28, 8.088517, 0.640352, 14.39298, 10.7521
6394.95, 8.118691, 0.662832, 13.9482, 10.3083
10553.35, 8.864655, 1.133703, 13.52112, 15.189
5992.96, 8.106833, 0.653621, 14.18201, 12.2693
15667.98, 8.958744, 1.181416, 12.91273, 13.543
4346.56, 8.135154, 0.663053, 15.71207, 11.4979
14380.03, 8.03897, 0.634016, 11.4592, 13.8809
5193.67, 8.451684, 0.877755, 15.36393, 11.758
5037.98, 7.846794, 0.491078, 14.64117, 11.8188
4162.96, 7.703809, 0.426985, 15.31884, 11.5238
8975.21, 7.661194, 0.434962, 12.05678, 15.4484
4369.57, 8.459099, 0.881451, 16.15665, 12.1089
15183.44, 8.073812, 0.656511, 11.42192, 10.2687
5126.69, 8.020274, 0.593092, 14.77347, 20.6307
5361.03, 8.561274, 0.95083, 15.4002, 11.4421
7289.93, 8.245613, 0.74729, 13.64384, 13.9712
25530.36, 7.760415, 0.515365, 9.9592, 14.4507
4750.35, 7.906579, 0.522725, 15.00065, 13.1981
7422.55, 8.445204, 0.87956, 13.89466, 21.689
4914.49, 8.346688, 0.806042, 15.45327, 12.444
5448.84, 8.159081, 0.683638, 14.67707, 19.0372
4628.86, 7.930579, 0.536212, 15.15083, 19.6199
6705.16, 7.187715, 0.269825, 12.42816, 16.6097
6559.95, 8.000894, 0.590822, 13.67958, 13.7046
6255.54, 8.10046, 0.650792, 13.99773, 17.4679
7676.12, 7.953599, 0.566468, 13.03255, 21.3744
12099.39, 8.534464, 0.94454, 12.53636, 11.6027
17124.98, 7.941638, 0.584512, 10.99721, 19.3704
7635.52, 8.027206, 0.609903, 13.17217, 10.4116
18861.37, 8.513402, 0.939404, 11.74129, 11.4211
7393.29, 7.995491, 0.590196, 13.22468, 13.0872
13611.19, 8.213704, 0.739996, 11.82218, 14.1923
5326.58, 8.019357, 0.594402, 14.59143, 28.3124
5159.55, 7.92704, 0.53759, 14.61633, 23.7481
5827.7, 7.946879, 0.555307, 14.08651, 10.758
5734.79, 7.783658, 0.472959, 13.92961, 11.4754
5142.57, 7.889591, 0.515953, 14.59151, 16.4986
4281.95, 7.854209, 0.491256, 15.40801, 15.4972
10456.39, 7.971568, 0.585078, 12.00037, 13.032
6884.96, 8.103435, 0.654798, 13.65098, 10.15
11821.25, 8.139909, 0.689983, 11.94039, 28.872
7312.39, 7.983898, 0.583085, 13.2634, 10.4464
12395.72, 8.788231, 1.095063, 12.95363, 11.2854
8898.12, 8.191344, 0.715674, 12.86636, 13.8318
8540.76, 7.517246, 0.383305, 12.00292, 11.8167
5444.32, 8.203596, 0.712637, 14.75286, 11.2939
10709.2, 8.410043, 0.861962, 12.63246, 11.4286
5769.4, 8.091745, 0.642945, 14.32174, 14.5486
17904.62, 9.023293, 1.210033, 12.81647, 14.2096
4998.53, 7.899756, 0.520424, 14.74848, 10.5235
5204.97, 8.116903, 0.654447, 14.83334, 14.3613
4307.95, 7.85578, 0.492207, 15.38324, 19.8326
5290.86, 7.862755, 0.502733, 14.4151, 14.5582
6490.61, 8.284298, 0.770803, 14.13628, 11.2888
6183.6, 8.132552, 0.670808, 14.09967, 12.269
4803.15, 7.997108, 0.576873, 15.06822, 11.578
6783.55, 8.409097, 0.854493, 14.16742, 10.7742
6191.46, 8.822251, 1.10854, 15.23994, 12.6745
5358.6, 7.796877, 0.468157, 14.2744, 10.1963
22012.07, 8.895596, 1.155884, 12.19961, 14.4274
5253.53, 8.220146, 0.722213, 14.93719, 15.1962
8398.95, 8.35044, 0.818618, 13.31839, 19.4853
5917.63, 8.332167, 0.800834, 14.5692, 16.3948
6322.23, 8.420604, 0.861131, 14.45182, 10.0498
20236.41, 7.916808, 0.578527, 10.6731, 10.5784
6635.7, 8.243313, 0.744162, 13.99031, 11.3672
6616.76, 8.180199, 0.702949, 13.90665, 11.8223
4999.91, 7.923568, 0.534173, 14.77265, 11.6835
8737.82, 8.553279, 0.951882, 13.53661, 10.4934
4269.46, 7.692482, 0.422505, 15.19092, 13.758
7803.72, 8.130084, 0.673961, 13.22214, 39.5963
14405.72, 8.03347, 0.630826, 11.46172, 12.6587
6341.79, 8.050528, 0.620093, 13.87501, 13.221
10703.63, 8.156282, 0.697682, 12.212, 13.9564
5041.92, 8.15039, 0.675098, 15.03619, 20.7838
7536.17, 8.302616, 0.785351, 13.61525, 10.0127
7905.78, 8.415617, 0.860831, 13.62865, 13.8987
9057.42, 8.19134, 0.716053, 12.80549, 10.9513
6417.15, 7.922435, 0.544336, 13.65702, 10.382
6765.96, 8.047187, 0.61955, 13.62107, 21.5552
6109.52, 7.938186, 0.551935, 13.87143, 13.6384
5391.63, 8.016725, 0.593504, 14.52378, 14.0356
5569.42, 8.150573, 0.67913, 14.56213, 17.6606
9263.67, 8.268921, 0.76676, 12.8525, 11.9003
8105.82, 8.252246, 0.753375, 13.28408, 18.9457
6511.0, 8.257965, 0.753448, 14.07452, 15.7213
6537.0, 8.051687, 0.621551, 13.75863, 22.091
5283.69, 8.454873, 0.880174, 15.27975, 11.934
6451.14, 8.062749, 0.628049, 13.82527, 20.1533
6932.99, 7.972347, 0.575118, 13.42802, 24.1178
8472.16, 8.180834, 0.7079, 13.0206, 10.4158
7661.18, 8.353498, 0.819274, 13.63655, 13.258
10228.58, 8.124184, 0.676412, 12.29075, 15.08
5820.71, 8.474571, 0.895574, 14.87023, 14.8695
4869.66, 8.01314, 0.587025, 15.01685, 14.9392
5433.1, 8.050543, 0.614705, 14.53534, 11.1946
6567.73, 8.133352, 0.672745, 13.85743, 14.9639
5458.43, 7.944712, 0.551218, 14.37036, 11.5231
6953.46, 8.29129, 0.776621, 13.88293, 13.3191
8638.27, 8.169492, 0.701054, 12.93586, 13.0416
4838.76, 8.265401, 0.750806, 15.40229, 12.6561
5607.42, 8.518213, 0.923542, 15.10829, 12.0924
6006.12, 7.99684, 0.585917, 14.01831, 13.4438
7368.55, 8.441281, 0.87688, 13.91777, 10.8813
7823.9, 8.138282, 0.679198, 13.23186, 10.4631
4554.08, 8.001633, 0.578746, 15.32944, 10.2565
5530.96, 7.998969, 0.58408, 14.37975, 10.5305
10408.7, 8.309828, 0.795866, 12.53788, 30.4948
7062.31, 8.415381, 0.859204, 14.02287, 19.1421
7903.66, 8.425933, 0.867641, 13.6491, 14.4912
9370.04, 7.97876, 0.586119, 12.36875, 12.9253
4825.11, 7.708738, 0.432644, 14.64159, 19.6871
19205.03, 8.067914, 0.661147, 10.97185, 40.7768
5158.26, 7.912034, 0.528908, 14.60796, 10.1311
4793.18, 7.803328, 0.476156, 14.80399, 11.0761
6451.57, 8.392886, 0.842981, 14.32942, 10.0891
6310.23, 8.156332, 0.686524, 14.04337, 21.8976
18402.6, 7.945535, 0.589649, 10.86948, 18.5227
7738.69, 7.913962, 0.543998, 12.95471, 14.5958
4683.92, 8.627699, 0.99225, 16.14061, 14.1456
3985.71, 7.542961, 0.358973, 15.28846, 10.1028
9724.54, 8.306022, 0.791988, 12.74448, 14.9948
6521.99, 8.006016, 0.593753, 13.70559, 14.9939
5477.11, 7.869227, 0.508403, 14.25633, 12.6894
6978.56, 8.217413, 0.72811, 13.7662, 10.2063
12033.6, 8.160545, 0.703353, 11.93436, 20.3609
4981.25, 8.082295, 0.630901, 14.99846, 20.3422
5265.17, 8.13504, 0.66655, 14.81284, 10.4053
10544.12, 8.246208, 0.754781, 12.38668, 57.2729
4496.74, 8.043147, 0.604397, 15.43159, 14.0162
5164.86, 8.306122, 0.77937, 15.15635, 11.5514
5396.59, 7.804624, 0.47266, 14.25123, 10.7731
7634.82, 8.350958, 0.817541, 13.65452, 10.4066
8027.08, 7.966105, 0.574811, 12.90127, 10.2176
15232.99, 8.640032, 1.013003, 12.33655, 15.6054
6472.82, 7.996249, 0.587715, 13.72605, 14.541
5701.02, 8.060652, 0.623079, 14.32987, 17.6124
6597.89, 8.052411, 0.62221, 13.72527, 12.95
10078.14, 8.338766, 0.814136, 12.69075, 15.8427
6439.05, 7.996181, 0.587541, 13.74304, 13.9233
7891.05, 8.366468, 0.828295, 13.56621, 10.4335
15558.83, 7.916136, 0.566819, 11.1455, 16.384
4903.21, 7.988894, 0.572365, 14.95086, 11.9865
4325.95, 7.732672, 0.439824, 15.18861, 13.3546
8943.12, 8.018454, 0.608386, 12.59098, 12.4359
5461.93, 8.735441, 1.058694, 15.6188, 13.5497
10108.76, 7.825643, 0.503443, 11.9022, 12.008
5224.59, 8.075978, 0.628568, 14.75893, 12.0395
4788.72, 7.936263, 0.540245, 14.99841, 18.1747
5269.53, 7.993478, 0.578083, 14.60439, 11.7341
10035.75, 8.638682, 1.006571, 13.22428, 19.4587
4813.58, 7.327028, 0.282429, 14.18117, 10.3392
5697.49, 8.218331, 0.724128, 14.55991, 12.6864
5769.85, 8.064143, 0.625687, 14.28246, 13.4862
4422.43, 7.668983, 0.413109, 15.0026, 19.6714
5581.1, 7.773053, 0.468354, 14.02996, 10.8666
17046.54, 7.883467, 0.552853, 10.93824, 10.7439
4908.17, 7.851925, 0.492757, 14.75655, 55.6107
7511.65, 8.067022, 0.633844, 13.26767, 37.3084
4858.87, 8.057303, 0.614497, 15.08743, 11.7589
6642.06, 8.343552, 0.810568, 14.13166, 16.2518
12375.23, 8.155798, 0.701067, 11.87865, 16.7435
7404.67, 8.655031, 1.013719, 14.27862, 10.1631
6673.19, 8.356487, 0.81925, 14.13435, 11.52
17080.9, 8.318331, 0.812707, 11.58043, 17.5944
6224.86, 8.394655, 0.843577, 14.46963, 11.1926
8331.26, 8.385005, 0.84133, 13.39547, 49.2084
6631.73, 7.966171, 0.570495, 13.58957, 13.5749
6037.24, 8.069127, 0.630215, 14.10579, 10.824
8372.88, 8.285568, 0.775795, 13.22316, 10.3277
6931.48, 9.224176, 1.278132, 15.65069, 11.2857
6377.47, 8.200743, 0.715498, 14.06623, 16.7313
5395.38, 8.002835, 0.585117, 14.50303, 16.8811
4917.44, 7.353022, 0.291767, 14.09133, 15.3732
17583.41, 9.056568, 1.22322, 12.92086, 12.9334
8329.12, 7.806509, 0.48761, 12.54674, 10.3331
5645.54, 8.086841, 0.639065, 14.41062, 14.8825
6200.14, 8.325252, 0.797176, 14.36759, 17.0572
6361.37, 8.270824, 0.761499, 14.18292, 10.1618
6314.53, 8.10093, 0.651322, 13.96116, 17.5104
9351.58, 7.99173, 0.593674, 12.39441, 13.3998
5047.12, 7.975263, 0.56511, 14.78976, 16.4546
8745.13, 7.704081, 0.449615, 12.21125, 24.8803
7803.88, 7.898691, 0.535633, 12.90197, 11.406
20948.29, 8.005235, 0.628752, 10.72673, 18.4791
7954.86, 8.465423, 0.893739, 13.69316, 13.2293
7027.06, 8.21449, 0.726325, 13.72847, 12.2031
5825.96, 8.516772, 0.923474, 14.93508, 10.0438
5010.77, 7.980137, 0.567769, 14.83238, 10.0149
5511.27, 8.008623, 0.589753, 14.41027, 22.1519
6929.43, 8.265052, 0.759236, 13.85537, 10.3085
5361.79, 8.311514, 0.783971, 14.98147, 11.0231
5954.05, 8.359668, 0.819364, 14.58616, 10.3692
4371.62, 7.843421, 0.485516, 15.30617, 19.6876
17047.32, 8.338732, 0.825704, 11.62321, 10.4267
12187.72, 8.09842, 0.665108, 11.81699, 14.3041
20708.49, 8.303825, 0.808888, 11.21243, 11.8602
4851.99, 7.968818, 0.559951, 14.97616, 12.9103
4831.89, 7.857966, 0.495575, 14.85314, 12.9907
5636.54, 8.351399, 0.812439, 14.81154, 15.6946
12359.19, 7.5646, 0.414742, 11.01115, 11.7059
5819.6, 7.570159, 0.387663, 13.54367, 19.0333
6017.86, 7.919173, 0.540488, 13.90879, 11.473
6667.14, 8.386496, 0.839213, 14.1879, 10.712
4556.69, 7.964485, 0.556149, 15.26923, 13.4986
6839.88, 7.998324, 0.59022, 13.51706, 13.9153
5597.41, 8.353939, 0.813918, 14.84725, 14.348
8942.25, 8.512117, 0.925687, 13.37391, 19.7213
3939.65, 7.807163, 0.474129, 15.6511, 12.0144
6126.38, 8.519225, 0.925912, 14.73082, 11.8296
5928.43, 8.252472, 0.74779, 14.43923, 10.2523
6726.19, 8.059736, 0.627137, 13.66595, 11.4207
9513.87, 8.08172, 0.648283, 12.47274, 10.4136
6173.81, 8.003919, 0.591035, 13.91838, 11.9817
5430.16, 8.220422, 0.723606, 14.782, 13.1405
15023.09, 8.128451, 0.689371, 11.51395, 17.6591
6180.73, 7.660004, 0.424073, 13.43813, 15.9852
5308.68, 8.279169, 0.761939, 14.9779, 10.7859
7467.56, 7.89376, 0.531798, 13.05153, 15.1442
6909.62, 8.362261, 0.823621, 14.01591, 15.6867
11047.75, 8.256048, 0.762211, 12.28014, 10.8632
4802.72, 7.80138, 0.464549, 14.81519, 12.7932
12937.16, 7.979202, 0.595831, 11.55372, 10.3519
5984.28, 8.069354, 0.630089, 14.12564, 31.388
7825.18, 7.800363, 0.482744, 12.76006, 12.4845
5888.06, 8.376455, 0.830353, 14.66935, 10.5846
4918.12, 7.947733, 0.547757, 14.88343, 12.85
5216.82, 8.445684, 0.873794, 15.32473, 13.8469
4792.38, 7.783302, 0.466533, 14.77726, 11.3181
6718.79, 8.189718, 0.709414, 13.856, 11.7673
6532.49, 8.454525, 0.884141, 14.38275, 10.1487
6078.57, 8.362139, 0.821429, 14.50407, 14.8315
6710.17, 8.266561, 0.759676, 13.9842, 10.4641
6261.02, 7.606792, 0.404707, 13.29363, 14.4077
4906.37, 8.149594, 0.673962, 15.16838, 10.4774
14094.6, 7.918537, 0.564522, 11.3196, 14.4538
4753.76, 8.11428, 0.650493, 15.27199, 14.7687
5455.07, 8.183474, 0.699551, 14.70637, 11.9291
13328.44, 8.612611, 0.994568, 12.48864, 10.3019
6981.24, 8.375282, 0.832424, 14.00033, 10.179
6426.8, 8.298379, 0.779967, 14.18531, 11.4045
5699.93, 8.319574, 0.791447, 14.71109, 11.704
4720.07, 7.759927, 0.454636, 14.82171, 14.0728
5139.82, 8.182809, 0.696881, 14.98959, 12.8612
6881.55, 7.574884, 0.396081, 12.8935, 12.4812
7102.83, 8.013188, 0.599921, 13.39635, 19.6685
4984.26, 7.893083, 0.516494, 14.74567, 12.5597
5717.99, 8.371403, 0.82626, 14.77922, 10.8135
4643.58, 8.162633, 0.681745, 15.45052, 10.4542
5428.88, 8.023054, 0.597759, 14.50068, 12.1928
9927.25, 7.73568, 0.46435, 11.8074, 42.7246
4770.22, 8.109695, 0.647583, 15.24485, 12.0625
6864.11, 8.427272, 0.866721, 14.14374, 19.1221
7914.45, 8.390146, 0.844006, 13.58126, 27.2148
5450.99, 7.933981, 0.544898, 14.36186, 12.61
7415.27, 9.260266, 1.28905, 15.49696, 12.6762
6305.36, 7.506246, 0.368128, 13.13567, 10.4469
4619.89, 7.840319, 0.484712, 15.06051, 10.1479
7605.69, 8.469202, 0.895674, 13.86254, 11.0195
6624.49, 7.940476, 0.555511, 13.5624, 12.9044
4780.41, 7.849273, 0.490441, 14.89793, 18.5537
5123.14, 7.823272, 0.479164, 14.51788, 24.3753
5151.98, 7.876165, 0.508494, 14.56812, 11.7037
5460.26, 8.308811, 0.782736, 14.89176, 15.8768
6764.57, 8.397633, 0.846833, 14.15903, 10.1968
5213.95, 7.366489, 0.300477, 13.80869, 13.9231
4186.77, 7.701274, 0.425909, 15.28331, 12.889
4479.86, 7.789211, 0.467034, 15.10698, 13.3615
6842.27, 8.383548, 0.837631, 14.08633, 18.0815
10002.9, 8.235572, 0.746718, 12.55242, 10.4535
15314.99, 8.01773, 0.623637, 11.31342, 17.2988
11928.7, 8.533706, 0.943826, 12.5582, 14.2093
5010.6, 7.907694, 0.525079, 14.73791, 16.5748
4702.64, 7.887072, 0.511297, 15.03036, 10.3358
5178.26, 7.975995, 0.566654, 14.6647, 13.7973
6997.17, 8.312248, 0.790602, 13.90182, 11.242
8845.6, 8.503215, 0.919773, 13.40756, 12.3382
4954.27, 7.921963, 0.532883, 14.82013, 10.3749
5855.29, 7.917427, 0.538473, 14.02047, 14.133
5588.74, 7.925271, 0.541067, 14.23613, 14.6947
5653.7, 8.210947, 0.719017, 14.58163, 28.0929
5384.31, 8.060643, 0.620466, 14.60142, 12.3755
9719.5, 7.967409, 0.580521, 12.22311, 37.1593
4765.92, 8.120205, 0.654365, 15.26721, 13.742
4435.05, 7.745308, 0.446443, 15.09262, 16.9576
6646.82, 7.772137, 0.464051, 13.32225, 21.0789
5619.72, 8.486963, 0.90295, 15.04501, 22.5341
20360.81, 9.048294, 1.221124, 12.64276, 31.9724
4733.17, 8.165227, 0.683688, 15.37085, 10.5684
19506.02, 7.898373, 0.56691, 10.68853, 45.933
16289.36, 7.890498, 0.554734, 11.10097, 11.4644
5347.38, 8.007309, 0.587297, 14.56128, 10.6442
6195.26, 8.216936, 0.72542, 14.21396, 11.1211
5204.37, 7.825269, 0.4812, 14.45161, 10.2887
5535.51, 8.366999, 0.822303, 14.91864, 15.0781
4891.48, 8.24034, 0.734079, 15.32105, 10.7365
11534.21, 8.808697, 1.105313, 13.1499, 14.7865
5065.88, 7.919996, 0.53265, 14.70042, 19.9114
4720.38, 7.956506, 0.551957, 15.09313, 15.8699
9128.1, 8.025637, 0.613198, 12.53049, 14.4332
5460.27, 7.898175, 0.524462, 14.30112, 43.8253
5005.61, 8.095573, 0.639498, 14.9947, 12.7683
4413.28, 8.013324, 0.585583, 15.48557, 10.5553
7238.01, 7.950639, 0.563396, 13.24241, 17.1611
5360.9, 8.229335, 0.728988, 14.85752, 13.4988
14578.47, 7.956246, 0.586703, 11.31524, 17.4294
5318.05, 7.874493, 0.509586, 14.41199, 10.7667
17233.54, 8.184056, 0.727954, 11.36167, 10.6068
4694.48, 7.912924, 0.526149, 15.06829, 10.7443
5969.67, 8.0412, 0.612625, 14.12381, 10.043
5118.5, 7.936111, 0.542491, 14.66639, 25.5798
5856.03, 8.138797, 0.673299, 14.33315, 10.323
4961.17, 8.218184, 0.719482, 15.22028, 12.1469
5497.26, 8.043909, 0.611214, 14.47052, 15.468
8974.94, 7.92487, 0.553951, 12.45407, 10.3546
5211.44, 8.219406, 0.721481, 14.98441, 10.2339
4898.54, 7.801471, 0.4653, 14.7175, 17.4951
6183.23, 8.153212, 0.684021, 14.12807, 12.6953
4845.22, 7.852195, 0.492455, 14.83438, 13.4069
9251.13, 8.607472, 0.986533, 13.44582, 10.82
5625.63, 8.098136, 0.646047, 14.44114, 20.2558
6976.55, 8.689602, 1.034151, 14.55174, 12.3776
5484.89, 8.00363, 0.586501, 14.42639, 18.9034
6489.88, 7.489834, 0.363492, 13.02963, 11.1301
7930.54, 8.051318, 0.625373, 13.05701, 15.1416
4235.85, 7.974728, 0.561476, 15.60915, 11.1727
12434.1, 8.050414, 0.636535, 11.71911, 11.7985
5291.97, 8.124302, 0.659845, 14.78178, 10.2685
5696.78, 8.394594, 0.841701, 14.83053, 26.0127
8105.05, 7.96922, 0.576865, 12.87405, 12.1486
6213.48, 8.282759, 0.76893, 14.2931, 24.3229
4700.14, 8.199964, 0.706605, 15.44605, 26.4215
6754.85, 8.360458, 0.822081, 14.09438, 24.6383
20545.91, 7.979178, 0.61325, 10.72645, 12.5685
11900.65, 8.140605, 0.69059, 11.93022, 17.96
5094.46, 8.090486, 0.636802, 14.90266, 14.634
5058.24, 7.815846, 0.474492, 14.58217, 11.2388
6070.15, 8.257367, 0.75158, 14.35685, 11.0089
17297.34, 7.933377, 0.580369, 10.98695, 10.1813
8276.1, 8.009824, 0.601337, 12.85114, 13.568
6554.67, 9.222698, 1.277586, 15.86796, 10.5769
4824.14, 8.236363, 0.731233, 15.37439, 35.628
10348.84, 8.299982, 0.789316, 12.54968, 13.114
4914.69, 8.297933, 0.77298, 15.37578, 19.223
10318.62, 8.231576, 0.744837, 12.44874, 11.2085
5213.22, 7.964136, 0.559924, 14.62501, 10.6806
6129.9, 7.947605, 0.557504, 13.87911, 11.2311
5272.73, 8.158862, 0.68204, 14.83948, 13.3838
4317.23, 7.719288, 0.433994, 15.18826, 11.6061
8693.35, 8.310298, 0.792701, 13.14517, 11.1424
16154.46, 8.285791, 0.790423, 11.62844, 21.3939
5016.42, 7.805308, 0.46844, 14.60211, 16.0382
8699.03, 8.423604, 0.867404, 13.32911, 10.6058
5386.35, 8.282137, 0.76438, 14.91395, 11.2657
7462.19, 8.342126, 0.811361, 13.71879, 10.6217
5145.09, 7.935881, 0.542601, 14.64247, 19.2658
5292.26, 7.885524, 0.515425, 14.44827, 11.5539
7694.99, 8.285783, 0.774558, 13.52373, 11.5866
8753.07, 8.008637, 0.601997, 12.65954, 11.4465
7391.69, 7.956241, 0.567123, 13.18294, 11.945
16429.11, 8.326558, 0.81696, 11.66557, 12.7825
8500.73, 7.933331, 0.557346, 12.64376, 15.7654
17620.49, 8.003204, 0.620247, 11.04751, 10.1728
8629.51, 7.976113, 0.582447, 12.66366, 10.6528
5733.39, 8.194598, 0.708763, 14.49693, 12.5991
4928.57, 8.097659, 0.640439, 15.08059, 10.4512
11735.55, 8.10348, 0.667227, 11.90432, 11.8341
10713.38, 8.235647, 0.748329, 12.3453, 10.5623
7432.14, 8.206285, 0.721938, 13.51359, 18.0023
4419.82, 7.794412, 0.469321, 15.1759, 20.6369
7022.85, 7.911329, 0.540206, 13.30223, 12.8137
4771.29, 7.757655, 0.454342, 14.7728, 10.8564
9444.59, 8.318494, 0.799585, 12.86564, 12.7838
5060.41, 8.470241, 0.889884, 15.51735, 10.402
4673.13, 8.369674, 0.821198, 15.73419, 11.7421
4802.26, 7.955412, 0.55167, 15.00921, 17.0444
7216.65, 7.996618, 0.590343, 13.31513, 15.3329
9803.19, 7.990588, 0.594285, 12.24155, 10.195
8036.79, 7.968771, 0.576395, 12.89921, 13.5099
6109.36, 8.417792, 0.858691, 14.58148, 10.0291
5527.2, 8.098411, 0.645501, 14.53013, 10.6239
10408.52, 8.339268, 0.815111, 12.58317, 19.9749
7736.91, 8.637217, 1.003156, 14.08863, 13.691
6235.3, 8.219401, 0.727186, 14.19253, 10.6255
6200.38, 8.269591, 0.76015, 14.28195, 15.4741
6954.99, 8.241642, 0.743903, 13.8156, 11.401
5286.27, 7.985471, 0.573447, 14.5858, 10.2698
6355.22, 8.197915, 0.71358, 14.08583, 10.5405
4287.26, 7.93919, 0.540269, 15.50423, 15.9015
8033.52, 8.149608, 0.686897, 13.15565, 14.4987
10764.74, 8.432985, 0.877029, 12.6408, 14.6146
4637.44, 7.519033, 0.352054, 14.58628, 24.7173
4952.01, 7.585525, 0.381858, 14.35199, 10.5811
4958.13, 7.92948, 0.537295, 14.82599, 12.7836
4292.26, 7.707568, 0.429144, 15.18592, 16.0286
6497.95, 8.2458, 0.745393, 14.06182, 23.3778
8235.95, 8.327032, 0.802861, 13.35338, 10.1774
5684.25, 8.120296, 0.660495, 14.43413, 10.2006
9675.95, 8.180859, 0.71082, 12.55878, 21.5098
7970.44, 8.21715, 0.730185, 13.29625, 10.0888
16155.0, 7.964698, 0.595155, 11.13677, 19.5956
7037.2, 8.162858, 0.692948, 13.65441, 10.3056
6536.32, 7.948147, 0.559625, 13.62929, 11.1537
7006.51, 8.434914, 0.87205, 14.09388, 12.1535
5597.85, 7.997728, 0.583853, 14.33275, 13.1037
6813.64, 8.29431, 0.778287, 13.96985, 14.4764
5250.12, 7.996823, 0.579899, 14.62703, 19.4627
5474.97, 8.020554, 0.596688, 14.45948, 19.2917
8559.99, 8.302482, 0.787295, 13.18356, 11.6308
4858.81, 7.248839, 0.26082, 14.02503, 11.8349
9311.93, 7.931971, 0.55898, 12.33613, 11.4271
4988.4, 7.948459, 0.548685, 14.82155, 11.5909
5589.71, 8.002883, 0.5869, 14.34721, 11.4402
4485.75, 7.870798, 0.501211, 15.22528, 14.533
6318.58, 8.034958, 0.610465, 13.87714, 10.4088
5101.38, 8.027153, 0.597135, 14.80659, 15.3219
5355.01, 8.005149, 0.586072, 14.53845, 28.5322
5030.4, 7.926278, 0.536, 14.7508, 11.8536
5530.04, 8.63998, 1.0012, 15.39877, 10.5298
5544.48, 8.226892, 0.728784, 14.70317, 11.1574
5313.52, 8.841295, 1.117367, 15.96036, 12.0288
11037.26, 8.251735, 0.7594, 12.27726, 22.4446
4415.91, 7.877878, 0.504995, 15.30045, 61.7604
5942.34, 8.141463, 0.675421, 14.27426, 12.5711
5149.12, 8.164325, 0.684809, 14.95252, 18.7333
5437.29, 8.142629, 0.672913, 14.67056, 10.8448
9988.32, 7.934682, 0.56255, 12.10279, 10.0315
7783.99, 8.417989, 0.862191, 13.69713, 10.0758
5317.87, 7.56049, 0.376181, 13.96123, 11.0165
19793.48, 7.935742, 0.587625, 10.73103, 10.0127
5114.67, 7.914796, 0.530078, 14.65416, 10.6006
6618.64, 8.276815, 0.766203, 14.04561, 11.1876
7044.91, 8.222259, 0.731437, 13.73889, 10.991
4904.01, 7.946187, 0.54675, 14.89843, 14.7798
6513.3, 7.979639, 0.577997, 13.67773, 11.872
4812.17, 7.80615, 0.467157, 14.81181, 17.9058
4595.1, 7.705054, 0.429178, 14.88309, 12.9186
7435.84, 7.958971, 0.568846, 13.1628, 13.387
